Trade Date,Symbol,Series,Security Name,Category,Last Trade Date,Face Value(Rs.),Issue Size,Close Price/Paid up value(Rs.),Market Cap(Rs.)              
05 FEB 2026,20MICRONS,EQ,20 MICRONS LTD           ,Listed    ,05 FEB 2026,               5.00,          35286502,            168.35,     5940129746.70 
05 FEB 2026,21STCENMGM,EQ,21ST CENTURY MGMT SERVICE,Listed    ,05 FEB 2026,              10.00,          10500000,             40.20,      422205000.00
05 FEB 2026,360ONE,EQ,360 ONE WAM LIMITED      ,Listed    ,05 FEB 2026,               1.00,         405057728,           1140.80,   462089856102.40    
05 FEB 2026,3IINFOLTD,EQ,3I INFOTECH LIMITED      ,Listed    ,05 FEB 2026,              10.00,         207396267,             15.30,     3177310810.45 
05 FEB 2026,3MINDIA,EQ,3M INDIA LIMITED         ,Listed    ,05 FEB 2026,              10.00,          11265070,          35450.00,   399346731500.00   
05 FEB 2026,3PLAND,EQ,3P LAND HOLDINGS LIMITED ,Listed    ,05 FEB 2026,               2.00,          18000000,             35.15,      632340000.00    
05 FEB 2026,5PAISA,EQ,5PAISA CAPITAL LIMITED   ,Listed    ,05 FEB 2026,              10.00,          31242338,            333.90,    10431816658.20    
05 FEB 2026,63MOONS,EQ,63 MOONS TECHNOLOGIES LTD,Listed    ,05 FEB 2026,               2.00,          46078537,            643.85,    29667666047.45   
05 FEB 2026,A2ZINFRA,EQ,A2Z INFRA ENGINEERING LTD,Listed    ,05 FEB 2026,              10.00,         176119858,             14.25,     2509707976.50  
05 FEB 2026,AAATECH,BE,AAA TECHNOLOGIES LIMITED ,Listed    ,05 FEB 2026,              10.00,          12826800,            101.00,     1295635068.00   
05 FEB 2026,AADHARHFC,EQ,AADHAR HOUSING FINANCE L ,Listed    ,05 FEB 2026,              10.00,         433796312,            472.55,   204990447235.60 
05 FEB 2026,AAKAAR,SM,AAKAAR MEDICAL TECHNO LTD,Listed    ,05 FEB 2026,              10.00,          14172816,             51.00,      722813616.00    
05 FEB 2026,AAKASH,EQ,AAKASH EXPLORATION SER L ,Listed    ,05 FEB 2026,               1.00,         101250000,              7.90,      800887500.00    
05 FEB 2026,AARADHYA,SM,AARADHYA DISPOSAL INDUS L,Listed    ,05 FEB 2026,              10.00,          14138000,            114.00,     1611732000.00  
05 FEB 2026,AAREYDRUGS,EQ,AAREY DRUGS & PHARM LTD  ,Listed    ,05 FEB 2026,              10.00,          28354303,             65.60,     1860325819.85
05 FEB 2026,AARON,EQ,AARON INDUSTRIES LIMITED ,Listed    ,05 FEB 2026,              10.00,          20946478,            164.15,     3438573828.50     
05 FEB 2026,AARTECH,EQ,AARTECH SOLONICS LIMITED ,Listed    ,05 FEB 2026,               5.00,          31770376,             46.30,     1470333001.30   
05 FEB 2026,AARTIDRUGS,EQ,AARTI DRUGS LTD.         ,Listed    ,05 FEB 2026,              10.00,          91270000,            374.90,    34217123000.00
05 FEB 2026,AARTIIND,EQ,AARTI INDUSTRIES LTD     ,Listed    ,05 FEB 2026,               5.00,         362593869,            453.60,   164472578978.40  
05 FEB 2026,AARTIPHARM,EQ,AARTI PHARMALABS LIMITED ,Listed    ,05 FEB 2026,               5.00,          90647294,            783.35,    71008557754.90
05 FEB 2026,AARTISURF,EQ,AARTI SURFACTANTS LIMITED,Listed    ,05 FEB 2026,              10.00,           8458495,            421.35,     3563986868.25 
05 FEB 2026,AARVI,EQ,AARVI ENCON LIMITED      ,Listed    ,05 FEB 2026,              10.00,          14810700,            127.75,     1892363139.00     
05 FEB 2026,AATMAJ,SM,AATMAJ HEALTHCARE LIMITED,Listed    ,05 FEB 2026,               5.00,          22600000,             21.75,      491550000.00    
05 FEB 2026,AAVAS,EQ,AAVAS FINANCIERS LIMITED ,Listed    ,05 FEB 2026,              10.00,          79179511,           1379.50,   109228135424.50     
05 FEB 2026,ABAN,BE,ABAN OFFSHORE LTD.       ,Listed    ,05 FEB 2026,               2.00,          58365323,             20.65,     1204076613.50      
05 FEB 2026,ABB,EQ,ABB INDIA LIMITED        ,Listed    ,05 FEB 2026,               2.00,         211908375,           5770.00,  1222711323750.00       
05 FEB 2026,ABBOTINDIA,EQ,ABBOTT INDIA LIMITED     ,Permitted ,05 FEB 2026,              10.00,          21249302,          27215.00,   578299753930.00
05 FEB 2026,ABCAPITAL,EQ,ADITYA BIRLA CAPITAL LTD.,Listed    ,05 FEB 2026,              10.00,        2617145082,            344.65,   901999052511.30 
05 FEB 2026,ABCOTS,EQ,A B COTSPIN INDIA LIMITED,Listed    ,05 FEB 2026,              10.00,          21963620,            424.25,     9318065785.00    
05 FEB 2026,ABDL,EQ,ALLIED BLEND N DISTILS L ,Listed    ,05 FEB 2026,               2.00,         279710151,            514.95,   144036742257.45      
05 FEB 2026,ABFRL,EQ,ADITYA BIRLA FASHION & RT,Listed    ,05 FEB 2026,              10.00,        1220492475,             70.90,    86520711552.75     
05 FEB 2026,ABHAPOWER,SM,ABHA POWER N STEEL LTD   ,Listed    ,04 FEB 2026,              10.00,          18587830,             34.25,      636633177.50 
05 FEB 2026,ABINFRA,EQ,A B INFRABUILD LIMITED   ,Listed    ,05 FEB 2026,               1.00,         638789360,             21.00,    13408188666.40   
05 FEB 2026,ABLBL,EQ,ADITYA BIRLA LIFES BRAN L,Listed    ,05 FEB 2026,              10.00,        1220504009,            114.10,   139247302386.80     
05 FEB 2026,ABMINTLLTD,EQ,ABM INTERNATIONAL LTD    ,Listed    ,05 FEB 2026,              10.00,           9408000,             41.75,      392784000.00
05 FEB 2026,ABNINT,IT,A B N INTERCORP LIMITED  ,Listed    ,Not Traded ,              10.00,            419532,            200.00,       83906400.00    
05 FEB 2026,ABREL,EQ,ADITYA BIRLA REAL EST LTD,Listed    ,05 FEB 2026,              10.00,         111695680,           1303.50,   145595318880.00     
05 FEB 2026,ABSLAMC,EQ,ADIT BIRL SUN LIF AMC LTD,Listed    ,05 FEB 2026,               5.00,         288777425,            809.75,   233837519893.75   
05 FEB 2026,ABSMARINE,SM,ABS MARINE SERVICES LTD  ,Listed    ,05 FEB 2026,              10.00,          24550000,            176.80,     4340440000.00 
05 FEB 2026,ACC,EQ,ACC LIMITED              ,Listed    ,05 FEB 2026,              10.00,         187787263,           1676.20,   314769010240.60       
05 FEB 2026,ACCELYA,EQ,ACCELYA SOLN INDIA LTD   ,Listed    ,05 FEB 2026,              10.00,          14926261,           1365.30,    20378824143.30   
05 FEB 2026,ACCENTMIC,SM,ACCENT MICROCELL LIMITED ,Listed    ,05 FEB 2026,              10.00,          23989020,            322.70,     7741256754.00 
05 FEB 2026,ACCORD,SM,ACCORD SYNERGY LIMITED   ,Listed    ,03 FEB 2026,              10.00,           3472000,             28.00,       97216000.00    
05 FEB 2026,ACCPL,ST,ACCRETION PHARMA LIMITED ,Listed    ,05 FEB 2026,              10.00,          11116000,             69.60,      773673600.00     
05 FEB 2026,ACCURACY,EQ,ACCURACY SHIPPING LIMITED,Listed    ,05 FEB 2026,               1.00,         150560000,              5.20,      781406400.00  
05 FEB 2026,ACE,EQ,ACTION CONST EQUIP LTD   ,Listed    ,05 FEB 2026,               2.00,         119083196,            895.20,   106603277059.20       
05 FEB 2026,ACEINTEG,EQ,ACE INTEGRATED SOLU. LTD.,Listed    ,05 FEB 2026,              10.00,          10200000,             19.80,      201756000.00  
05 FEB 2026,ACI,EQ,ARCHEAN CHEMICAL IND LTD ,Listed    ,05 FEB 2026,               2.00,         123458394,            596.15,    73599721583.10       
05 FEB 2026,ACL,EQ,ANDHRA CEMENTS LIMITED   ,Listed    ,05 FEB 2026,              10.00,          92172140,             58.65,     5404052568.20       
05 FEB 2026,ACMESOLAR,EQ,ACME SOLAR HOLDINGS LTD  ,Listed    ,05 FEB 2026,               2.00,         605971804,            227.10,   137622256406.45 
05 FEB 2026,ACTIVEINFR,SM,ACTIVE INFRASTRUCTURES L ,Listed    ,29 JAN 2026,               5.00,          15015016,            170.00,     2552552720.00
05 FEB 2026,ACUTAAS,EQ,ACUTAAS CHEMICALS LIMITED,Listed    ,05 FEB 2026,               5.00,          81871122,           1980.50,   162145757121.00   
05 FEB 2026,ADANIENSOL,EQ,ADANI ENERGY SOLUTION LTD,Listed    ,05 FEB 2026,              10.00,        1201282642,           1011.45,  1215037328250.90
05 FEB 2026,ADANIENT,EQ,ADANI ENTERPRISES LIMITED,Listed    ,05 FEB 2026,               1.00,        1154180729,           2236.60,  2581440618481.40  
05 FEB 2026,ADANIGREEN,EQ,ADANI GREEN ENERGY LTD   ,Listed    ,05 FEB 2026,              10.00,        1647176155,            967.15,  1593066418308.25
05 FEB 2026,ADANIPORTS,EQ,ADANI PORT & SEZ LTD     ,Listed    ,05 FEB 2026,               2.00,        2303959098,           1570.20,  3617676575679.60
05 FEB 2026,ADANIPOWER,EQ,ADANI POWER LTD          ,Listed    ,05 FEB 2026,               2.00,       19284694705,            153.45,  2959236402482.25
05 FEB 2026,ADDICTIVE,SM,ADDICTIVE LEARNING TECH L,Listed    ,05 FEB 2026,              10.00,          15909732,            104.10,     1656203101.20 
05 FEB 2026,ADFFOODS,EQ,ADF FOODS LIMITED        ,Listed    ,05 FEB 2026,               2.00,         109863595,            227.75,    25019236489.35  
05 FEB 2026,ADL,EQ,ARCHIDPLY DECOR LIMITED  ,Listed    ,05 FEB 2026,              10.00,           5566250,             71.90,      400324700.00       
05 FEB 2026,ADOR,EQ,ADOR WELDING LTD         ,Listed    ,05 FEB 2026,              10.00,          17402815,           1060.60,    18457425589.00      
05 FEB 2026,ADROITINFO,EQ,ADROIT INFOTECH LIMITED  ,Listed    ,05 FEB 2026,              10.00,          54177208,              9.95,      539604991.70
05 FEB 2026,ADSL,EQ,ALLIED DIGITAL SERV. LTD ,Listed    ,05 FEB 2026,               5.00,          56514128,            128.50,     7262065448.00      
05 FEB 2026,ADVAIT,EQ,ADVAIT ENRGY TRANSITION L,Listed    ,05 FEB 2026,              10.00,          10936777,           1518.30,    16605308519.10    
05 FEB 2026,ADVANCE,EQ,ADVANCE AGROLIFE LIMITED ,Listed    ,05 FEB 2026,              10.00,          64285720,            130.85,     8410500747.60   
05 FEB 2026,ADVANIHOTR,EQ,ADVANI HOT.& RES.(I) LTD ,Listed    ,05 FEB 2026,               2.00,          92438500,             56.05,     5180253540.00
05 FEB 2026,ADVENTHTL,EQ,ADVENT HOTELS INTERNATI L,Listed    ,05 FEB 2026,              10.00,          53942887,            214.05,    11545935533.50 
05 FEB 2026,ADVENZYMES,EQ,ADVANCED ENZYME TECH LTD ,Listed    ,05 FEB 2026,               2.00,         111926800,            291.20,    32593084160.00
05 FEB 2026,AEGISLOG,EQ,AEGIS LOGISTICS LIMITED  ,Listed    ,05 FEB 2026,               1.00,         351000000,            687.05,   241154550000.00  
05 FEB 2026,AEGISVOPAK,EQ,AEGIS VOPAK TERMINALS LTD,Listed    ,05 FEB 2026,              10.00,        1107991489,            228.90,   253608171917.20
05 FEB 2026,AEQUS,EQ,AEQUS LIMITED            ,Listed    ,05 FEB 2026,              10.00,         670665635,            139.75,    93738935803.95     
05 FEB 2026,AEROENTER,EQ,AEROFLEX ENTERPRISES LTD ,Listed    ,05 FEB 2026,               2.00,         113085000,             79.20,     8954070300.00 
05 FEB 2026,AEROFLEX,EQ,AEROFLEX INDUSTRIES LTD  ,Listed    ,05 FEB 2026,               2.00,         129320370,            188.00,    24309643152.60  
05 FEB 2026,AERON,SM,AERON COMPOSITE LIMITED  ,Listed    ,05 FEB 2026,              10.00,          17020000,            100.70,     1713914000.00     
05 FEB 2026,AERONEU,EQ,AEROFLEX NEU LIMITED     ,Listed    ,05 FEB 2026,              10.00,          25796000,             71.60,     1847251560.00   
05 FEB 2026,AESTHETIK,SM,AESTHETIK ENGINEERS LTD  ,Listed    ,05 FEB 2026,              10.00,          17220175,            101.95,     1755596841.25 
05 FEB 2026,AETHER,EQ,AETHER INDUSTRIES LIMITED,Listed    ,05 FEB 2026,              10.00,         132612818,           1022.00,   135530299996.00    
05 FEB 2026,AFCONS,EQ,AFCONS INFRASTRUCTURE LTD,Listed    ,05 FEB 2026,              10.00,         367784631,            338.45,   124476708361.95    
05 FEB 2026,AFFLE,EQ,AFFLE 3I LIMITED         ,Listed    ,05 FEB 2026,               2.00,         140695134,           1663.30,   234018216382.20     
05 FEB 2026,AFFORDABLE,EQ,AFFORD ROBO & AUTO LTD   ,Listed    ,05 FEB 2026,              10.00,          11246266,            190.55,     2143088448.95
05 FEB 2026,AFIL,EQ,AKME FINTRADE (INDIA) LTD,Listed    ,05 FEB 2026,               1.00,         426749960,              5.30,     2266042287.60      
05 FEB 2026,AFSL,EQ,ABANS FINANCIAL SRVCS LTD,Listed    ,05 FEB 2026,               2.00,          50658840,            201.30,    10198637668.80      
05 FEB 2026,AGARIND,EQ,AGARWAL INDS CORP LTD.   ,Listed    ,05 FEB 2026,              10.00,          14957789,            722.90,    10812985668.10   
05 FEB 2026,AGARWALEYE,EQ,DR AGARWALS HEALTH CARE L,Listed    ,05 FEB 2026,               1.00,         316470002,            456.45,   144452732412.90
05 FEB 2026,AGARWALFT,SM,AGARWAL FLOAT GLASS I LTD,Listed    ,02 FEB 2026,              10.00,           7243488,             31.00,      224548128.00 
05 FEB 2026,AGARWALTUF,SM,AGARWAL TOUGH GLASS IND L,Listed    ,05 FEB 2026,              10.00,          17674600,            100.50,     1776297300.00
05 FEB 2026,AGI,EQ,AGI GREENPAC LIMITED     ,Listed    ,05 FEB 2026,               2.00,          64697381,            593.75,    38414069968.75       
05 FEB 2026,AGIIL,EQ,AGI INFRA LIMITED        ,Listed    ,05 FEB 2026,               1.00,         122167200,            252.50,    30847218000.00     
05 FEB 2026,AGNI,SM,AGNI GREEN POWER LTD     ,Listed    ,05 FEB 2026,              10.00,          19534800,             18.95,      370184460.00      
05 FEB 2026,AGRITECH,BE,AGRI-TECH (INDIA) LIMITED,Listed    ,05 FEB 2026,              10.00,           5940000,            136.00,      807899400.00  
05 FEB 2026,AGROPHOS,EQ,AGRO PHOS INDIA LIMITED  ,Listed    ,05 FEB 2026,              10.00,          20274115,             36.05,      731084586.90  
05 FEB 2026,AGSTRA,BZ,AGS TRANSACT TECH LTD    ,Listed    ,05 FEB 2026,              10.00,         128433076,              3.85,      494467342.60    
05 FEB 2026,AGUL,SM,A G UNIVERSAL LIMITED    ,Listed    ,05 FEB 2026,              10.00,           5484000,             73.95,      405541800.00      
05 FEB 2026,AHCL,EQ,ANLON HEALTHCARE LIMITED ,Listed    ,05 FEB 2026,              10.00,          53151500,            123.80,     6580155700.00      
05 FEB 2026,AHIMSA,ST,AHIMSA INDUSTRIES LTD.   ,Listed    ,27 JAN 2026,              10.00,           5473990,             23.70,      129733563.00    
05 FEB 2026,AHLADA,EQ,AHLADA ENGINEERS LIMITED ,Listed    ,05 FEB 2026,              10.00,          12921000,             50.75,      655869960.00    
05 FEB 2026,AHLEAST,EQ,ASIAN HOTELS (EAST) LTD  ,Listed    ,05 FEB 2026,              10.00,          17291696,            144.30,     2495018815.85   
05 FEB 2026,AHLUCONT,EQ,AHLUWALIA CONT IND LTD   ,Listed    ,05 FEB 2026,               2.00,          66987560,            868.60,    58185394616.00  
05 FEB 2026,AIAENG,EQ,AIA ENGINEERING LIMITED  ,Listed    ,05 FEB 2026,               2.00,          93320370,           3967.00,   370201907790.00    
05 FEB 2026,AIIL,EQ,AUTHUM INVEST & INFRA LTD,Listed    ,05 FEB 2026,               1.00,         849225500,            499.40,   424103214700.00      
05 FEB 2026,AILIMITED,SM,ABHISHEK INTEGRATIONS LTD,Listed    ,05 FEB 2026,              10.00,           6021570,             25.00,      150539250.00 
05 FEB 2026,AIMTRON,ST,AIMTRON ELECTRONICS LTD  ,Listed    ,05 FEB 2026,              10.00,          20413825,            850.65,    17365020236.25   
05 FEB 2026,AIRAN,EQ,AIRAN LIMITED            ,Listed    ,05 FEB 2026,               2.00,         125020000,             14.85,     1856547000.00     
05 FEB 2026,AIROLAM,EQ,AIRO LAM LIMITED         ,Listed    ,05 FEB 2026,              10.00,          15002000,             91.50,     1372833020.00   
05 FEB 2026,AISL,SM,ANI INTEGRATED SERV LTD. ,Listed    ,05 FEB 2026,              10.00,          11687200,             75.60,      883552320.00      
05 FEB 2026,AJANTPHARM,EQ,AJANTA PHARMA LIMITED    ,Listed    ,05 FEB 2026,               2.00,         124935624,           2817.30,   351981133495.20
05 FEB 2026,AJAXENGG,EQ,AJAX ENGINEERING LIMITED ,Listed    ,05 FEB 2026,               1.00,         114406800,            498.75,    57060391500.00  
05 FEB 2026,AJMERA,EQ,AJMERA REALTY & INF I LTD,Listed    ,05 FEB 2026,               2.00,         196795650,            148.40,    29204474460.00    
05 FEB 2026,AJOONI,EQ,AJOONI BIOTECH LIMITED   ,Listed    ,05 FEB 2026,               2.00,         172243598,              5.15,      887054529.70    
05 FEB 2026,AKANKSHA,SM,AKANKSHA POWER N INFRA L ,Listed    ,05 FEB 2026,              10.00,          19580520,             71.95,     1408818414.00  
05 FEB 2026,AKASH,EQ,AKASH INFRA-PROJECTS LTD ,Listed    ,05 FEB 2026,              10.00,          16862534,             24.50,      412963457.65     
05 FEB 2026,AKG,EQ,AKG EXIM LIMITED         ,Listed    ,05 FEB 2026,              10.00,          31776576,             14.05,      446778658.55       
05 FEB 2026,AKI,EQ,AKI INDIA LIMITED        ,Listed    ,05 FEB 2026,               2.00,         103205956,              6.40,      662582237.50       
05 FEB 2026,AKIKO,ST,AKIKO GLOBAL SERVICES L  ,Listed    ,05 FEB 2026,              10.00,          10769600,            206.00,     2218537600.00     
05 FEB 2026,AKSHAR,EQ,AKSHAR SPINTEX LIMITED   ,Listed    ,05 FEB 2026,               1.00,         787468500,              0.50,      401608935.00    
05 FEB 2026,AKSHARCHEM,EQ,AKSHARCHEM INDIA LIMITED ,Listed    ,05 FEB 2026,              10.00,           8033099,            221.15,     1776600174.85
05 FEB 2026,AKSHOPTFBR,EQ,AKSH OPTIFIBRE LIMITED   ,Listed    ,05 FEB 2026,               5.00,         162697971,              5.40,      875315084.00
05 FEB 2026,AKUMS,EQ,AKUMS DRUGS AND PHARMA L ,Listed    ,05 FEB 2026,               2.00,         157393988,            447.65,    70457418728.20     
05 FEB 2026,AKZOINDIA,EQ,AKZO NOBEL INDIA LIMITED ,Listed    ,05 FEB 2026,              10.00,          45540314,           2823.30,   128573968516.20 
05 FEB 2026,ALANKIT,EQ,ALANKIT LIMITED          ,Listed    ,05 FEB 2026,               1.00,         271158100,              9.60,     2603117760.00   
05 FEB 2026,ALBERTDAVD,EQ,ALBERT DAVID LIMITED     ,Listed    ,05 FEB 2026,              10.00,           5707162,            695.20,     3967619022.40
05 FEB 2026,ALCODIS,SM,ALCOKRAFT DISTILLERIE LTD,Listed    ,05 FEB 2026,              10.00,          10250000,             76.05,      779512500.00   
05 FEB 2026,ALEMBICLTD,EQ,ALEMBIC LIMITED          ,Listed    ,05 FEB 2026,               2.00,         256781828,             97.00,    24902701679.45
05 FEB 2026,ALGOQUANT,EQ,ALGOQUANT FINTECH LIMITED,Listed    ,05 FEB 2026,               1.00,         281096028,             60.50,    17003498733.70 
05 FEB 2026,ALICON,EQ,ALICON CASTALLOY LIMITED ,Listed    ,05 FEB 2026,               5.00,          16336840,            737.15,    12042701606.00    
05 FEB 2026,ALIVUS,EQ,ALIVUS LIFE SCIENCES LTD ,Listed    ,05 FEB 2026,               2.00,         122681348,            925.65,   113559989776.20    
05 FEB 2026,ALKALI,EQ,ALKALI METALS LTD        ,Listed    ,05 FEB 2026,              10.00,          10182506,             69.90,      711553519.30    
05 FEB 2026,ALKEM,EQ,ALKEM LABORATORIES LTD.  ,Listed    ,05 FEB 2026,               2.00,         119565000,           5662.50,   677036812500.00     
05 FEB 2026,ALKYLAMINE,EQ,ALKYL AMINES CHEM. LTD   ,Listed    ,05 FEB 2026,               2.00,          51143977,           1554.40,    79498197848.80
05 FEB 2026,ALLCARGO,EQ,ALLCARGO LOGISTICS LTD   ,Listed    ,05 FEB 2026,               2.00,        1497778469,             10.70,    16011251833.60  
05 FEB 2026,ALLDIGI,EQ,ALLDIGI TECH LIMITED     ,Listed    ,05 FEB 2026,              10.00,          15238326,            887.90,    13530109655.40   
05 FEB 2026,ALLETEC,SM,ALL E TECHNOLOGIES LTD   ,Listed    ,05 FEB 2026,              10.00,          20194176,            182.65,     3688466246.40   
05 FEB 2026,ALLTIME,EQ,ALL TIME PLASTICS LIMITED,Listed    ,05 FEB 2026,               2.00,          65507778,            240.05,    15723831953.35   
05 FEB 2026,ALMONDZ,EQ,ALMONDZ GLOBAL SEC LTD   ,Listed    ,05 FEB 2026,               1.00,         173646754,             14.35,     2493567387.45   
05 FEB 2026,ALOKINDS,EQ,ALOK INDUSTRIES LIMITED  ,Listed    ,05 FEB 2026,               1.00,        4965240401,             16.15,    80287937284.15  
05 FEB 2026,ALPA,EQ,ALPA LABORATORIES LTD    ,Listed    ,05 FEB 2026,              10.00,          21040600,             69.60,     1464846572.00      
05 FEB 2026,ALPEXSOLAR,SM,ALPEX SOLAR LIMITED      ,Listed    ,05 FEB 2026,              10.00,          25543000,            783.25,    20006554750.00
05 FEB 2026,ALPHAGEO,EQ,ALPHAGEO (INDIA) LIMITED ,Listed    ,05 FEB 2026,              10.00,           6364767,            225.50,     1435127663.15  
05 FEB 2026,ALUWIND,SM,ALUWIND INFRA-TECH LTD   ,Listed    ,05 FEB 2026,              10.00,          24847420,             61.00,     1515692620.00   
05 FEB 2026,AMAGI,EQ,AMAGI MEDIA LABS LIMITED ,Listed    ,05 FEB 2026,               5.00,         216338944,            374.00,    80910765056.00     
05 FEB 2026,AMANTA,EQ,AMANTA HEALTHCARE LIMITED,Listed    ,05 FEB 2026,              10.00,          38829351,            104.40,     4054560831.40    
05 FEB 2026,AMBANIORGO,SM,AMBANI ORGOCHEM LIMITED  ,Listed    ,05 FEB 2026,              10.00,           7658659,            114.20,      874618857.80
05 FEB 2026,AMBER,EQ,AMBER ENTERPRISES (I) LTD,Listed    ,05 FEB 2026,              10.00,          35172042,           6399.50,   225083482779.00     
05 FEB 2026,AMBEY,SM,AMBEY LABORATORIES LTD   ,Listed    ,05 FEB 2026,              10.00,          24946819,             29.70,      740920524.30     
05 FEB 2026,AMBICAAGAR,EQ,AMBICA AGAR & AROMAINDLTD,Listed    ,05 FEB 2026,              10.00,          17177400,             23.75,      407619702.00
05 FEB 2026,AMBIKCO,EQ,AMBIKA COTTON MILL LTD.  ,Listed    ,05 FEB 2026,              10.00,           5725000,           1331.80,     7624555000.00   
05 FEB 2026,AMBUJACEM,EQ,AMBUJA CEMENTS LTD       ,Listed    ,05 FEB 2026,               2.00,        2471823478,            533.05,  1317605504947.90 
05 FEB 2026,AMCL,ST,ANB METAL CAST LIMITED   ,Listed    ,05 FEB 2026,              10.00,          11834780,            311.75,     3689492665.00      
05 FEB 2026,AMDIND,EQ,AMD INDUSTRIES LIMITED   ,Listed    ,05 FEB 2026,              10.00,          19166749,             43.90,      841420281.10    
05 FEB 2026,AMEYA,SM,AMEYA PRECISION ENG LTD  ,Listed    ,04 FEB 2026,              10.00,           7500000,             90.35,      677625000.00     
05 FEB 2026,AMIABLE,ST,AMIABLE LOGISTICS (I) LTD,Listed    ,16 JAN 2026,              10.00,           1748200,             72.90,      127443780.00   
05 FEB 2026,AMJLAND,EQ,AMJ LAND HOLDINGS LIMITED,Listed    ,05 FEB 2026,               2.00,          41000000,             40.30,     1652710000.00   
05 FEB 2026,AMNPLST,EQ,AMINES & PLASTICIZERS LTD,Listed    ,05 FEB 2026,               2.00,          55020000,            173.00,     9519010200.00   
05 FEB 2026,AMRUTANJAN,EQ,AMRUTAJAN HEALTH LTD     ,Listed    ,05 FEB 2026,               1.00,          28910630,            629.65,    18203578179.50
05 FEB 2026,ANANDRATHI,EQ,ANAND RATHI WEALTH LTD   ,Listed    ,05 FEB 2026,               5.00,          83020634,           2943.60,   244379538242.40
05 FEB 2026,ANANTAM,IV,ANANTAM HIGHWAYS TRUST   ,Listed    ,05 FEB 2026,             100.00,         217500000,            102.50,    22291575000.00   
05 FEB 2026,ANANTRAJ,EQ,ANANT RAJ LIMITED        ,Listed    ,05 FEB 2026,               2.00,         359876930,            547.55,   197050613021.50  
05 FEB 2026,ANDHRAPAP,EQ,ANDHRA PAPER LIMITED     ,Listed    ,05 FEB 2026,               2.00,         198850195,             65.55,    13030653278.35 
05 FEB 2026,ANDHRSUGAR,EQ,ANDHRA SUGARS LTD        ,Listed    ,05 FEB 2026,               2.00,         135535390,             72.35,     9807340820.40
05 FEB 2026,ANGELONE,EQ,ANGEL ONE LIMITED        ,Listed    ,05 FEB 2026,              10.00,          90839339,           2645.00,   240270051655.00  
05 FEB 2026,ANIKINDS,EQ,ANIK INDUSTRIES LTD      ,Listed    ,05 FEB 2026,              10.00,          27753486,             49.90,     1385454021.10  
05 FEB 2026,ANKITMETAL,BZ,ANKIT MET & POW LTD      ,Listed    ,05 FEB 2026,              10.00,         141110500,              1.70,      238476745.00
05 FEB 2026,ANLON,SM,ANLON TECHNOLOGY SOL LTD ,Listed    ,05 FEB 2026,              10.00,           6255400,            377.30,     2360162420.00     
05 FEB 2026,ANMOL,EQ,ANMOL INDIA LIMITED      ,Listed    ,05 FEB 2026,              10.00,          56914150,             11.95,      680124092.50     
05 FEB 2026,ANNAPURNA,SM,ANNAPURNA SWADISHT LTD   ,Listed    ,05 FEB 2026,              10.00,          21820000,            215.90,     4710938000.00 
05 FEB 2026,ANONDITA,ST,ANONDITA MEDICARE LIMITED,Listed    ,16 JAN 2026,              10.00,          18086618,            952.85,    17233833961.30  
05 FEB 2026,ANSALAPI,BZ,ANSAL PROP & INFRA LTD   ,Listed    ,05 FEB 2026,               5.00,         157404876,              3.00,      469066530.50  
05 FEB 2026,ANTELOPUS,EQ,ANTELOPUS SELAN ENRGY LTD,Listed    ,05 FEB 2026,              10.00,          35162358,            586.60,    20626239202.80 
05 FEB 2026,ANTGRAPHIC,EQ,ANTARCTICA LTD           ,Listed    ,05 FEB 2026,               1.00,         155009600,              0.95,      147259120.00
05 FEB 2026,ANTHEM,EQ,ANTHEM BIOSCIENCES LTD   ,Listed    ,05 FEB 2026,               2.00,         561610051,            635.00,   356622382385.00    
05 FEB 2026,ANUHPHR,EQ,ANUH PHARMA LIMITED      ,Listed    ,05 FEB 2026,               5.00,         100224000,             79.80,     7995870720.00   
05 FEB 2026,ANUP,EQ,THE ANUP ENGINEERING LTD ,Listed    ,05 FEB 2026,              10.00,          20031466,           1900.40,    38067797986.40      
05 FEB 2026,ANURAS,EQ,ANUPAM RASAYAN INDIA LTD ,Listed    ,05 FEB 2026,              10.00,         113848310,           1306.10,   148697277691.00    
05 FEB 2026,ANYA,SM,ANYA POLYTECH & FERTI LTD,Listed    ,05 FEB 2026,               2.00,         120000000,             20.55,     2466000000.00      
05 FEB 2026,ANZEN,IV,ANZEN IND ENE YLD PLU TRU,Listed    ,05 FEB 2026,             100.00,         196193900,            117.50,    23052783250.00     
05 FEB 2026,APARINDS,EQ,APAR INDUSTRIES LTD.     ,Listed    ,05 FEB 2026,              10.00,          40168315,           9535.00,   383004883525.00  
05 FEB 2026,APCL,EQ,ANJANI PORTLAND CEM LTD  ,Listed    ,05 FEB 2026,              10.00,          29374764,            137.25,     4031980106.65      
05 FEB 2026,APCOTEXIND,EQ,APCOTEX INDUSTRIES LIMITE,Listed    ,05 FEB 2026,               2.00,          51844960,            375.70,    19478151472.00
05 FEB 2026,APEX,EQ,APEX FROZEN FOODS LIMITED,Listed    ,05 FEB 2026,              10.00,          31250000,            361.25,    11289062500.00      
05 FEB 2026,APEXECO,SM,APEX ECOTECH LIMITED     ,Listed    ,05 FEB 2026,              10.00,          13185200,            134.70,     1776046440.00   
05 FEB 2026,APLAPOLLO,EQ,APL APOLLO TUBES LTD     ,Listed    ,05 FEB 2026,               2.00,         277636026,           2182.10,   605829572334.60 
05 FEB 2026,APLLTD,EQ,ALEMBIC PHARMA LTD       ,Listed    ,05 FEB 2026,               2.00,         196563124,            810.45,   159304583845.80    
05 FEB 2026,APOLLO,EQ,APOLLO MICRO SYSTEMS LTD ,Listed    ,05 FEB 2026,               1.00,         354391700,            245.10,    86861405670.00    
05 FEB 2026,APOLLOHOSP,EQ,APOLLO HOSPITALS ENTER. L,Listed    ,05 FEB 2026,               5.00,         143784657,           7122.00,  1024034327154.00
05 FEB 2026,APOLLOPIPE,EQ,APOLLO PIPES LIMITED     ,Listed    ,05 FEB 2026,              10.00,          44048206,            265.45,    11692596282.70
05 FEB 2026,APOLLOTYRE,EQ,APOLLO TYRES LTD         ,Listed    ,05 FEB 2026,               1.00,         635100946,            507.85,   322536015426.10
05 FEB 2026,APOLSINHOT,EQ,APOLLO SINDOORI HOTEL LTD,Listed    ,05 FEB 2026,               5.00,           2600400,           1278.20,     3323831280.00
05 FEB 2026,APRAMEYA,SM,APRAMEYA ENGINEERING LTD ,Listed    ,05 FEB 2026,              10.00,          19040000,            236.40,     4501056000.00  
05 FEB 2026,APS,SM,AUSTRALIAN PREM SOLAR I L,Listed    ,05 FEB 2026,              10.00,          20160000,            376.65,     7593264000.00       
05 FEB 2026,APTECHT,EQ,APTECH LIMITED           ,Listed    ,05 FEB 2026,              10.00,          58032675,             82.65,     4796980915.50   
05 FEB 2026,APTUS,EQ,APTUS VALUE HSG FIN I LTD,Listed    ,05 FEB 2026,               2.00,         500722736,            270.55,   135470536224.80     
05 FEB 2026,ARABIAN,SM,ARABIAN PETROLEUM LIMITED,Listed    ,03 FEB 2026,              10.00,          10892000,             68.05,      741200600.00   
05 FEB 2026,ARCHIDPLY,EQ,ARCHIDPLY IND. LTD       ,Listed    ,05 FEB 2026,              10.00,          19865000,             91.95,     1826984050.00 
05 FEB 2026,ARCHIES,EQ,ARCHIES LTD              ,Listed    ,05 FEB 2026,               2.00,          33780000,             16.25,      548587200.00   
05 FEB 2026,ARCIIL,SM,ARC INSULATION & INSU LTD,Listed    ,05 FEB 2026,              10.00,          10297380,             62.00,      638437560.00    
05 FEB 2026,ARE&M,EQ,AMARA RAJA ENERGY MOB LTD,Listed    ,05 FEB 2026,               1.00,         183025364,            875.40,   160220403645.60     
05 FEB 2026,ARENTERP,EQ,RAJDARSHAN INDUSTRIES LTD,Listed    ,05 FEB 2026,              10.00,           3108300,             40.55,      126072648.00  
05 FEB 2026,ARFIN,EQ,ARFIN INDIA LIMITED      ,Listed    ,05 FEB 2026,               1.00,         168722482,             77.25,    13030437284.85     
05 FEB 2026,ARHAM,ST,ARHAM TECHNOLOGIES LTD   ,Listed    ,05 FEB 2026,              10.00,          16920000,            140.05,     2369646000.00     
05 FEB 2026,ARIES,EQ,ARIES AGRO LTD.          ,Listed    ,05 FEB 2026,              10.00,          13004339,            318.95,     4147733924.05     
05 FEB 2026,ARIHANTACA,SM,ARIHANT ACADEMY LIMITED  ,Listed    ,05 FEB 2026,              10.00,           6055200,            440.00,     2664288000.00
05 FEB 2026,ARIHANTCAP,EQ,ARIHANT CAPITAL MKTS LTD ,Listed    ,05 FEB 2026,               1.00,         104612800,             81.00,     8471544544.00
05 FEB 2026,ARIHANTSUP,EQ,ARIHANT SUPERSTRUCT LTD  ,Listed    ,05 FEB 2026,              10.00,          43249991,            292.40,    12646297368.40
05 FEB 2026,ARISINFRA,EQ,ARISINFRA SOLUTIONS LTD  ,Listed    ,05 FEB 2026,               2.00,          81382036,             90.65,     7375653922.70 
05 FEB 2026,ARISTO,SM,ARISTO BIO T AND LIFESC L,Listed    ,02 FEB 2026,              10.00,           6807800,             89.30,      607936540.00    
05 FEB 2026,ARKADE,EQ,ARKADE DEVELOPERS LIMITED,Listed    ,05 FEB 2026,              10.00,         185663617,            126.85,    23553286452.60    
05 FEB 2026,ARMANFIN,EQ,ARMAN FIN SERV LTD       ,Listed    ,05 FEB 2026,              10.00,          10512921,           1552.80,    16324463728.80  
05 FEB 2026,ARMOUR,SM,ARMOUR SECURITY (INDIA) L,Listed    ,05 FEB 2026,              10.00,          16870000,             30.10,      507787000.00    
05 FEB 2026,AROGRANITE,EQ,ARO GRANITE IND. LTD.    ,Listed    ,05 FEB 2026,              10.00,          15300000,             30.40,      465426000.00
05 FEB 2026,ARROWGREEN,EQ,ARROW GREENTECH LIMITED  ,Listed    ,05 FEB 2026,              10.00,          15087938,            441.80,     6665851008.40
05 FEB 2026,ARSHIYA,BZ,ARSHIYA LIMITED          ,Listed    ,05 FEB 2026,               2.00,         263475915,              1.25,      329344893.75   
05 FEB 2026,ARSSBL,EQ,ANAND RATHI SH N STK BR L,Listed    ,05 FEB 2026,               5.00,          62725250,            578.30,    36274012075.00    
05 FEB 2026,ARTEMISMED,EQ,ARTEMIS MED SERVICE LTD  ,Listed    ,05 FEB 2026,               1.00,         158200497,            216.15,    34195037426.55
05 FEB 2026,ARTNIRMAN,EQ,ART NIRMAN LIMITED       ,Listed    ,05 FEB 2026,              10.00,          24956000,             44.50,     1110542000.00 
05 FEB 2026,ARUNAYA,SM,ARUNAYA ORGANICS LIMITED ,Listed    ,05 FEB 2026,              10.00,          17538432,             18.00,      315691776.00   
05 FEB 2026,ARVEE,BE,ARVEE LABORATORIES I LTD ,Listed    ,05 FEB 2026,              10.00,          11020000,            164.60,     1813781800.00     
05 FEB 2026,ARVIND,EQ,ARVIND LIMITED           ,Listed    ,05 FEB 2026,              10.00,         262114640,            374.65,    98201249876.00    
05 FEB 2026,ARVINDFASN,EQ,ARVIND FASHIONS LIMITED  ,Listed    ,05 FEB 2026,               4.00,         133590692,            489.55,    65399323268.60
05 FEB 2026,ARVINDPORT,SM,ARVIND PORT AND INFRA LTD,Listed    ,05 FEB 2026,              10.00,          17798300,             30.50,      542848150.00
05 FEB 2026,ARVSMART,EQ,ARVIND SMARTSPACES LTD   ,Listed    ,05 FEB 2026,              10.00,          45866979,            583.65,    26770262293.35  
05 FEB 2026,ASAHIINDIA,EQ,ASAHI INDIA GLASS LIMITED,Listed    ,05 FEB 2026,               1.00,         254927192,            968.90,   246998956328.80
05 FEB 2026,ASAHISONG,EQ,ASAHI SONGWON COLOR LTD  ,Listed    ,05 FEB 2026,              10.00,          11787262,            233.85,     2756333346.10 
05 FEB 2026,ASAL,EQ,AUTOMOTIVE STAMPINGS & AS,Listed    ,05 FEB 2026,              10.00,          15864397,            450.00,     7138978650.00      
05 FEB 2026,ASALCBR,EQ,ASSO ALCOHOLS & BREW LTD ,Listed    ,05 FEB 2026,              10.00,          18979200,            857.85,    16281306720.00   
05 FEB 2026,ASCOM,ST,ASCOM LEASIN & INVEST LTD,Listed    ,05 FEB 2026,              10.00,          11714179,            159.00,     1862554461.00     
05 FEB 2026,ASHALOG,SM,ASHAPURA LOGISTICS LTD   ,Listed    ,05 FEB 2026,              10.00,          13556121,             66.00,      894703986.00   
05 FEB 2026,ASHAPURMIN,EQ,ASHAPURA MINECHEM LTD    ,Listed    ,05 FEB 2026,               2.00,          95526098,            681.45,    65096259482.10
05 FEB 2026,ASHIANA,EQ,ASHIANA HOUSING LTD      ,Listed    ,05 FEB 2026,               2.00,         100524857,            296.00,    29755357672.00   
05 FEB 2026,ASHIMASYN,EQ,ASHIMA LTD               ,Listed    ,05 FEB 2026,              10.00,         191660078,             16.95,     3252471523.65 
05 FEB 2026,ASHOKA,EQ,ASHOKA BUILDCON LTD      ,Listed    ,05 FEB 2026,               5.00,         280723217,            152.70,    42860820771.55    
05 FEB 2026,ASHOKAMET,EQ,ASHOKA METCAST LIMITED   ,Listed    ,05 FEB 2026,              10.00,          24996000,             13.90,      347194440.00 
05 FEB 2026,ASHOKLEY,EQ,ASHOK LEYLAND LTD        ,Listed    ,05 FEB 2026,               1.00,        5873854552,            201.50,  1183581692228.00  
05 FEB 2026,ASHWINI,SM,ASHWINI CONTAINER MOVER L,Listed    ,05 FEB 2026,              10.00,          15000000,            135.00,     2025000000.00   
05 FEB 2026,ASIANENE,EQ,ASIAN ENERGY SERVICES LTD,Listed    ,05 FEB 2026,              10.00,          44774444,            253.70,    11359276442.80  
05 FEB 2026,ASIANHOTNR,EQ,ASIAN HOTELS (NORTH) LTD ,Listed    ,05 FEB 2026,              10.00,          19453229,            301.20,     5859312574.80
05 FEB 2026,ASIANPAINT,EQ,ASIAN PAINTS LIMITED     ,Listed    ,05 FEB 2026,               1.00,         959197790,           2432.10,  2332864945059.00
05 FEB 2026,ASIANTILES,EQ,ASIAN GRANITO IND. LTD.  ,Listed    ,05 FEB 2026,              10.00,         231911649,             72.95,    16920273911.05
05 FEB 2026,ASKAUTOLTD,EQ,ASK AUTOMOTIVE LIMITED   ,Listed    ,05 FEB 2026,               2.00,         197142600,            461.35,    90951738510.00
05 FEB 2026,ASLIND,ST,ASL INDUSTRIES LIMITED   ,Listed    ,01 JAN 2026,              10.00,          10417090,            116.10,     1209424149.00    
05 FEB 2026,ASMS,EQ,BARTRONICS INDIA LIMITED ,Listed    ,05 FEB 2026,               1.00,         304576740,             14.35,     4364584684.20      
05 FEB 2026,ASPINWALL,EQ,ASPINWALL & CO LTD       ,Listed    ,05 FEB 2026,              10.00,           7818288,            216.95,     1696177581.60 
05 FEB 2026,ASPIRE,SM,ASPIRE & INNOVATIVE ADV L,Listed    ,05 FEB 2026,              10.00,          15178000,             14.80,      224634400.00    
05 FEB 2026,ASTEC,EQ,ASTEC LIFESCIENCES LTD   ,Listed    ,05 FEB 2026,              10.00,          22281661,            657.85,    14657990688.85     
05 FEB 2026,ASTERDM,EQ,ASTER DM HEALTHCARE LTD. ,Listed    ,05 FEB 2026,              10.00,         518121029,            537.95,   278723207550.55   
05 FEB 2026,ASTRAL,EQ,ASTRAL LIMITED           ,Listed    ,05 FEB 2026,               1.00,         268650163,           1503.60,   403942385086.80    
05 FEB 2026,ASTRAMICRO,EQ,ASTRA MICROWAVE LTD      ,Listed    ,05 FEB 2026,               2.00,          94945008,            935.95,    88863780237.60
05 FEB 2026,ASTRAZEN,EQ,ASTRAZENECA PHARMA IND LT,Listed    ,05 FEB 2026,               2.00,          25000000,           8621.50,   215537500000.00  
05 FEB 2026,ASTRON,EQ,ASTRON PAPER BORD MIL LTD,Listed    ,05 FEB 2026,              10.00,          46500000,              4.15,      192045000.00    
05 FEB 2026,ATALREAL,EQ,ATAL REALTECH LIMITED    ,Listed    ,05 FEB 2026,               2.00,         111015000,             27.60,     3066234300.00  
05 FEB 2026,ATAM,EQ,ATAM VALVES LIMITED      ,Listed    ,05 FEB 2026,              10.00,          11463000,             74.90,      858464070.00      
05 FEB 2026,ATCENERGY,SM,ATC ENERGIES SYSTEM LTD  ,Listed    ,05 FEB 2026,              10.00,          20388600,             29.50,      601463700.00 
05 FEB 2026,ATGL,EQ,ADANI TOTAL GAS LIMITED  ,Listed    ,05 FEB 2026,               1.00,        1099810083,            545.40,   599836419268.20      
05 FEB 2026,ATHERENERG,EQ,ATHER ENERGY LIMITED     ,Listed    ,05 FEB 2026,               1.00,         381407309,            714.50,   272515522280.50
05 FEB 2026,ATL,EQ,ALLCARGO TERMINALS LTD   ,Listed    ,05 FEB 2026,               2.00,         252060324,             24.70,     6223369399.55       
05 FEB 2026,ATLANTAA,EQ,ATLANTAA LIMITED         ,Listed    ,05 FEB 2026,               2.00,          81500000,             45.00,     3665870000.00  
05 FEB 2026,ATLANTAELE,EQ,ATLANTA ELECTRICALS LTD  ,Listed    ,05 FEB 2026,               2.00,          76896625,            807.55,    62097869518.75
05 FEB 2026,ATLASCYCLE,EQ,ATLAS CYCLE (HARYANA) LTD,Listed    ,05 FEB 2026,               5.00,           6503838,             93.40,      607588545.95
05 FEB 2026,ATMASTCO,SM,ATMASTCO LIMITED         ,Listed    ,05 FEB 2026,              10.00,          24734690,            144.45,     3572925970.50  
05 FEB 2026,ATUL,EQ,ATUL LTD                 ,Listed    ,05 FEB 2026,              10.00,          29441755,           6253.50,   184114014892.50      
05 FEB 2026,ATULAUTO,EQ,ATUL AUTO LIMITED        ,Listed    ,05 FEB 2026,               5.00,          27751280,            431.65,    11978840012.00  
05 FEB 2026,AUBANK,EQ,AU SMALL FINANCE BANK LTD,Listed    ,05 FEB 2026,              10.00,         746932077,            986.00,   736475027922.00    
05 FEB 2026,AURIGROW,BE,AURI GROW INDIA LIMITED  ,Listed    ,05 FEB 2026,               1.00,        1476240000,              0.40,      575733600.00  
05 FEB 2026,AURIONPRO,EQ,AURIONPRO SOLN LTD       ,Listed    ,05 FEB 2026,              10.00,          55213530,            907.95,    50131124563.50 
05 FEB 2026,AUROIMPEX,SM,AURO IMPEX & CHEMICALS L ,Listed    ,03 FEB 2026,              10.00,          12200800,             32.10,      391645680.00 
05 FEB 2026,AUROPHARMA,EQ,AUROBINDO PHARMA LTD     ,Listed    ,05 FEB 2026,               1.00,         580801623,           1181.60,   686275197736.80
05 FEB 2026,AURUM,EQ,AURUM PROPTECH LIMITED   ,Listed    ,05 FEB 2026,               5.00,          76115247,            178.70,    13600272333.95     
05 FEB 2026,AUSL,SM,ADITYA ULTRA STEEL LTD   ,Listed    ,05 FEB 2026,              10.00,          24835568,             22.50,      558800280.00      
05 FEB 2026,AUSOMENT,BE,AUSOM ENTERPRISE LIMITED ,Listed    ,05 FEB 2026,              10.00,          13623552,            108.85,     1482651164.15  
05 FEB 2026,AUTOAXLES,EQ,AUTOMOTIVE AXLES LIMITED ,Listed    ,05 FEB 2026,              10.00,          15111975,           1969.90,    29769079552.50 
05 FEB 2026,AUTOIND,EQ,AUTOLINE INDUSTRIES LTD  ,Listed    ,05 FEB 2026,              10.00,          45375401,             77.30,     3508426005.30   
05 FEB 2026,AVADHSUGAR,EQ,AVADH SUG & ENERGY LTD   ,Listed    ,05 FEB 2026,              10.00,          20018420,            341.95,     6845298719.00
05 FEB 2026,AVALON,EQ,AVALON TECHNOLOGIES LTD  ,Listed    ,05 FEB 2026,               2.00,          66734029,           1020.50,    68102076594.50    
05 FEB 2026,AVANA,SM,AVANA ELECTROSYSTEMS LTD ,Listed    ,05 FEB 2026,              10.00,          22645408,             72.55,     1642924350.40     
05 FEB 2026,AVANTEL,EQ,AVANTEL LIMITED          ,Listed    ,05 FEB 2026,               2.00,         264969520,            150.50,    39875263064.80   
05 FEB 2026,AVANTIFEED,EQ,AVANTI FEEDS LIMITED     ,Listed    ,05 FEB 2026,               1.00,         136245630,           1081.20,   147308775156.00
05 FEB 2026,AVG,EQ,AVG LOGISTICS LIMITED    ,Listed    ,05 FEB 2026,              10.00,          15057720,            152.85,     2301271347.60       
05 FEB 2026,AVIANSH,SM,AVI ANSH TEXTILE LIMITED ,Listed    ,05 FEB 2026,              10.00,          13976930,            116.00,     1621323880.00   
05 FEB 2026,AVL,EQ,ADITYA VISION LIMITED    ,Listed    ,05 FEB 2026,               1.00,         129138050,            489.85,    63258273792.50       
05 FEB 2026,AVONMORE,EQ,AVONMORE CAP&MGT SERV LTD,Listed    ,05 FEB 2026,               1.00,         282184741,             14.70,     4150937540.10  
05 FEB 2026,AVPINFRA,SM,AVP INFRACON LIMITED     ,Listed    ,05 FEB 2026,              10.00,          24979200,            110.15,     2751458880.00  
05 FEB 2026,AVROIND,BE,AVRO INDIA LIMITED       ,Listed    ,05 FEB 2026,              10.00,          13311050,            126.40,     1682250499.00   
05 FEB 2026,AVSL,ST,AVSL INDUSTRIES LIMITED  ,Listed    ,20 JAN 2026,              10.00,           5331120,            119.70,      638135064.00      
05 FEB 2026,AVTNPL,EQ,AVT NATURAL PRODUCTS LTD ,Listed    ,05 FEB 2026,               1.00,         152284000,             68.30,    10399474360.00    
05 FEB 2026,AWFIS,EQ,AWFIS SPACE SOLUTIONS LTD,Listed    ,05 FEB 2026,              10.00,          71509041,            373.35,    26697900457.35     
05 FEB 2026,AWHCL,EQ,ANTONY WASTE HDG CELL LTD,Listed    ,05 FEB 2026,               5.00,          28382100,            518.55,    14717537955.00     
05 FEB 2026,AWL,EQ,AWL AGRI BUSINESS LIMITED,Listed    ,05 FEB 2026,               1.00,        1299678605,            214.80,   279144970781.90       
05 FEB 2026,AXISBANK,EQ,AXIS BANK LIMITED        ,Listed    ,05 FEB 2026,               2.00,        3104488514,           1330.60,  4130832416728.40  
05 FEB 2026,AXISCADES,EQ,AXISCADES TECH LTD       ,Listed    ,05 FEB 2026,               5.00,          42517389,           1180.70,    50200281192.30 
05 FEB 2026,AXITA,BE,AXITA COTTON LIMITED     ,Listed    ,05 FEB 2026,               1.00,         347837344,             10.65,     3704467713.60     
05 FEB 2026,AYMSYNTEX,EQ,AYM SYNTEX LIMITED       ,Listed    ,05 FEB 2026,              10.00,          58581091,            175.60,    10287425390.50 
05 FEB 2026,AZAD,EQ,AZAD ENGINEERING LIMITED ,Listed    ,05 FEB 2026,               2.00,          64581743,           1499.20,    96820949105.60      
05 FEB 2026,BABAFP,SM,BABA FOOD PROCESSING     ,Listed    ,05 FEB 2026,              10.00,          16326403,             28.75,      469384086.25    
05 FEB 2026,BAFNAPH,BE,BAFNA PHARMACEUTICALS LTD,Listed    ,05 FEB 2026,              10.00,          23656335,            115.80,     2739167029.65   
05 FEB 2026,BAGDIGITAL,SM,B.A.G.CONVERGENCE LIMITED,Listed    ,05 FEB 2026,              10.00,          21218800,            113.75,     2413638500.00
05 FEB 2026,BAGFILMS,EQ,B.A.G FILMS AND MEDIA LTD,Listed    ,05 FEB 2026,               2.00,         197747749,              5.45,     1077725232.05  
05 FEB 2026,BAHETI,SM,BAHETI RECYCLING IND LTD ,Listed    ,05 FEB 2026,              10.00,          10368530,            597.85,     6198825660.50    
05 FEB 2026,BAIDFIN,EQ,BAID FINSERV LIMITED     ,Listed    ,05 FEB 2026,               2.00,         150085375,             11.45,     1719978397.50   
05 FEB 2026,BAJAJ-AUTO,EQ,BAJAJ AUTO LIMITED       ,Listed    ,05 FEB 2026,              10.00,         279257608,           9647.00,  2693998144376.00
05 FEB 2026,BAJAJCON,EQ,BAJAJ CONSUMER CARE LTD  ,Listed    ,05 FEB 2026,               1.00,         130618321,            363.70,    47505883347.70  
05 FEB 2026,BAJAJELEC,EQ,BAJAJ ELECT.LTD          ,Listed    ,05 FEB 2026,               2.00,         115388440,            414.70,    47851586068.00 
05 FEB 2026,BAJAJFINSV,EQ,BAJAJ FINSERV LTD.       ,Listed    ,05 FEB 2026,               1.00,        1597813220,           2000.10,  3195786221322.00
05 FEB 2026,BAJAJHCARE,EQ,BAJAJ HEALTHCARE LIMITED ,Listed    ,05 FEB 2026,               5.00,          31583252,            368.65,    11643165849.80
05 FEB 2026,BAJAJHFL,EQ,BAJAJ HOUSING FINANCE LTD,Listed    ,05 FEB 2026,              10.00,        8332334619,             91.30,   760825474060.90  
05 FEB 2026,BAJAJHIND,EQ,BAJAJ HINDUSTHAN SUGAR LT,Listed    ,05 FEB 2026,               1.00,        1277359942,             16.35,    20872061452.30 
05 FEB 2026,BAJAJHLDNG,EQ,BAJAJ HOLDINGS & INVS LTD,Listed    ,05 FEB 2026,              10.00,         111293510,          10891.00,  1212097617410.00
05 FEB 2026,BAJAJINDEF,EQ,INDEF MANUFACTURING LTD  ,Listed    ,05 FEB 2026,               1.00,          32000000,            298.00,     9536000000.00
05 FEB 2026,BAJEL,EQ,BAJEL PROJECTS LIMITED   ,Listed    ,05 FEB 2026,               2.00,         115658560,            170.35,    19702435696.00     
05 FEB 2026,BAJFINANCE,EQ,BAJAJ FINANCE LIMITED    ,Listed    ,05 FEB 2026,               1.00,        6222481865,            964.75,  6003139379258.75
05 FEB 2026,BALAJEE,EQ,SHREE TIRUPATI BALAJEE L ,Listed    ,05 FEB 2026,              10.00,          81570852,             33.30,     2717940788.65   
05 FEB 2026,BALAJIPHOS,SM,BALAJI PHOSPHATES LIMITED,Listed    ,05 FEB 2026,              10.00,          23777100,            143.50,     3412013850.00
05 FEB 2026,BALAJITELE,EQ,BALAJI TELEFILMS LIMITED.,Listed    ,05 FEB 2026,               2.00,         119984844,             91.30,    10954616257.20
05 FEB 2026,BALAMINES,EQ,BALAJI AMINES LIMITED    ,Listed    ,05 FEB 2026,               2.00,          32401000,           1105.20,    35809585200.00 
05 FEB 2026,BALAXI,EQ,BALAXI PHARMA LTD        ,Listed    ,05 FEB 2026,               2.00,          55207500,             23.05,     1271428725.00    
05 FEB 2026,BALCO,SM,SOLVE PLASTIC PRODUCTS L ,Listed    ,05 FEB 2026,              10.00,           4368250,             24.30,      106148475.00     
05 FEB 2026,BALKRISHNA,EQ,BALKRISHNA PAPER MILLS L ,Listed    ,05 FEB 2026,              10.00,          32219532,             16.95,      546765458.05
05 FEB 2026,BALKRISIND,EQ,BALKRISHNA IND. LTD      ,Listed    ,05 FEB 2026,               2.00,         193317190,           2687.80,   519597943282.00
05 FEB 2026,BALMLAWRIE,EQ,BALMER LAWRIE & CO LTD   ,Listed    ,05 FEB 2026,              10.00,         171003846,            179.95,    30775562164.60
05 FEB 2026,BALPHARMA,EQ,BAL PHARMA LTD.          ,Listed    ,05 FEB 2026,              10.00,          15920872,             70.30,     1119555719.05 
05 FEB 2026,BALRAMCHIN,EQ,BALRAMPUR CHINI MILLS LTD,Listed    ,05 FEB 2026,               1.00,         201950436,            446.65,    90201162239.40
05 FEB 2026,BALUFORGE,EQ,BALU FORGE INDUSTRIES LTD,Listed    ,05 FEB 2026,              10.00,         113991900,            446.40,    50885984160.00 
05 FEB 2026,BANARBEADS,EQ,BANARAS BEADS LTD        ,Listed    ,05 FEB 2026,              10.00,           6636222,            124.40,      825413292.35
05 FEB 2026,BANARISUG,EQ,BANNARI AMMAN SUGARS LTD ,Listed    ,05 FEB 2026,              10.00,          12539700,           3600.00,    45142920000.00 
05 FEB 2026,BANCOINDIA,EQ,BANCO PRODUCTS (I) LTD   ,Listed    ,05 FEB 2026,               2.00,         143037300,            635.15,    90850141095.00
05 FEB 2026,BANDHANBNK,EQ,BANDHAN BANK LIMITED     ,Listed    ,05 FEB 2026,              10.00,        1610971405,            157.80,   254211287709.00
05 FEB 2026,BANG,EQ,BANG OVERSEAS LTD.       ,Listed    ,05 FEB 2026,              10.00,          13560000,             45.95,      623353200.00      
05 FEB 2026,BANKA,EQ,BANKA BIOLOO LIMITED     ,Listed    ,05 FEB 2026,              10.00,          10892857,             61.45,      669583919.80     
05 FEB 2026,BANKBARODA,EQ,BANK OF BARODA           ,Listed    ,05 FEB 2026,               2.00,        5171362179,            290.45,  1502022144890.55
05 FEB 2026,BANKINDIA,EQ,BANK OF INDIA            ,Listed    ,05 FEB 2026,              10.00,        4552667866,            163.45,   744179089376.35 
05 FEB 2026,BANSALWIRE,EQ,BANSAL WIRE INDUSTRIES L ,Listed    ,05 FEB 2026,               5.00,         156555952,            272.80,    42708463705.60
05 FEB 2026,BANSWRAS,EQ,BANSWARA SYNTEX LIMITED  ,Listed    ,05 FEB 2026,               5.00,          34232084,            118.80,     4066429258.35  
05 FEB 2026,BARFLEX,SM,BARFLEX POLYFILMS LIMITED,Listed    ,05 FEB 2026,              10.00,          24749000,             60.95,     1508451550.00   
05 FEB 2026,BASF,EQ,BASF INDIA LTD           ,Listed    ,05 FEB 2026,              10.00,          43285640,           3753.70,   162481306868.00      
05 FEB 2026,BASILIC,SM,BASILIC FLY STUDIO LTD   ,Listed    ,05 FEB 2026,              10.00,          25265000,            258.70,     6536055500.00   
05 FEB 2026,BASML,EQ,BANNARI AM SPIN MILL LTD.,Listed    ,05 FEB 2026,               5.00,          79921375,             24.50,     1957274473.75     
05 FEB 2026,BATAINDIA,EQ,BATA INDIA LTD           ,Listed    ,05 FEB 2026,               5.00,         128527540,            851.60,   109454053064.00 
05 FEB 2026,BAWEJA,SM,BAWEJA STUDIOS LIMITED   ,Listed    ,05 FEB 2026,              10.00,          18427001,             32.00,      589664032.00    
05 FEB 2026,BAYERCROP,EQ,BAYER CROPSCIENCE LTD    ,Permitted ,05 FEB 2026,              10.00,          44942092,           4458.10,   200356340345.20 
05 FEB 2026,BBL,EQ,BHARAT BIJLEE LTD        ,Listed    ,05 FEB 2026,               5.00,          11303120,           2861.00,    32338226320.00       
05 FEB 2026,BBOX,EQ,BLACK BOX LIMITED        ,Listed    ,05 FEB 2026,               2.00,         170153199,            515.30,    87679943444.70      
05 FEB 2026,BBTC,EQ,BOMBAY BURMAH TRADING COR,Listed    ,05 FEB 2026,               2.00,          69771900,           1773.20,   123719533080.00      
05 FEB 2026,BBTCL,EQ,B&B TRIPLEWALL CONT LTD  ,Listed    ,05 FEB 2026,              10.00,          20511240,            186.30,     3821449124.40     
05 FEB 2026,BCG,EQ,BRIGHTCOM GROUP LIMITED  ,Listed    ,05 FEB 2026,               2.00,        2017921873,             10.90,    22015527634.45       
05 FEB 2026,BCLIND,EQ,BCL INDUSTRIES LIMITED   ,Listed    ,05 FEB 2026,               1.00,         295163340,             28.40,     8379687222.60    
05 FEB 2026,BCONCEPTS,EQ,BRAND CONCEPTS LIMITED   ,Listed    ,05 FEB 2026,              10.00,          12481877,            284.00,     3544853068.00 
05 FEB 2026,BDL,EQ,BHARAT DYNAMICS LIMITED  ,Listed    ,05 FEB 2026,               5.00,         366562500,           1273.30,   466744031250.00       
05 FEB 2026,BDR,IT,BDR BUILDCON LIMITED     ,Listed    ,10 MAR 2017,              10.00,           6645000,             87.65,      582434250.00       
05 FEB 2026,BEACON,ST,BEACON TRUSTEESHIP LTD   ,Listed    ,05 FEB 2026,              10.00,          18064913,             87.25,     1576163659.25    
05 FEB 2026,BEARDSELL,EQ,BEARDSELL LIMITED        ,Listed    ,05 FEB 2026,               2.00,          39437000,             28.30,     1116067100.00 
05 FEB 2026,BECTORFOOD,EQ,MRS BECTORS FOOD SPE LTD ,Listed    ,05 FEB 2026,               2.00,         306990595,            221.95,    68130422748.35
05 FEB 2026,BEDMUTHA,EQ,BEDMUTHA INDUST LTD      ,Listed    ,05 FEB 2026,              10.00,          32263884,            135.55,     4373369476.20  
05 FEB 2026,BEL,EQ,BHARAT ELECTRONICS LTD   ,Listed    ,05 FEB 2026,               1.00,        7309778829,            432.90,  3164403255074.10       
05 FEB 2026,BELLACASA,EQ,BELLA CASA FASH AND RET L,Listed    ,05 FEB 2026,              10.00,          13387500,            316.40,     4235805000.00 
05 FEB 2026,BELRISE,EQ,BELRISE INDUSTRIES LTD   ,Listed    ,05 FEB 2026,               5.00,         889879192,            184.55,   164218306091.70   
05 FEB 2026,BEML,EQ,BEML LIMITED             ,Listed    ,05 FEB 2026,               5.00,          83289000,           1746.20,   145439251800.00      
05 FEB 2026,BEPL,EQ,BHANSALI ENG. POLYMERS LT,Listed    ,05 FEB 2026,               1.00,         248858460,             86.45,    21518791036.20      
05 FEB 2026,BERGEPAINT,EQ,BERGER PAINTS (I) LTD    ,Listed    ,05 FEB 2026,               1.00,        1165927190,            472.30,   550667411837.00
05 FEB 2026,BESTAGRO,BE,BEST AGROLIFE LIMITED    ,Listed    ,05 FEB 2026,               1.00,         354671100,             19.95,     7068595023.00  
05 FEB 2026,BETA,EQ,BETA DRUGS LIMITED       ,Listed    ,05 FEB 2026,              10.00,          10094553,           1459.30,    14730981192.90      
05 FEB 2026,BEWLTD,SM,BEW ENGINEERING LIMITED  ,Listed    ,05 FEB 2026,              10.00,          13073324,             97.25,     1271380759.00    
05 FEB 2026,BFINVEST,EQ,BF INVESTMENT LIMITED    ,Listed    ,05 FEB 2026,               5.00,          37667628,            400.10,    15070817962.80  
05 FEB 2026,BFUTILITIE,BZ,BF UTILITIES LIMITED     ,Listed    ,05 FEB 2026,               5.00,          37667628,            533.05,    20078729105.40
05 FEB 2026,BGRENERGY,EQ,BGR ENERGY SYSTEMS LTD   ,Listed    ,05 FEB 2026,              10.00,          72161560,            330.60,    23856611736.00 
05 FEB 2026,BHADORA,SM,BHADORA INDUSTRIES LTD   ,Listed    ,05 FEB 2026,              10.00,          18600000,             66.50,     1236900000.00   
05 FEB 2026,BHAGCHEM,EQ,BHAGIRADHA CHEM & INDS L ,Listed    ,05 FEB 2026,               1.00,         129669080,            227.90,    29552880022.80  
05 FEB 2026,BHAGERIA,EQ,BHAGERIA INDUSTRIES LTD  ,Listed    ,05 FEB 2026,               5.00,          43644180,            164.45,     7177285401.00  
05 FEB 2026,BHAGYANGR,BE,BHAGYANAGAR INDIA LIMITED,Listed    ,05 FEB 2026,               2.00,          31995000,            168.50,     5390837550.00 
05 FEB 2026,BHANDARI,EQ,BHANDARI HOSIERY EXP LTD ,Listed    ,05 FEB 2026,               1.00,         240049652,              4.05,      977002083.65  
05 FEB 2026,BHARATCOAL,EQ,BHARAT COKING COAL LTD   ,Listed    ,05 FEB 2026,              10.00,        4657000000,             37.45,   174311510000.00
05 FEB 2026,BHARATFORG,EQ,BHARAT FORGE LTD         ,Listed    ,05 FEB 2026,               2.00,         478088632,           1573.20,   752129035862.40
05 FEB 2026,BHARATGEAR,EQ,BHARAT GEARS LTD.        ,Listed    ,05 FEB 2026,              10.00,          15355058,            118.20,     1815274956.75
05 FEB 2026,BHARATRAS,EQ,BHARAT RASAYAN LTD       ,Listed    ,05 FEB 2026,               5.00,          16621072,           1874.40,    31154537356.80 
05 FEB 2026,BHARATSE,EQ,BHARAT SEATS LIMITED     ,Listed    ,05 FEB 2026,               2.00,          62800000,            168.45,    10578660000.00  
05 FEB 2026,BHARATWIRE,EQ,BHARAT WIRE ROPES LTD.   ,Listed    ,05 FEB 2026,              10.00,          68584648,            170.15,    11669677857.20
05 FEB 2026,BHARTIARTL,EQ,BHARTI AIRTEL LIMITED    ,Listed    ,05 FEB 2026,               5.00,        5702105319,           1992.40, 11360874637575.60
05 FEB 2026,BHARTIHEXA,EQ,BHARTI HEXACOM LIMITED   ,Listed    ,05 FEB 2026,               5.00,         500000000,           1627.40,   813700000000.00
05 FEB 2026,BHEL,EQ,BHEL                     ,Listed    ,05 FEB 2026,               2.00,        3482063355,            268.90,   936326836159.50      
05 FEB 2026,BIGBLOC,EQ,BIGBLOC CONSTRUCTION LTD ,Listed    ,05 FEB 2026,               2.00,         141575750,             57.70,     8167505017.50   
05 FEB 2026,BIKAJI,EQ,BIKAJI FOODS INTERN LTD  ,Listed    ,05 FEB 2026,               1.00,         250592710,            653.65,   163799924891.50    
05 FEB 2026,BIKEWO,ST,BIKEWO GREEN TECH LIMITED,Listed    ,05 FEB 2026,              10.00,          13043250,             20.00,      260865000.00    
05 FEB 2026,BIL,EQ,BHARTIYA INTERNATIONAL   ,Listed    ,05 FEB 2026,              10.00,          13410411,            913.60,    12251751489.60       
05 FEB 2026,BILVYAPAR,BE,BIL VYAPAR LIMITED       ,Listed    ,05 FEB 2026,              10.00,          31366175,              7.20,      225836460.00 
05 FEB 2026,BIOCON,EQ,BIOCON LIMITED.          ,Listed    ,05 FEB 2026,               5.00,        1620907773,            367.80,   596169878909.40    
05 FEB 2026,BIOFILCHEM,EQ,BIOFIL CHEM & PHARMA LTD ,Listed    ,05 FEB 2026,              10.00,          16273800,             37.55,      610918452.00
05 FEB 2026,BIRDYS,SM,GRILL SPLENDOUR SER LTD  ,Listed    ,05 FEB 2026,              10.00,           5858200,            117.00,      685409400.00    
05 FEB 2026,BIRET,RR,BROOKFIELD INDIA RET     ,Listed    ,05 FEB 2026,             275.00,         749385513,            353.15,   264630506205.70     
05 FEB 2026,BIRLACABLE,EQ,BIRLA CABLE LIMITED      ,Listed    ,05 FEB 2026,              10.00,          30000000,            136.15,     4084500000.00
05 FEB 2026,BIRLACORPN,EQ,BIRLA CORPORATION LTD    ,Listed    ,05 FEB 2026,              10.00,          77005347,           1080.60,    83211977968.20
05 FEB 2026,BIRLAMONEY,EQ,ADITYA BIRLA MONEY LTD   ,Listed    ,05 FEB 2026,               1.00,          56509201,            126.40,     7141632822.40
05 FEB 2026,BIRLANU,EQ,BIRLANU LIMITED          ,Listed    ,05 FEB 2026,              10.00,           7540899,           1583.70,    11942521746.30   
05 FEB 2026,BLACKBUCK,EQ,BLACKBUCK LIMITED        ,Listed    ,05 FEB 2026,               1.00,         181171147,            606.40,   109862183540.80 
05 FEB 2026,BLAL,EQ,BEML LAND ASSETS LIMITED ,Listed    ,05 FEB 2026,              10.00,          41644500,            190.90,     7949102160.00      
05 FEB 2026,BLBLIMITED,EQ,BLB LIMITED              ,Listed    ,05 FEB 2026,               1.00,          52865258,             14.00,      740113612.00
05 FEB 2026,BLISSGVS,EQ,BLISS GVS PHARMA LTD     ,Listed    ,05 FEB 2026,               1.00,         105722592,            185.80,    19641143141.75  
05 FEB 2026,BLKASHYAP,EQ,B.L.KASHYAP & SON LTD    ,Listed    ,05 FEB 2026,               1.00,         225440000,             53.50,    12065548800.00 
05 FEB 2026,BLS,EQ,BLS INTL SERVS LTD       ,Listed    ,05 FEB 2026,               1.00,         411740908,            300.10,   123563446490.80       
05 FEB 2026,BLSE,EQ,BLS E-SERVICES LIMITED   ,Listed    ,05 FEB 2026,              10.00,          90856485,            174.45,    15849005243.40      
05 FEB 2026,BLUECHIP,BE,BLUE CHIP INDIA LIMITED  ,Listed    ,05 FEB 2026,               2.00,          55304340,              2.25,      125540851.80  
05 FEB 2026,BLUECOAST,EQ,BLUE COAST HOTELS LIMITED,Listed    ,05 FEB 2026,              10.00,          17192457,             26.50,      455256261.35 
05 FEB 2026,BLUEDART,EQ,BLUE DART EXPRESS LTD    ,Listed    ,05 FEB 2026,              10.00,          23727934,           5884.00,   139615163656.00  
05 FEB 2026,BLUEJET,EQ,BLUE JET HEALTHCARE LTD  ,Listed    ,05 FEB 2026,               2.00,         173465425,            406.70,    70548388347.50   
05 FEB 2026,BLUEPEBBLE,SM,BLUE PEBBLE LIMITED      ,Listed    ,05 FEB 2026,              10.00,           4080000,            142.20,      580176000.00
05 FEB 2026,BLUESTARCO,EQ,BLUE STAR LIMITED        ,Listed    ,05 FEB 2026,               2.00,         205614788,           1862.00,   382854735256.00
05 FEB 2026,BLUESTONE,EQ,BLUESTONE JEWEL LFSTL LTD,Listed    ,05 FEB 2026,               1.00,         151320372,            441.05,    66739850070.60 
05 FEB 2026,BLUEWATER,SM,BLUE WATER LOGISTICS LTD ,Listed    ,05 FEB 2026,              10.00,          11000000,            136.50,     1501500000.00 
05 FEB 2026,BLUSPRING,EQ,BLUSPRING ENTERPRISES LTD,Listed    ,05 FEB 2026,              10.00,         148949413,             58.80,     8759714978.55 
05 FEB 2026,BMETRICS,SM,BOMBAY METRICS S C LTD   ,Listed    ,05 FEB 2026,              10.00,          12313920,             38.00,      467928960.00  
05 FEB 2026,BMWVENTLTD,EQ,BMW VENTURES LIMITED     ,Listed    ,05 FEB 2026,              10.00,          86715000,             59.50,     5157808200.00
05 FEB 2026,BODALCHEM,EQ,BODAL CHEMICALS LTD      ,Listed    ,05 FEB 2026,               2.00,         125944065,             51.75,     6520124245.05 
05 FEB 2026,BOHRAIND,EQ,BOHRA INDUSTRIES LIMITED ,Listed    ,05 FEB 2026,              10.00,          21172152,             19.55,      413915571.60  
05 FEB 2026,BOMDYEING,EQ,BOMBAY DYEING & MFG. CO L,Listed    ,05 FEB 2026,               2.00,         206534900,            121.50,    25091925001.00 
05 FEB 2026,BORANA,BE,BORANA WEAVES LIMITED    ,Listed    ,05 FEB 2026,              10.00,          26645295,            381.90,    10175838160.50    
05 FEB 2026,BOROLTD,EQ,BOROSIL LIMITED          ,Listed    ,05 FEB 2026,               1.00,         119580599,            257.95,    30845815512.05   
05 FEB 2026,BORORENEW,EQ,BOROSIL RENEWABLES LTD   ,Listed    ,05 FEB 2026,               1.00,         140188845,            508.90,    71342103220.50 
05 FEB 2026,BOROSCI,EQ,BOROSIL SCIENTIFIC LTD   ,Listed    ,05 FEB 2026,               1.00,          88947050,            105.80,     9410597890.00   
05 FEB 2026,BOSCH-HCIL,EQ,BOSCH HOME COMFRT IND LTD,Listed    ,05 FEB 2026,              10.00,          27190884,           1323.80,    35995292239.20
05 FEB 2026,BOSCHLTD,EQ,BOSCH LIMITED            ,Listed    ,05 FEB 2026,              10.00,          29493640,          36275.00,  1069881791000.00  
05 FEB 2026,BOSS,SM,BOSS PACKAGING SOLU LTD  ,Listed    ,01 FEB 2026,              10.00,           4446260,             36.20,      160954612.00      
05 FEB 2026,BPCL,EQ,BHARAT PETROLEUM CORP  LT,Listed    ,05 FEB 2026,              10.00,        4338505488,            382.05,  1657526021690.40      
05 FEB 2026,BPL,EQ,BPL LTD                  ,Listed    ,05 FEB 2026,              10.00,          48975751,             58.00,     2841083315.50       
05 FEB 2026,BRACEPORT,SM,BRACE PORT LOGISTICS LTD ,Listed    ,05 FEB 2026,              10.00,          11301200,             81.55,      921612860.00 
05 FEB 2026,BRIGADE,EQ,BRIGADE ENTER. LTD       ,Listed    ,05 FEB 2026,              10.00,         244498273,            771.45,   188618192705.85   
05 FEB 2026,BRIGHOTEL,EQ,BRIGADE HOTEL VENTURE LTD,Listed    ,05 FEB 2026,              10.00,         379842565,             61.30,    23280550808.85 
05 FEB 2026,BRITANNIA,EQ,BRITANNIA INDUSTRIES LTD ,Listed    ,05 FEB 2026,               1.00,         240868296,           5870.50,  1414017331668.00 
05 FEB 2026,BRNL,EQ,BHARAT ROAD NETWORK LTD  ,Listed    ,05 FEB 2026,              10.00,          83950000,             20.70,     1736925500.00      
05 FEB 2026,BROOKS,EQ,BROOKS LAB LIMITED       ,Listed    ,05 FEB 2026,              10.00,          29457248,             60.95,     1795713838.10    
05 FEB 2026,BSE,EQ,BSE LIMITED              ,Listed    ,05 FEB 2026,               2.00,         407884077,           2892.20,  1179682327499.40       
05 FEB 2026,BSHSL,EQ,BOMBAY SUPER HYBRID SEEDS,Listed    ,05 FEB 2026,               1.00,         104937280,             90.05,     9449602064.00     
05 FEB 2026,BSL,EQ,BSL LTD                  ,Listed    ,05 FEB 2026,              10.00,          10292168,            139.10,     1431846412.15       
05 FEB 2026,BSOFT,EQ,BIRLASOFT LIMITED        ,Listed    ,05 FEB 2026,               2.00,         278690185,            460.55,   128350764701.75     
05 FEB 2026,BTML,EQ,BODHI TREE MULTIMEDIA LTD,Listed    ,05 FEB 2026,               1.00,         180497777,              7.45,     1348318394.20      
05 FEB 2026,BUILDPRO,EQ,SHANKARA BUILDPRO LIMITED,Listed    ,05 FEB 2026,              10.00,          24249326,            829.25,    20108753585.50  
05 FEB 2026,BULKCORP,SM,BULKCORP INTERNATIONAL L ,Listed    ,04 FEB 2026,              10.00,           7514064,             55.15,      414400629.60  
05 FEB 2026,BUTTERFLY,EQ,BTRFLY GANDHI APPL LTD   ,Listed    ,05 FEB 2026,              10.00,          17879551,            626.00,    11192598926.00 
05 FEB 2026,BVCL,EQ,BARAK VALLEY CEM. LTD.   ,Listed    ,05 FEB 2026,              10.00,          22160000,             51.00,     1129716800.00      
05 FEB 2026,BYKE,EQ,THE BYKE HOSPITALITY LTD ,Listed    ,05 FEB 2026,              10.00,          52279300,             52.10,     2724797116.00      
05 FEB 2026,C2C,SM,C2C ADVANCED SYSTEMS LTD ,Listed    ,05 FEB 2026,              10.00,          16968433,            375.65,     6374191856.45       
05 FEB 2026,CADSYS,SM,CADSYS (INDIA) LIMITED   ,Listed    ,05 FEB 2026,              10.00,          10002500,             48.70,      487121750.00    
05 FEB 2026,CALSOFT,EQ,CALIFORNIA SOFTWARE CO LT,Listed    ,05 FEB 2026,              10.00,          15457106,             14.35,      221500329.00   
05 FEB 2026,CAMLINFINE,EQ,CAMLIN FINE SCIENCES LTD ,Listed    ,05 FEB 2026,               1.00,         192086613,            171.75,    32988954916.60
05 FEB 2026,CAMPUS,EQ,CAMPUS ACTIVEWEAR LIMITED,Listed    ,05 FEB 2026,               5.00,         305530332,            269.05,    82202935824.60    
05 FEB 2026,CAMS,EQ,COMPUTER AGE MNGT SER LTD,Listed    ,05 FEB 2026,               2.00,         247650635,            731.40,   181131674439.00      
05 FEB 2026,CANARYS,SM,CANARYS AUTOMATIONS LTD  ,Listed    ,05 FEB 2026,               2.00,          57196113,             26.00,     1487098938.00   
05 FEB 2026,CANBK,EQ,CANARA BANK              ,Listed    ,05 FEB 2026,               2.00,        9070651260,            148.30,  1345086875345.40     
05 FEB 2026,CANFINHOME,EQ,CAN FIN HOMES LTD        ,Listed    ,05 FEB 2026,               2.00,         133154125,            937.40,   124818676775.00
05 FEB 2026,CANHLIFE,EQ,CANARA HSBC LIFE INS CO L,Listed    ,05 FEB 2026,              10.00,         950000000,            145.00,   137740500000.00  
05 FEB 2026,CANTABIL,EQ,CANTABIL RETAIL LTD      ,Listed    ,05 FEB 2026,               2.00,          83638040,            307.75,    25739606810.00  
05 FEB 2026,CAPACITE,EQ,CAPACITE INFRAPROJECT LTD,Listed    ,05 FEB 2026,              10.00,          84604043,            236.95,    20045235908.00  
05 FEB 2026,CAPILLARY,EQ,CAPILLARY TECHNO INDIA L ,Listed    ,05 FEB 2026,               2.00,          79311773,            611.60,    48507080366.80 
05 FEB 2026,CAPINVIT,IV,CAPITAL INFRA TRUST      ,Listed    ,05 FEB 2026,              99.00,         491551733,             74.00,    36364997207.35  
05 FEB 2026,CAPITALSFB,EQ,CAPITAL SMALL FIN BANK L ,Listed    ,05 FEB 2026,              10.00,          45418771,            257.70,    11704417286.70
05 FEB 2026,CAPLIPOINT,EQ,CAPLIN POINT LAB LTD.    ,Listed    ,05 FEB 2026,               2.00,          76011696,           1903.90,   144718668014.40
05 FEB 2026,CAPTRUST,EQ,CAPITAL TRUST LIMITED    ,Listed    ,05 FEB 2026,              10.00,          34019404,             15.40,      524239015.65  
05 FEB 2026,CARBORUNIV,EQ,CARBORUNDUM UNIVERSAL LTD,Listed    ,05 FEB 2026,               1.00,         190440988,            790.45,   150534078964.60
05 FEB 2026,CARERATING,EQ,CARE RATINGS LIMITED     ,Listed    ,05 FEB 2026,              10.00,          30025029,           1649.20,    49517277826.80
05 FEB 2026,CARRARO,EQ,CARRARO INDIA LIMITED    ,Listed    ,05 FEB 2026,              10.00,          56851538,            540.15,    30708358250.70   
05 FEB 2026,CARTRADE,EQ,CARTRADE TECH LIMITED    ,Listed    ,05 FEB 2026,              10.00,          47842935,           2302.00,   110134436370.00  
05 FEB 2026,CARYSIL,EQ,CARYSIL LIMITED          ,Listed    ,05 FEB 2026,               2.00,          28442606,            940.05,    26737471770.30   
05 FEB 2026,CASTROLIND,EQ,CASTROL INDIA LIMITED    ,Listed    ,05 FEB 2026,               5.00,         989122384,            185.60,   183591005694.25
05 FEB 2026,CBAZAAR,ST,NET AVENUE TECHNOLOGIES L,Listed    ,05 FEB 2026,               1.00,          21454078,              3.90,       83670904.20   
05 FEB 2026,CCAVENUE,EQ,AVENUESAI LIMITED        ,Listed    ,05 FEB 2026,               1.00,        3477043839,             17.05,    59214056578.15  
05 FEB 2026,CCCL,BE,CONS. CONST. CONSORT LTD ,Listed    ,05 FEB 2026,               2.00,         446759451,             19.00,     8488429569.00      
05 FEB 2026,CCHHL,EQ,COUNTRY CLUB HOSP HOL LTD,Listed    ,05 FEB 2026,               2.00,         163464735,             13.45,     2198600685.75     
05 FEB 2026,CCL,EQ,CCL PRODUCTS (I) LTD     ,Listed    ,05 FEB 2026,               2.00,         133527920,            990.00,   132192640800.00       
05 FEB 2026,CDSL,EQ,CENTRAL DEPO SER (I) LTD ,Listed    ,05 FEB 2026,              10.00,         209000000,           1363.30,   284929700000.00      
05 FEB 2026,CEATLTD,EQ,CEAT LIMITED             ,Listed    ,05 FEB 2026,              10.00,          40450092,           3878.10,   156869501785.20   
05 FEB 2026,CEDAAR,SM,CEDAAR TEXTILE LIMITED   ,Listed    ,05 FEB 2026,              10.00,          13878600,             43.00,      596779800.00    
05 FEB 2026,CEIGALL,EQ,CEIGALL INDIA LIMITED    ,Listed    ,05 FEB 2026,               5.00,         174204861,            288.40,    50240681912.40   
05 FEB 2026,CELEBRITY,EQ,CELEBRITY FASHIONS LTD   ,Listed    ,05 FEB 2026,              10.00,          59678413,              8.95,      533525012.20 
05 FEB 2026,CELLECOR,SM,CELLECOR GADGETS LIMITED ,Listed    ,05 FEB 2026,               1.00,         220677800,             28.15,     6212080070.00  
05 FEB 2026,CELLO,EQ,CELLO WORLD LIMITED      ,Listed    ,05 FEB 2026,               5.00,         220885034,            506.55,   111889313972.70     
05 FEB 2026,CELLPOINT,SM,CELL POINT (INDIA) LTD   ,Listed    ,05 FEB 2026,              10.00,          18685600,             16.15,      301772440.00 
05 FEB 2026,CEMPRO,EQ,CEMINDIA PROJECTS LIMITED,Listed    ,05 FEB 2026,               1.00,         171787584,            678.85,   116618001398.40    
05 FEB 2026,CENTENKA,EQ,CENTURY ENKA LTD         ,Listed    ,05 FEB 2026,              10.00,          21850589,            459.10,    10031605409.90  
05 FEB 2026,CENTEXT,EQ,CENTURY EXTRUSIONS LTD   ,Listed    ,05 FEB 2026,               1.00,          80000000,             21.25,     1698400000.00   
05 FEB 2026,CENTRALBK,EQ,CENTRAL BANK OF INDIA    ,Listed    ,05 FEB 2026,              10.00,        9051401274,             36.95,   334630305099.80 
05 FEB 2026,CENTRUM,EQ,CENTRUM CAPITAL LIMITED  ,Listed    ,05 FEB 2026,               1.00,         459579194,             25.10,    11535437769.40   
05 FEB 2026,CENTUM,EQ,CENTUM ELECTRONICS LTD   ,Listed    ,05 FEB 2026,              10.00,          14736150,           2324.50,    34254180675.00    
05 FEB 2026,CENTURYPLY,EQ,CENTURY PLYBOARDS (I) LTD,Listed    ,05 FEB 2026,               1.00,         222172990,            785.75,   174572426892.50
05 FEB 2026,CERA,EQ,CERA SANITARYWARE LTD    ,Listed    ,05 FEB 2026,               5.00,          12897541,           5053.60,    65179013197.60      
05 FEB 2026,CEREBRAINT,BZ,CEREBRA INT TECH LTD     ,Listed    ,05 FEB 2026,              10.00,         111986482,              5.65,      632723623.30
05 FEB 2026,CESC,EQ,CESC LTD                 ,Listed    ,05 FEB 2026,               1.00,        1325570430,            154.40,   204641562983.40      
05 FEB 2026,CEWATER,EQ,CONCORD ENVIRO SYSTEMS L ,Listed    ,05 FEB 2026,               5.00,          20696233,            396.45,     8205021572.85   
05 FEB 2026,CGCL,EQ,CAPRI GLOBAL CAPITAL LTD ,Listed    ,05 FEB 2026,               1.00,         962153962,            169.80,   163364121208.00      
05 FEB 2026,CGPOWER,EQ,CG POWER AND IND SOL LTD ,Listed    ,05 FEB 2026,               2.00,        1574857609,            668.00,  1052004882812.00   
05 FEB 2026,CGRAPHICS,SM,CREATIVE GRAPHICS S IND L,Listed    ,05 FEB 2026,              10.00,          24286000,            157.40,     3822616400.00 
05 FEB 2026,CHALET,EQ,CHALET HOTELS LIMITED    ,Listed    ,05 FEB 2026,              10.00,         218739432,            851.70,   186300374234.40    
05 FEB 2026,CHAMBLFERT,EQ,CHAMBAL FERTILIZERS LTD  ,Listed    ,05 FEB 2026,              10.00,         400652297,            427.45,   171258824352.65
05 FEB 2026,CHAMUNDA,SM,CHAMUNDA ELECTRICAL LTD  ,Listed    ,05 FEB 2026,              10.00,          11004594,             45.30,      498508108.20  
05 FEB 2026,CHANDAN,SM,CHANDAN HEALTHCARE LTD   ,Listed    ,05 FEB 2026,              10.00,          24452064,            263.45,     6441896260.80   
05 FEB 2026,CHAVDA,SM,CHAVDA INFRA LIMITED     ,Listed    ,05 FEB 2026,              10.00,          24656000,            108.75,     2681340000.00    
05 FEB 2026,CHEMBOND,EQ,CHEMBOND MATERIALTECH LTD,Listed    ,05 FEB 2026,               5.00,          13448288,            148.40,     1995994904.95  
05 FEB 2026,CHEMBONDCH,EQ,CHEMBOND CHEMICAL LIMITED,Listed    ,05 FEB 2026,               5.00,          26896576,            154.55,     4156596855.05
05 FEB 2026,CHEMCON,EQ,CHEMCON SPECIAL CHEM LTD ,Listed    ,05 FEB 2026,              10.00,          36630701,            183.70,     6728327159.70   
05 FEB 2026,CHEMFAB,EQ,CHEMFAB ALKALIS LIMITED  ,Listed    ,05 FEB 2026,              10.00,          14373702,            404.45,     5813443773.90   
05 FEB 2026,CHEMPLASTS,EQ,CHEMPLAST SANMAR LIMITED ,Listed    ,05 FEB 2026,               5.00,         158109574,            261.25,    41306126207.50
05 FEB 2026,CHENNPETRO,EQ,CHENNAI PETROLEUM CORP LT,Listed    ,05 FEB 2026,              10.00,         148911400,            894.40,   133186356160.00
05 FEB 2026,CHETANA,SM,CHETANA EDUCATION LIMITED,Listed    ,05 FEB 2026,              10.00,          20400000,             46.00,      938400000.00   
05 FEB 2026,CHEVIOT,EQ,CHEVIOT COMPANY LIMITED  ,Listed    ,05 FEB 2026,              10.00,           5841875,           1031.80,     6027646625.00   
05 FEB 2026,CHOICEIN,EQ,CHOICE INTERNATIONAL LTD ,Listed    ,05 FEB 2026,              10.00,         205655500,            775.85,   159557819675.00  
05 FEB 2026,CHOLAFIN,EQ,CHOLAMANDALAM IN & FIN CO,Listed    ,05 FEB 2026,               2.00,         843853491,           1722.30,  1453368867549.30  
05 FEB 2026,CHOLAHLDNG,EQ,CHOLAMANDALAM FIN HOL LTD,Listed    ,05 FEB 2026,               1.00,         187777462,           1676.40,   314790137296.80
05 FEB 2026,CIEINDIA,EQ,CIE AUTOMOTIVE INDIA LTD ,Listed    ,05 FEB 2026,              10.00,         379362377,            430.10,   163163758347.70  
05 FEB 2026,CIFL,EQ,CAPITAL INDIA FINANCE LTD,Listed    ,05 FEB 2026,               2.00,         389708800,             32.00,    12478475776.00      
05 FEB 2026,CIGNITITEC,EQ,CIGNITI TECHNOLOGIES LTD ,Listed    ,05 FEB 2026,              10.00,          27546959,           1571.30,    43284536676.70
05 FEB 2026,CINELINE,EQ,CINELINE INDIA LIMITED   ,Listed    ,05 FEB 2026,               5.00,          34266434,             83.30,     2853708623.50  
05 FEB 2026,CINEVISTA,EQ,CINEVISTA LIMITED        ,Listed    ,05 FEB 2026,               2.00,          57436475,             15.85,      910368128.75 
05 FEB 2026,CIPLA,EQ,CIPLA LTD                ,Listed    ,05 FEB 2026,               2.00,         807771798,           1333.30,  1077002138273.40     
05 FEB 2026,CLASSICEIL,SM,CLASSIC ELECTRODE (IND) L,Listed    ,05 FEB 2026,              10.00,          17964950,             51.10,      918008945.00
05 FEB 2026,CLCIND,BE,CLC INDUSTRIES LIMITED   ,Listed    ,05 FEB 2026,              10.00,          10394680,             11.40,      118603298.80    
05 FEB 2026,CLEAN,EQ,CLEAN SCIENCE & TECH LTD ,Listed    ,05 FEB 2026,               1.00,         106276499,            809.65,    86046767415.35     
05 FEB 2026,CLEDUCATE,EQ,CL EDUCATE LIMITED       ,Listed    ,05 FEB 2026,               5.00,          54223958,             73.85,     4004439298.30 
05 FEB 2026,CLSEL,EQ,CHAMAN LAL SETIA EXP LTD ,Listed    ,05 FEB 2026,               2.00,          49725620,            264.65,    13158890820.60     
05 FEB 2026,CLSL,SM,CROP LIFE SCIENCE LIMITED,Listed    ,05 FEB 2026,              10.00,          17140000,             49.50,      848430000.00      
05 FEB 2026,CMNL,SM,CHAMAN METALLICS LIMITED ,Listed    ,05 FEB 2026,              10.00,          24134764,            115.05,     2776704598.20      
05 FEB 2026,CMRSL,SM,CYBER MEDIA RES & SER LTD,Listed    ,05 FEB 2026,              10.00,           2928000,             70.65,      206863200.00     
05 FEB 2026,CMSINFO,EQ,CMS INFO SYSTEMS LIMITED ,Listed    ,05 FEB 2026,              10.00,         164472541,            324.85,    53428904943.85   
05 FEB 2026,CNL,EQ,CREATIVE NEWTECH LIMITED ,Listed    ,05 FEB 2026,              10.00,          15016675,            706.15,    10604025051.25       
05 FEB 2026,COALINDIA,EQ,COAL INDIA LTD           ,Listed    ,05 FEB 2026,              10.00,        6162728327,            431.85,  2661374228014.95 
05 FEB 2026,COASTCORP,BE,COASTAL CORPORATION LTD  ,Listed    ,05 FEB 2026,               2.00,          66977230,             52.90,     3543765239.30 
05 FEB 2026,COCHINSHIP,EQ,COCHIN SHIPYARD LIMITED  ,Listed    ,05 FEB 2026,               5.00,         263080780,           1482.90,   390122488662.00
05 FEB 2026,COFFEEDAY,EQ,COFFEE DAY ENTERPRISE LTD,Listed    ,05 FEB 2026,              10.00,         211251719,             30.20,     6375576879.40 
05 FEB 2026,COFORGE,EQ,COFORGE LIMITED          ,Listed    ,05 FEB 2026,               2.00,         335041808,           1599.80,   535999884438.40   
05 FEB 2026,COHANCE,EQ,COHANCE LIFESCIENCES LTD ,Listed    ,05 FEB 2026,               1.00,         382567140,            356.80,   136499955552.00   
05 FEB 2026,COLPAL,EQ,COLGATE PALMOLIVE LTD.   ,Listed    ,05 FEB 2026,               1.00,         271985634,           2114.30,   575059225966.20    
05 FEB 2026,COMMITTED,SM,COMMITTED CARGO CARE LTD ,Listed    ,05 FEB 2026,              10.00,          11459600,            195.00,     2234622000.00 
05 FEB 2026,COMPINFO,BZ,COMPUAGE INFOCOM LTD     ,Listed    ,05 FEB 2026,               2.00,          85768064,              1.40,      119217608.95  
05 FEB 2026,COMPUSOFT,EQ,COMPUCOM SOFTWARE LTD    ,Listed    ,05 FEB 2026,               2.00,          79125188,             14.20,     1121995165.85 
05 FEB 2026,COMSYN,BE,COMMERCIAL SYN BAGS LTD  ,Listed    ,05 FEB 2026,              10.00,          39952200,            167.10,     6676811664.00    
05 FEB 2026,CONCOR,EQ,CONTAINER CORP OF IND LTD,Listed    ,05 FEB 2026,               5.00,         761617935,            522.05,   397602642966.75    
05 FEB 2026,CONCORDBIO,EQ,CONCORD BIOTECH LIMITED  ,Listed    ,05 FEB 2026,               1.00,         104616204,           1168.20,   122212649512.80
05 FEB 2026,CONFIPET,EQ,CONFIDENCE PETRO IND LTD.,Listed    ,05 FEB 2026,               1.00,         332241043,             31.60,    10495494548.35  
05 FEB 2026,CONNPLEX,SM,CONNPLEX CINEMAS LIMITED ,Listed    ,05 FEB 2026,              10.00,          19100000,            249.70,     4769270000.00  
05 FEB 2026,CONSOFINVT,EQ,CONSO. FIN. & HOLD. LTD. ,Listed    ,05 FEB 2026,              10.00,          32326366,            195.30,     6313016016.15
05 FEB 2026,CONTI,SM,CONTINENTAL SEED CHEM LTD,Listed    ,02 FEB 2026,              10.00,          13702438,             20.90,      286380954.20     
05 FEB 2026,CONTROLPR,EQ,CONTROL PRINT LIMITED    ,Listed    ,05 FEB 2026,              10.00,          15994212,            651.15,    10414631143.80 
05 FEB 2026,COOLCAPS,SM,COOL CAPS INDUSTRIES LTD ,Listed    ,05 FEB 2026,               2.00,         115600000,             31.60,     3652960000.00  
05 FEB 2026,CORALFINAC,EQ,CORAL INDIA FIN & HOUS LT,Listed    ,05 FEB 2026,               2.00,          40302225,             34.45,     1388008629.00
05 FEB 2026,CORDSCABLE,EQ,CORDS CABLE INDUS LTD.   ,Listed    ,05 FEB 2026,              10.00,          12927780,            171.05,     2211555324.60
05 FEB 2026,COROMANDEL,EQ,COROMANDEL INTERNTL. LTD ,Listed    ,05 FEB 2026,               1.00,         294995409,           2249.30,   663533173463.70
05 FEB 2026,CORONA,EQ,CORONA REMEDIES LIMITED  ,Listed    ,05 FEB 2026,              10.00,          61160088,           1526.00,    93330294288.00    
05 FEB 2026,COSMOFIRST,EQ,COSMO FIRST LIMITED      ,Listed    ,05 FEB 2026,              10.00,          26249727,            630.25,    16543890441.75
05 FEB 2026,COUNCODOS,EQ,COUNTRY CONDO S LIMITED  ,Listed    ,05 FEB 2026,               1.00,          77597300,              5.15,      398074149.00 
05 FEB 2026,CPCAP,EQ,CP CAPITAL LIMITED       ,Listed    ,05 FEB 2026,              10.00,          18192939,             97.80,     1778905575.40     
05 FEB 2026,CPEDU,EQ,CAREER POINT EDUTECH LTD ,Listed    ,05 FEB 2026,              10.00,          18192939,            221.90,     4037195093.50     
05 FEB 2026,CPPLUS,EQ,ADITYA INFOTECH LIMITED  ,Listed    ,05 FEB 2026,               1.00,         117545019,           1476.30,   173531711549.70    
05 FEB 2026,CPS,ST,C P S SHAPERS LIMITED    ,Listed    ,04 FEB 2026,              10.00,           2278020,           1293.90,     2947530078.00       
05 FEB 2026,CRAFTSMAN,EQ,CRAFTSMAN AUTOMATION LTD ,Listed    ,05 FEB 2026,               5.00,          23855583,           7836.00,   186932348388.00 
05 FEB 2026,CRAMC,EQ,CANARA ROBECO AMC LIMITED,Listed    ,05 FEB 2026,              10.00,         199417428,            255.10,    50871385882.80     
05 FEB 2026,CRAYONS,SM,CRAYONS ADVERTISING LTD  ,Listed    ,05 FEB 2026,              10.00,          24430000,             41.00,     1001630000.00   
05 FEB 2026,CREATIVEYE,EQ,CREATIVE EYE LIMITED     ,Listed    ,05 FEB 2026,               5.00,          20058250,              6.65,      133788527.50
05 FEB 2026,CREDITACC,EQ,CREDITACCESS GRAMEEN LTD ,Listed    ,05 FEB 2026,              10.00,         160013081,           1290.90,   206560886262.90 
05 FEB 2026,CREST,EQ,CREST VENTURES LIMITED   ,Listed    ,05 FEB 2026,              10.00,          28450000,            359.70,    10233465000.00     
05 FEB 2026,CRISIL,EQ,CRISIL LTD               ,Listed    ,05 FEB 2026,               1.00,          73130017,           4636.90,   339096575827.30    
05 FEB 2026,CRIZAC,EQ,CRIZAC LIMITED           ,Listed    ,05 FEB 2026,               2.00,         174982500,            236.10,    41313368250.00    
05 FEB 2026,CROMPTON,EQ,CROMPT GREA CON ELEC LTD ,Listed    ,05 FEB 2026,               2.00,         643914875,            246.65,   158808725621.25  
05 FEB 2026,CROWN,EQ,CROWN LIFTERS LIMITED    ,Listed    ,05 FEB 2026,              10.00,          11275844,            133.75,     1507918618.10     
05 FEB 2026,CSBBANK,EQ,CSB BANK LIMITED         ,Listed    ,05 FEB 2026,              10.00,         173485827,            413.75,    71779760921.25   
05 FEB 2026,CSLFINANCE,EQ,CSL FINANCE LIMITED      ,Listed    ,05 FEB 2026,              10.00,          22782621,            262.25,     5974742357.25
05 FEB 2026,CSSL,SM,CLEAR SECURED SERVICES L ,Listed    ,05 FEB 2026,              10.00,          24047112,            130.10,     3128529271.20      
05 FEB 2026,CTE,EQ,CAMBRIDGE TECH ENTER LTD ,Listed    ,05 FEB 2026,              10.00,          19631015,             35.90,      704360818.20       
05 FEB 2026,CUB,EQ,CITY UNION BANK LTD      ,Listed    ,05 FEB 2026,               1.00,         742098317,            293.65,   217917170787.05       
05 FEB 2026,CUBEINVIT,IV,CUBE HIGHWAYS TRUST      ,Listed    ,05 FEB 2026,             100.00,        1344069762,            140.00,   188169766680.00 
05 FEB 2026,CUBEXTUB,EQ,CUBEX TUBINGS LTD        ,Listed    ,05 FEB 2026,              10.00,          14318975,            114.60,     1641097724.75  
05 FEB 2026,CUDML,SM,CASH UR DRIVE MARKETING L,Listed    ,05 FEB 2026,              10.00,          17645800,            127.90,     2256897820.00     
05 FEB 2026,CUMMINSIND,EQ,CUMMINS INDIA LTD        ,Listed    ,05 FEB 2026,               2.00,         277200000,           4391.40,  1217296080000.00
05 FEB 2026,CUPID,EQ,CUPID LIMITED            ,Listed    ,05 FEB 2026,               1.00,         268467140,            420.05,   112769622157.00     
05 FEB 2026,CURAA,BE,CURA TECHNOLOGIES LIMITED,Listed    ,05 FEB 2026,              10.00,           9900000,             89.45,      885753000.00     
05 FEB 2026,CURIS,SM,CURIS LIFESCIENCES LTD   ,Listed    ,05 FEB 2026,              10.00,           8084434,            105.55,      853312008.70     
05 FEB 2026,CURRENT,SM,CURRENT INFRAPROJECTS LTD,Listed    ,04 FEB 2026,              10.00,          19148000,            124.00,     2374352000.00   
05 FEB 2026,CYBERMEDIA,EQ,CYBER MEDIA (INDIA) LTD. ,Listed    ,05 FEB 2026,              10.00,          15667242,             15.45,      242058888.90
05 FEB 2026,CYBERTECH,EQ,CYBERTECH SYSTEMS & SOFTW,Listed    ,05 FEB 2026,              10.00,          31130593,            133.95,     4169942932.35 
05 FEB 2026,CYIENT,EQ,CYIENT LIMITED           ,Listed    ,05 FEB 2026,               5.00,         111102195,           1102.10,   122445729109.50    
05 FEB 2026,CYIENTDLM,EQ,CYIENT DLM LIMITED       ,Listed    ,05 FEB 2026,              10.00,          79364396,            357.85,    28400549108.60 
05 FEB 2026,DABUR,EQ,DABUR INDIA LTD          ,Listed    ,05 FEB 2026,               1.00,        1773690172,            504.30,   894471953739.60     
05 FEB 2026,DALBHARAT,EQ,DALMIA BHARAT LIMITED    ,Listed    ,05 FEB 2026,               2.00,         187565161,           2153.60,   403940330729.60 
05 FEB 2026,DALMIASUG,EQ,DALMIA BHARAT SUG IN LTD ,Listed    ,05 FEB 2026,               2.00,          80939303,            289.65,    23444069113.95 
05 FEB 2026,DAMCAPITAL,EQ,DAM CAPITAL ADVISORS LTD ,Listed    ,05 FEB 2026,               2.00,          70686000,            170.20,    12031464060.00
05 FEB 2026,DAMODARIND,EQ,DAMODAR INDUSTRIES LTD   ,Listed    ,05 FEB 2026,               5.00,          23300000,             27.35,      637488000.00
05 FEB 2026,DANGEE,EQ,DANGEE DUMS LIMITED      ,Listed    ,05 FEB 2026,               1.00,         153975000,              3.10,      475782750.00    
05 FEB 2026,DANISH,SM,DANISH POWER LIMITED     ,Listed    ,05 FEB 2026,              10.00,          19691610,            618.80,    12185168268.00    
05 FEB 2026,DATAMATICS,EQ,DATAMATICS GLOBAL SER LTD,Listed    ,05 FEB 2026,               5.00,          59106389,            769.20,    45464634418.80
05 FEB 2026,DATAPATTNS,EQ,DATA PATTERNS INDIA LTD  ,Listed    ,05 FEB 2026,               2.00,          55983969,           2523.50,   141275545771.50
05 FEB 2026,DAVANGERE,EQ,DAVANGERE SUGAR COMPANY L,Listed    ,05 FEB 2026,               1.00,        1429990798,              4.20,     5977361535.65 
05 FEB 2026,DBCORP,EQ,D.B.CORP LTD             ,Listed    ,05 FEB 2026,              10.00,         178242357,            238.90,    42585663934.45    
05 FEB 2026,DBEIL,EQ,DEEPAK BUILDERS & ENG I L,Listed    ,05 FEB 2026,              10.00,          46580860,             91.05,     4241187303.00     
05 FEB 2026,DBL,EQ,DILIP BUILDCON LIMITED   ,Listed    ,05 FEB 2026,              10.00,         162444833,            459.20,    74594667313.60       
05 FEB 2026,DBOL,EQ,DHAMPUR BIO ORGANICS LTD ,Listed    ,05 FEB 2026,              10.00,          66387590,            100.90,     6699835582.80      
05 FEB 2026,DBREALTY,EQ,VALOR ESTATE LIMITED     ,Listed    ,05 FEB 2026,              10.00,         539204431,            120.70,    65071190733.10  
05 FEB 2026,DBSTOCKBRO,EQ,DB (INT) STOCK BROKERS   ,Listed    ,05 FEB 2026,               2.00,          35000000,             24.95,      873600000.00
05 FEB 2026,DCAL,EQ,DISHMAN CARBO AMCIS LTD  ,Listed    ,05 FEB 2026,               2.00,         156783095,            210.30,    32974620540.40      
05 FEB 2026,DCBBANK,EQ,DCB BANK LIMITED         ,Listed    ,05 FEB 2026,              10.00,         321712297,            190.90,    61421311743.25   
05 FEB 2026,DCCL,SM,DAR CREDIT & CAPITAL LTD ,Listed    ,04 FEB 2026,              10.00,          14276000,             45.00,      642420000.00      
05 FEB 2026,DCG,SM,DCG CABLES & WIRES LTD   ,Listed    ,05 FEB 2026,              10.00,          18149600,             60.00,     1088976000.00       
05 FEB 2026,DCI,EQ,DC INFOTECH AND COMUN LTD,Listed    ,05 FEB 2026,              10.00,          16000000,            236.40,     3782720000.00       
05 FEB 2026,DCM,EQ,DCM LTD                  ,Listed    ,05 FEB 2026,              10.00,          18677749,             88.25,     1647937794.25       
05 FEB 2026,DCMFINSERV,EQ,DCM FINANCIAL SERVICES LT,Listed    ,05 FEB 2026,              10.00,          18781987,              4.65,       87524059.40
05 FEB 2026,DCMNVL,EQ,DCM NOUVELLE LIMITED     ,Listed    ,05 FEB 2026,              10.00,          18677749,            134.95,     2520749005.05    
05 FEB 2026,DCMSHRIRAM,EQ,DCM SHRIRAM LIMITED      ,Listed    ,05 FEB 2026,               2.00,         155942296,           1155.60,   180206917257.60
05 FEB 2026,DCMSRIND,EQ,DCM SHRIRAM IND LTD      ,Listed    ,05 FEB 2026,               2.00,          86992185,             38.85,     3379646387.25  
05 FEB 2026,DCW,EQ,DCW LTD                  ,Listed    ,05 FEB 2026,               2.00,         295155017,             48.30,    14261890421.45       
05 FEB 2026,DCXINDIA,EQ,DCX SYSTEMS LIMITED      ,Listed    ,05 FEB 2026,               2.00,         111386427,            167.70,    18680617672.15  
05 FEB 2026,DDEVPLSTIK,EQ,DDEV PLASTIKS IND LTD    ,Listed    ,05 FEB 2026,               1.00,         103476664,            292.30,    30246228887.20
05 FEB 2026,DECCANCE,EQ,DECCAN CEMENTS LIMITED   ,Listed    ,05 FEB 2026,               5.00,          14007500,            674.20,     9443856500.00  
05 FEB 2026,DECCANTRAN,SM,DECCAN TRANSCON LEASING L,Listed    ,05 FEB 2026,              10.00,          22723448,             23.80,      540818062.40
05 FEB 2026,DEEDEV,EQ,DEE DEVELOPMENT ENG LTD  ,Listed    ,05 FEB 2026,              10.00,          69263342,            209.10,    14482272178.80    
05 FEB 2026,DEEM,SM,DEEM ROLL TECH LIMITED   ,Listed    ,04 FEB 2026,              10.00,           8337272,             42.80,      356835241.60      
05 FEB 2026,DEEPAKFERT,EQ,DEEPAK FERTILIZERS & PETR,Listed    ,05 FEB 2026,              10.00,         126237825,           1017.80,   128484858285.00
05 FEB 2026,DEEPAKNTR,EQ,DEEPAK NITRITE LTD       ,Listed    ,05 FEB 2026,               2.00,         136393041,           1606.80,   219156338278.80 
05 FEB 2026,DEEPINDS,EQ,DEEP INDUSTRIES LIMITED  ,Listed    ,05 FEB 2026,               5.00,          64000000,            413.80,    26483200000.00  
05 FEB 2026,DELAPLEX,SM,DELAPLEX LIMITED         ,Listed    ,05 FEB 2026,              10.00,           9110000,            108.60,      989346000.00  
05 FEB 2026,DELHIVERY,EQ,DELHIVERY LIMITED        ,Listed    ,05 FEB 2026,               1.00,         748095781,            444.10,   332229336342.10 
05 FEB 2026,DELPHIFX,EQ,DELPHI WORLD MONEY LTD   ,Listed    ,05 FEB 2026,              10.00,          16351185,            227.05,     3712700066.10  
05 FEB 2026,DELTACORP,EQ,DELTA CORP LIMITED       ,Listed    ,05 FEB 2026,               1.00,         267771097,             65.00,    17405121305.00 
05 FEB 2026,DELTAMAGNT,EQ,DELTA MANUFACTURING LTD  ,Listed    ,05 FEB 2026,              10.00,          10851120,             63.90,      693603590.40
05 FEB 2026,DELTIC,SM,DELTA AUTOCORP LIMITED   ,Listed    ,05 FEB 2026,              10.00,          15289698,             39.80,      608529980.40    
05 FEB 2026,DEN,EQ,DEN NETWORKS LTD         ,Listed    ,05 FEB 2026,              10.00,         477223845,             29.55,    14092420142.85       
05 FEB 2026,DENEERS,SM,DE NEERS TOOLS LIMITED   ,Listed    ,05 FEB 2026,              10.00,           8606400,            142.10,     1222969440.00   
05 FEB 2026,DENORA,EQ,DE NORA INDIA LIMITED    ,Listed    ,05 FEB 2026,              10.00,           5308634,            599.35,     3181729787.90    
05 FEB 2026,DENTA,EQ,DENTA WATER N INFRA SOL L,Listed    ,05 FEB 2026,              10.00,          26700000,            264.60,     7064820000.00     
05 FEB 2026,DENTALKART,SM,VASA DENTICITY LIMITED   ,Listed    ,05 FEB 2026,              10.00,          17336798,            592.85,    10278120694.30
05 FEB 2026,DESTINY,SM,DESTINY LOGISTICS & I LTD,Listed    ,05 FEB 2026,              10.00,          15388000,            119.00,     1831172000.00   
05 FEB 2026,DEVIT,EQ,DEV INFO TECHNOLOGY LTD  ,Listed    ,05 FEB 2026,               2.00,          56335233,             31.00,     1746392223.00     
05 FEB 2026,DEVX,EQ,DEV ACCELERATOR LIMITED  ,Listed    ,05 FEB 2026,               2.00,          90187515,             39.10,     3528135586.80      
05 FEB 2026,DEVYANI,EQ,DEVYANI INTERNATIONAL LTD,Listed    ,05 FEB 2026,               1.00,        1232872291,            132.20,   162973388147.30   
05 FEB 2026,DGCONTENT,EQ,DIGICONTENT LIMITED      ,Listed    ,05 FEB 2026,               2.00,          58187078,             24.75,     1441293922.05 
05 FEB 2026,DHAMPURSUG,EQ,DHAMPUR SUGAR MILLS LTD. ,Listed    ,05 FEB 2026,              10.00,          64306509,            120.35,     7739288358.15
05 FEB 2026,DHANBANK,EQ,DHANLAXMI BANK LIMITED   ,Listed    ,05 FEB 2026,              10.00,         394698851,             24.15,     9524083274.65  
05 FEB 2026,DHANLAXMI,SM,DHANLAXMI CROP SCIENCE L ,Listed    ,05 FEB 2026,              10.00,          16328000,             29.45,      480859600.00 
05 FEB 2026,DHANUKA,EQ,DHANUKA AGRITECH LTD     ,Listed    ,05 FEB 2026,               2.00,          45078324,           1068.40,    48161681361.60   
05 FEB 2026,DHARAN,BZ,DHARAN INFRA-EPC LIMITED ,Listed    ,05 FEB 2026,               1.00,        5228758452,              0.20,      941176521.35    
05 FEB 2026,DHARARAIL,SM,DHARA RAIL PROJECTS LTD  ,Listed    ,05 FEB 2026,              10.00,          15084000,            119.85,     1807817400.00 
05 FEB 2026,DHARIWAL,ST,DHARIWALCORP LIMITED     ,Listed    ,05 FEB 2026,              10.00,           8951400,            386.00,     3455240400.00  
05 FEB 2026,DHARMAJ,EQ,DHARMAJ CROP GUARD LTD   ,Listed    ,05 FEB 2026,              10.00,          33797296,            240.40,     8124869958.40   
05 FEB 2026,DHRUV,EQ,DHRUV CONSULTANCY SER LTD,Listed    ,05 FEB 2026,              10.00,          18966569,             34.40,      652639639.30     
05 FEB 2026,DHTL,ST,DOCMODE HEALTH TECH LTD  ,Listed    ,04 FEB 2026,              10.00,           3142800,             68.45,      215124660.00      
05 FEB 2026,DHUNINV,EQ,DHUNSERI INVESTMENTS LTD ,Listed    ,05 FEB 2026,              10.00,           6097178,           1002.00,     6109372356.00   
05 FEB 2026,DIACABS,EQ,DIAMOND POWER INFRA LTD  ,Listed    ,05 FEB 2026,               1.00,         526971060,            124.75,    65739639735.00   
05 FEB 2026,DIAMINESQ,EQ,DIAMINES & CHEMICALS LTD ,Listed    ,05 FEB 2026,              10.00,           9783990,            250.40,     2449911096.00 
05 FEB 2026,DIAMONDYD,EQ,PRATAAP SNACKS LIMITED   ,Listed    ,05 FEB 2026,               5.00,          23900929,           1102.70,    26355554408.30 
05 FEB 2026,DICIND,EQ,DIC INDIA LIMITED        ,Listed    ,05 FEB 2026,              10.00,           9178977,            553.85,     5083776411.45    
05 FEB 2026,DIFFNKG,EQ,DIFFUSION ENGINEERS LTD  ,Listed    ,05 FEB 2026,              10.00,          37426259,            251.55,     9413826926.25   
05 FEB 2026,DIGIDRIVE,EQ,DIGIDRIVE DISTRIBUTORS L ,Listed    ,05 FEB 2026,              10.00,          38561898,             22.00,      848361756.00 
05 FEB 2026,DIGIKORE,SM,DIGIKORE STUDIOS LIMITED ,Listed    ,05 FEB 2026,              10.00,          12665600,             63.50,      804265600.00  
05 FEB 2026,DIGISPICE,EQ,DIGISPICE TECHNOLOGIES LT,Listed    ,05 FEB 2026,               3.00,         234471106,             20.05,     4698800964.25 
05 FEB 2026,DIGITIDE,EQ,DIGITIDE SOLUTIONS LTD   ,Listed    ,05 FEB 2026,              10.00,         148949413,            111.30,    16575090678.65  
05 FEB 2026,DIGJAMLMTD,EQ,DIGJAM LTD               ,Listed    ,05 FEB 2026,              10.00,          20000000,             51.30,     1026400000.00
05 FEB 2026,DIL,BZ,DEBOCK INDUSTRIES LIMITED,Listed    ,05 FEB 2026,              10.00,         162736115,              1.35,      216439032.95       
05 FEB 2026,DIRL,SM,DHANUKA INFRA REALTY LTD ,Listed    ,01 JAN 2026,              10.00,           9540040,             19.90,      189846796.00      
05 FEB 2026,DISHTV,EQ,DISH TV INDIA LTD.       ,Listed    ,05 FEB 2026,               1.00,        1841256054,              3.40,     6241858023.05    
05 FEB 2026,DIVGIITTS,EQ,DIVGI TORQTRANSFER SYST L,Listed    ,05 FEB 2026,               5.00,          30582927,            627.95,    19204549009.65 
05 FEB 2026,DIVINEHIRA,ST,DIVINE HIRA JEWELLERS LTD,Listed    ,05 FEB 2026,              10.00,          13047100,            227.00,     2961691700.00
05 FEB 2026,DIVISLAB,EQ,DIVI S LABORATORIES LTD  ,Listed    ,05 FEB 2026,               2.00,         265468580,           6141.50,  1630375284070.00  
05 FEB 2026,DIVYADHAN,SM,DIVYADHAN RECYCLING IND L,Listed    ,05 FEB 2026,              10.00,          14306714,             22.60,      323331736.40 
05 FEB 2026,DIXON,EQ,DIXON TECHNO (INDIA) LTD ,Listed    ,05 FEB 2026,               2.00,          60685743,          11376.00,   690361012368.00     
05 FEB 2026,DJML,EQ,DJ MEDIAPRINT & LOG LTD  ,Listed    ,05 FEB 2026,              10.00,          32977851,             88.25,     2910625129.25      
05 FEB 2026,DKEGL,SM,D K ENTERPRISES GLOBAL L ,Listed    ,03 FEB 2026,              10.00,           7508000,             72.00,      540576000.00     
05 FEB 2026,DLF,EQ,DLF LIMITED              ,Listed    ,05 FEB 2026,               2.00,        2475315036,            661.30,  1636925833306.80       
05 FEB 2026,DLINKINDIA,EQ,D-LINK INDIA LTD         ,Listed    ,05 FEB 2026,               2.00,          35504850,            412.55,    14647525867.50
05 FEB 2026,DMART,EQ,AVENUE SUPERMARTS LIMITED,Listed    ,05 FEB 2026,              10.00,         650733068,           3934.90,  2560569549273.20     
05 FEB 2026,DMCC,EQ,DMCC SPECIALITY CHEMICALS,Listed    ,05 FEB 2026,              10.00,          24939933,            223.65,     5577816015.45      
05 FEB 2026,DNAMEDIA,EQ,DILIGENT MEDIA CORP LTD. ,Listed    ,05 FEB 2026,               1.00,         117708018,              3.75,      442582147.70  
05 FEB 2026,DODLA,EQ,DODLA DAIRY LIMITED      ,Listed    ,05 FEB 2026,              10.00,          60327809,           1182.10,    71313503018.90     
05 FEB 2026,DOLATALGO,EQ,DOLAT ALGOTECH LIMITED   ,Listed    ,05 FEB 2026,               1.00,         176000000,             76.50,    13462240000.00 
05 FEB 2026,DOLLAR,EQ,DOLLAR INDUSTRIES LIMITED,Listed    ,05 FEB 2026,               2.00,          56716120,            327.65,    18583036718.00    
05 FEB 2026,DOLLEX,SM,DOLLEX AGROTECH LIMITED  ,Listed    ,05 FEB 2026,              10.00,          39948800,             36.75,     1468118400.00    
05 FEB 2026,DOLPHIN,EQ,DOLPHIN OFF ENT (IND) L  ,Listed    ,05 FEB 2026,               1.00,          40004580,            423.80,    16953941004.00   
05 FEB 2026,DOMS,EQ,DOMS INDUSTRIES LIMITED  ,Listed    ,05 FEB 2026,              10.00,          60687811,           2474.30,   150159850757.30      
05 FEB 2026,DONEAR,EQ,DONEAR IND. LIMITED      ,Listed    ,05 FEB 2026,               2.00,          52000000,             93.15,     4843280000.00    
05 FEB 2026,DPABHUSHAN,EQ,D. P. ABHUSHAN LIMITED   ,Listed    ,05 FEB 2026,              10.00,          22827920,           1203.20,    27466553344.00
05 FEB 2026,DPEL,ST,DIVINE POWER ENERGY LTD  ,Listed    ,05 FEB 2026,              10.00,          24965080,            293.00,     7314768440.00      
05 FEB 2026,DPSCLTD,EQ,DPSC LIMITED             ,Listed    ,05 FEB 2026,               1.00,         973789640,              9.40,     9134146823.20   
05 FEB 2026,DPWIRES,EQ,D P WIRES LIMITED        ,Listed    ,05 FEB 2026,              10.00,          15506286,            167.65,     2599473785.05   
05 FEB 2026,DRCSYSTEMS,EQ,DRC SYSTEMS INDIA LIMITED,Listed    ,05 FEB 2026,               1.00,         144081330,             16.70,     2409039837.60
05 FEB 2026,DREAMFOLKS,EQ,DREAMFOLKS SERVICES LTD  ,Listed    ,05 FEB 2026,               2.00,          53269862,             92.15,     4908817783.30
05 FEB 2026,DREDGECORP,EQ,DREDGING CORP OF INDIA   ,Listed    ,05 FEB 2026,              10.00,          28000000,           1007.80,    28218400000.00
05 FEB 2026,DRONE,SM,DRONE DESTINATION LIMITED,Listed    ,05 FEB 2026,              10.00,          24399998,             51.65,     1260259896.70     
05 FEB 2026,DRREDDY,EQ,DR. REDDY S LABORATORIES ,Listed    ,05 FEB 2026,               1.00,         834630355,           1244.90,  1039031328939.50   
05 FEB 2026,DRSCARGO,SM,DRS CARGO MOVERS LIMITED ,Listed    ,04 FEB 2026,              10.00,           7531201,             23.00,      173217623.00  
05 FEB 2026,DRSDILIP,SM,DRS DILIP ROADLINES LTD. ,Listed    ,05 FEB 2026,              10.00,          15062403,             66.50,     1001649799.50  
05 FEB 2026,DSSL,EQ,DYNACONS SYS & SOLN LTD  ,Listed    ,05 FEB 2026,              10.00,          12725330,            965.45,    12285669848.50      
05 FEB 2026,DTIL,EQ,DHUNSERI TEA & IND. LTD. ,Listed    ,05 FEB 2026,              10.00,          10507427,            144.50,     1518533350.05      
05 FEB 2026,DTL,SM,DIENSTEN TECH LIMITED    ,Listed    ,05 FEB 2026,              10.00,           8260646,            128.00,     1057362688.00       
05 FEB 2026,DUCOL,SM,DUCOL ORGS AND COLOURS LT,Listed    ,05 FEB 2026,              10.00,          16254276,            131.10,     2130935583.60     
05 FEB 2026,DUCON,EQ,DUCON INFRATECHNOLOGIES L,Listed    ,05 FEB 2026,               1.00,         324925587,              4.20,     1361438209.55     
05 FEB 2026,DUGLOBAL,SM,DUDIGITAL GLOBAL LIMITED ,Listed    ,05 FEB 2026,               2.00,          71871953,             28.25,     2030382672.25  
05 FEB 2026,DURLAX,SM,DURLAX TOP SURFACE LTD   ,Listed    ,05 FEB 2026,              10.00,          16627701,             49.45,      822239814.45    
05 FEB 2026,DVL,EQ,DHUNSERI VENTURES LIMITED,Listed    ,05 FEB 2026,              10.00,          35024754,            257.25,     9010117966.50       
05 FEB 2026,DWARKESH,EQ,DWARIKESH SUGAR IND LTD  ,Listed    ,05 FEB 2026,               1.00,         185301470,             34.20,     6333604244.60  
05 FEB 2026,DYCL,EQ,DYNAMIC CABLES LIMITED   ,Listed    ,05 FEB 2026,              10.00,          48458638,            300.85,    14578781242.30      
05 FEB 2026,DYNAMATECH,EQ,DYNAMATIC TECHNOLOGIES   ,Listed    ,05 FEB 2026,              10.00,           6791443,           8611.50,    58484511394.50
05 FEB 2026,DYNAMIC,SM,DYNAMIC SRVCS & SEC LTD  ,Listed    ,04 FEB 2026,              10.00,          13746192,            133.75,     1838553180.00   
05 FEB 2026,DYNPRO,EQ,DYNEMIC PRODUCTS LIMITED ,Listed    ,05 FEB 2026,              10.00,          12428387,            218.95,     2721319617.50    
05 FEB 2026,E2E,EQ,E2E NETWORKS LIMITED     ,Listed    ,05 FEB 2026,              10.00,          20123689,           2366.90,    47630759494.10       
05 FEB 2026,E2ERAIL,SM,E TO E TRANS INFRA LTD   ,Listed    ,05 FEB 2026,              10.00,          17257570,            210.40,     3630992728.00   
05 FEB 2026,EASEMYTRIP,EQ,EASY TRIP PLANNERS LTD   ,Listed    ,05 FEB 2026,               1.00,        3636853188,              6.65,    24112336636.45
05 FEB 2026,EASTSILK,BE,EASTERN SILK INDUSTRIES L,Listed    ,05 FEB 2026,               2.00,           5000000,             71.35,      356700000.00  
05 FEB 2026,EBGNG,EQ,GNG ELECTRONICS LIMITED  ,Listed    ,05 FEB 2026,               2.00,         114011517,            291.95,    33285662388.15     
05 FEB 2026,ECLERX,EQ,ECLERX SERVICES LTD      ,Listed    ,05 FEB 2026,              10.00,          47650360,           4497.20,   214293198992.00    
05 FEB 2026,ECOLINE,SM,ECOLINE EXIM LIMITED     ,Listed    ,04 FEB 2026,              10.00,          20515376,            132.00,     2708029632.00   
05 FEB 2026,ECOSMOBLTY,EQ,ECOS (INDIA) MOB & HOSP L,Listed    ,05 FEB 2026,               2.00,          60000000,            205.80,    12349200000.00
05 FEB 2026,EDELWEISS,EQ,EDELWEISS FIN SERV LTD   ,Listed    ,05 FEB 2026,               1.00,         946473324,            107.35,   101613376064.65 
05 FEB 2026,EEPL,SM,EPPELTONE ENGINEERS LTD  ,Listed    ,05 FEB 2026,              10.00,          12959312,            153.95,     1995086082.40      
05 FEB 2026,EFACTOR,ST,E FACTOR EXPERIENCES LTD ,Listed    ,05 FEB 2026,              10.00,          13088098,            275.00,     3599226950.00   
05 FEB 2026,EFCIL,EQ,EFC (I) LIMITED          ,Listed    ,05 FEB 2026,               2.00,         137283376,            267.25,    36688982236.00     
05 FEB 2026,EFFWA,SM,EFFWA INFRA & RESEARCH L ,Listed    ,05 FEB 2026,              10.00,          23147167,            203.40,     4708133767.80     
05 FEB 2026,EFORCE,SM,ELECTRO FORCE (INDIA) LTD,Listed    ,05 FEB 2026,              10.00,          23400001,             31.00,      725400031.00    
05 FEB 2026,EICHERMOT,EQ,EICHER MOTORS LTD        ,Listed    ,05 FEB 2026,               1.00,         274299237,           7209.50,  1977560349151.50 
05 FEB 2026,EIDPARRY,EQ,EID PARRY INDIA LTD      ,Listed    ,05 FEB 2026,               1.00,         177872717,            891.10,   158502378118.70  
05 FEB 2026,EIEL,EQ,ENVIRO INFRA ENGINEERS L ,Listed    ,05 FEB 2026,              10.00,         175530000,            179.65,    31535719800.00      
05 FEB 2026,EIFFL,EQ,EURO (I) FRESH FOODS LTD ,Listed    ,05 FEB 2026,              10.00,          24800000,            251.25,     6231000000.00     
05 FEB 2026,EIHAHOTELS,EQ,EIH ASSOCIATED HOTELS LTD,Listed    ,05 FEB 2026,              10.00,          60936294,            348.30,    21224111200.20
05 FEB 2026,EIHOTEL,EQ,EIH LIMITED              ,Listed    ,05 FEB 2026,               2.00,         625364182,            341.20,   213374258898.40   
05 FEB 2026,EIMCOELECO,EQ,EIMCO ELECON (INDIA) LTD ,Listed    ,05 FEB 2026,              10.00,           5768385,           1662.80,     9591670578.00
05 FEB 2026,EKC,EQ,EVEREST KANTO CYLINDERLTD,Listed    ,05 FEB 2026,               2.00,         112207682,            113.55,    12738938137.45       
05 FEB 2026,ELDEHSG,EQ,ELDECO HSG & IND LTD.    ,Listed    ,05 FEB 2026,               2.00,           9833000,            938.70,     9230237100.00   
05 FEB 2026,ELECON,EQ,ELECON ENG. CO. LTD      ,Listed    ,05 FEB 2026,               1.00,         224399930,            438.50,    98399369305.00    
05 FEB 2026,ELECTCAST,EQ,ELECTROSTEEL CASTINGS LTD,Listed    ,05 FEB 2026,               1.00,         618184591,             73.95,    45708568658.55 
05 FEB 2026,ELECTHERM,EQ,ELECTROTHERM (I) LTD.    ,Listed    ,05 FEB 2026,              10.00,          12742814,            767.15,     9775649760.10 
05 FEB 2026,ELGIEQUIP,EQ,ELGI EQUIPMENTS LTD      ,Listed    ,05 FEB 2026,               1.00,         316909016,            487.55,   154508990750.80 
05 FEB 2026,ELGIRUBCO,EQ,ELGI RUBBER CO. LTD      ,Listed    ,05 FEB 2026,               1.00,          50050000,             41.10,     2057055000.00 
05 FEB 2026,ELGNZ,SM,ELEGANZ INTERIORS LIMITED,Listed    ,05 FEB 2026,              10.00,          22599626,             81.50,     1841869519.00     
05 FEB 2026,ELIN,EQ,ELIN ELECTRONICS LIMITED ,Listed    ,05 FEB 2026,               5.00,          49659220,            158.20,     7856088604.00      
05 FEB 2026,ELLEN,EQ,ELLENBARRIE INDUS GASES L,Listed    ,05 FEB 2026,               2.00,         140935600,            254.25,    35832876300.00     
05 FEB 2026,EMAMILTD,EQ,EMAMI LIMITED            ,Listed    ,05 FEB 2026,               1.00,         436500000,            503.30,   219690450000.00  
05 FEB 2026,EMAMIPAP,EQ,EMAMI PAPER MILLS LIMITED,Listed    ,05 FEB 2026,               2.00,          60499050,             84.65,     5120034601.50  
05 FEB 2026,EMAMIREAL,EQ,EMAMI REALTY LIMITED     ,Listed    ,05 FEB 2026,               2.00,          43833889,             72.65,     3185408713.65 
05 FEB 2026,EMAPARTNER,SM,EMA PARTNERS INDIA LTD   ,Listed    ,05 FEB 2026,               5.00,          23246426,             91.85,     2135184228.10
05 FEB 2026,EMBASSY,RR,EMBASSY OFFICE PARKS REIT,Listed    ,05 FEB 2026,             300.00,         947893743,            440.05,   417111162669.70   
05 FEB 2026,EMBDL,BE,EMBASSY DEVELOPMENTS LTD ,Listed    ,05 FEB 2026,               2.00,        1390633433,             64.80,    90099140124.05     
05 FEB 2026,EMCURE,EQ,EMCURE PHARMACEUTICALS L ,Listed    ,05 FEB 2026,              10.00,         189564847,           1482.30,   280991972708.10    
05 FEB 2026,EMIL,EQ,ELECTRONICS MART IND LTD ,Listed    ,05 FEB 2026,              10.00,         384748762,             94.55,    36381842934.70      
05 FEB 2026,EMKAY,EQ,EMKAY GLOBAL FIN SERV LTD,Listed    ,05 FEB 2026,              10.00,          25632463,            248.85,     6378638417.55     
05 FEB 2026,EMKAYTOOLS,SM,EMKAY TAP & CUT. TOOL LTD,Listed    ,05 FEB 2026,              10.00,          10671300,            103.85,     1108214505.00
05 FEB 2026,EMMBI,EQ,EMMBI INDUSTRIES LIMITED ,Listed    ,05 FEB 2026,              10.00,          19240250,             94.65,     1821282065.00     
05 FEB 2026,EMMIL,SM,ENERGY MISSION MACH IND L,Listed    ,04 FEB 2026,              10.00,          11326500,            151.90,     1720495350.00     
05 FEB 2026,EMMVEE,EQ,EMMVEE PHOTOVOLTAIC PWR L,Listed    ,05 FEB 2026,               2.00,         692345033,            202.55,   140241409884.50    
05 FEB 2026,EMSLIMITED,EQ,EMS LIMITED              ,Listed    ,05 FEB 2026,              10.00,          55530807,            378.75,    21032293151.25
05 FEB 2026,EMUDHRA,EQ,EMUDHRA LIMITED          ,Listed    ,05 FEB 2026,               5.00,          82811707,            511.75,    42378891057.25   
05 FEB 2026,ENCOMPAS,SM,ENCOMPASS DESIGN INDIA L ,Listed    ,05 FEB 2026,              10.00,          14183544,            246.75,     3499789482.00  
05 FEB 2026,ENDURANCE,EQ,ENDURANCE TECHNO. LTD.   ,Listed    ,05 FEB 2026,              10.00,         140662848,           2450.50,   344694309024.00 
05 FEB 2026,ENERGYDEV,BE,ENERGY DEVE. CO.LTD      ,Listed    ,05 FEB 2026,              10.00,          47500000,             17.50,      831725000.00 
05 FEB 2026,ENFUSE,SM,ENFUSE SOLUTIONS LIMITED ,Listed    ,05 FEB 2026,              10.00,           8847600,            200.50,     1773943800.00    
05 FEB 2026,ENGINERSIN,EQ,ENGINEERS INDIA LTD      ,Listed    ,05 FEB 2026,               5.00,         562042373,            173.95,    97761650359.60
05 FEB 2026,ENIL,EQ,ENTERTAIN NET. IND. LTD. ,Listed    ,05 FEB 2026,              10.00,          47670415,            113.55,     5412022214.95      
05 FEB 2026,ENRIN,EQ,SIEMENS ENERGY INDIA LTD ,Listed    ,05 FEB 2026,               2.00,         356120505,           2598.90,   925521580444.50     
05 FEB 2026,ENSER,SM,ENSER COMMUNICATIONS LTD ,Listed    ,05 FEB 2026,               2.00,          87160590,             13.50,     1176667965.00     
05 FEB 2026,ENTERO,EQ,ENTERO HEALTHCARE SOLU L ,Listed    ,05 FEB 2026,              10.00,          43510937,           1132.20,    49263082871.40    
05 FEB 2026,ENVIRO,SM,ENVIROTECH SYSTEMS LTD   ,Listed    ,05 FEB 2026,              10.00,          18790000,            109.00,     2048110000.00    
05 FEB 2026,EPACK,EQ,EPACK DURABLE LIMITED    ,Listed    ,05 FEB 2026,              10.00,          96228477,            245.50,    23624091103.50     
05 FEB 2026,EPACKPEB,EQ,EPACK PREFAB TECHN LTD   ,Listed    ,05 FEB 2026,               2.00,         100451997,            208.95,    20989444773.15  
05 FEB 2026,EPIGRAL,EQ,EPIGRAL LIMITED          ,Listed    ,05 FEB 2026,              10.00,          43141338,           1003.00,    43270762014.00   
05 FEB 2026,EPL,EQ,EPL LIMITED              ,Listed    ,05 FEB 2026,               2.00,         320276025,            212.05,    67917733861.50       
05 FEB 2026,EPWINDIA,SM,EPW INDIA LIMITED        ,Listed    ,05 FEB 2026,               5.00,          11479600,            111.00,     1274235600.00  
05 FEB 2026,EQUIPPP,BE,EQUIPPP SOC IMP TECH LTD ,Listed    ,05 FEB 2026,               1.00,         103095225,             18.45,     1900044996.75   
05 FEB 2026,EQUITASBNK,EQ,EQUITAS SMALL FIN BNK LTD,Listed    ,05 FEB 2026,              10.00,        1140719893,             66.15,    75435806524.10
05 FEB 2026,ERIS,EQ,ERIS LIFESCIENCES LIMITED,Listed    ,05 FEB 2026,               1.00,         136216891,           1413.20,   192501710361.20      
05 FEB 2026,ESABINDIA,EQ,ESAB INDIA LTD           ,Listed    ,05 FEB 2026,              10.00,          15393020,           5763.50,    88717670770.00 
05 FEB 2026,ESAFSFB,EQ,ESAF SMALL FINANCE BANK L,Listed    ,05 FEB 2026,              10.00,         515572741,             28.45,    14678355936.25   
05 FEB 2026,ESCONET,SM,ESCONET TECHNOLOGIES LTD ,Listed    ,05 FEB 2026,              10.00,          13196238,            124.15,     1638312947.70   
05 FEB 2026,ESCORTS,EQ,ESCORTS KUBOTA LIMITED   ,Listed    ,05 FEB 2026,              10.00,         111877754,           3714.10,   415525166131.40   
05 FEB 2026,ESFL,SM,ESSEN SPECIALITY FILMS L ,Listed    ,05 FEB 2026,              10.00,          24839040,            138.00,     3427787520.00      
05 FEB 2026,ESPRIT,SM,ESPRIT STONES LIMITED    ,Listed    ,05 FEB 2026,              10.00,          21945200,             90.70,     1990429640.00    
05 FEB 2026,ESSARSHPNG,EQ,ESSAR SHIPPING LTD       ,Listed    ,05 FEB 2026,              10.00,         206976072,             26.75,     5540749447.45
05 FEB 2026,ESSENTIA,EQ,INTEGRA ESSENTIA LIMITED ,Listed    ,05 FEB 2026,               1.00,        1067690544,              1.55,     1633566532.30  
05 FEB 2026,ESTER,EQ,ESTER INDUSTRIES LTD     ,Listed    ,05 FEB 2026,               5.00,          97586191,            100.55,     9813267366.95     
05 FEB 2026,ETERNAL,EQ,ETERNAL LIMITED          ,Listed    ,05 FEB 2026,               1.00,        9650350647,            286.85,  2768203083091.95   
05 FEB 2026,ETHOSLTD,EQ,ETHOS LIMITED            ,Listed    ,05 FEB 2026,              10.00,          26757693,           2717.80,    72722058035.40  
05 FEB 2026,ETL,SM,EMKAY TOOLS LIMITED      ,Listed    ,05 FEB 2026,               1.00,          10671300,            841.20,     8976697560.00       
05 FEB 2026,ETML,SM,EMERALD TYRE MANUF LTD   ,Listed    ,05 FEB 2026,              10.00,          19476512,            105.00,     2045033760.00      
05 FEB 2026,EUREKAFORB,EQ,EUREKA FORBES LIMITED    ,Listed    ,05 FEB 2026,              10.00,         193403691,            508.20,    98287755766.20
05 FEB 2026,EUROBOND,EQ,EURO PANEL PRODUCTS LTD  ,Listed    ,05 FEB 2026,              10.00,          24500000,            179.10,     4387950000.00  
05 FEB 2026,EUROPRATIK,EQ,EURO PRATIK SALES LIMITED,Listed    ,05 FEB 2026,               1.00,         102200000,            266.05,    27188266000.00
05 FEB 2026,EUROTEXIND,BE,EUROTEX IND & EXPORTS LTD,Listed    ,05 FEB 2026,              10.00,           8749865,             13.80,      120748137.00
05 FEB 2026,EVEREADY,EQ,EVEREADY INDS. IND.  LTD.,Listed    ,05 FEB 2026,               5.00,          72687260,            345.40,    25106179604.00  
05 FEB 2026,EVERESTIND,EQ,EVEREST INDUSTRIES LTD   ,Listed    ,05 FEB 2026,              10.00,          15855754,            435.30,     6902009716.20
05 FEB 2026,EXCEL,EQ,EXCEL REALTY N INFRA LTD ,Listed    ,05 FEB 2026,               1.00,        1410695055,              1.20,     1721047967.10     
05 FEB 2026,EXCELINDUS,EQ,EXCEL INDUSTRIES LTD     ,Listed    ,05 FEB 2026,               5.00,          12570692,            985.80,    12392188173.60
05 FEB 2026,EXCELLENT,ST,EXCELLENT WIRES N PACK L ,Listed    ,05 FEB 2026,              10.00,           4470000,             67.00,      299490000.00 
05 FEB 2026,EXCELSOFT,EQ,EXCELSOFT TECHNOLOGIES L ,Listed    ,05 FEB 2026,              10.00,         115084164,             71.35,     8212405943.05 
05 FEB 2026,EXICOM,EQ,EXICOM TELE SYSTEMS LTD  ,Listed    ,05 FEB 2026,              10.00,         139079771,             97.55,    13564450065.65    
05 FEB 2026,EXIDEIND,EQ,EXIDE INDUSTRIES LTD     ,Listed    ,05 FEB 2026,               1.00,         850000000,            336.80,   286280000000.00  
05 FEB 2026,EXIMROUTES,ST,EXIM ROUTES LIMITED      ,Listed    ,05 FEB 2026,               5.00,          18752000,            205.40,     3851660800.00
05 FEB 2026,EXPLEOSOL,EQ,EXPLEO SOLUTIONS LIMITED ,Listed    ,05 FEB 2026,              10.00,          15519739,            889.35,    13802479879.65 
05 FEB 2026,EXXARO,BE,EXXARO TILES LIMITED     ,Listed    ,05 FEB 2026,               1.00,         447410700,              7.15,     3190038291.00    
05 FEB 2026,FABTECH,EQ,FABTECH TECHNOLOGIES LTD ,Listed    ,05 FEB 2026,              10.00,          44450794,            152.35,     6772078465.90   
05 FEB 2026,FACT,EQ,FACT LTD                 ,Listed    ,05 FEB 2026,              10.00,         647071974,            780.00,   504716139720.00      
05 FEB 2026,FAIRCHEMOR,EQ,FAIRCHEM ORGANICS LIMITED,Listed    ,05 FEB 2026,              10.00,          13020902,            632.00,     8229210064.00
05 FEB 2026,FALCONTECH,SM,FALCON TECHNOPROJ IND LTD,Listed    ,05 FEB 2026,              10.00,           5356793,             15.35,       82226772.55
05 FEB 2026,FAZE3Q,EQ,FAZE THREE LIMITED       ,Listed    ,05 FEB 2026,              10.00,          24319000,            516.40,    12558331600.00    
05 FEB 2026,FCL,EQ,FINEOTEX CHEMICAL LIMITED,Listed    ,05 FEB 2026,               1.00,        1145750900,             23.20,    26592878389.00       
05 FEB 2026,FCSSOFT,EQ,FCS SOFTWARE SOLN. LTD.  ,Listed    ,05 FEB 2026,               1.00,        1709553100,              1.85,     3145577704.00   
05 FEB 2026,FDC,EQ,FDC LIMITED              ,Listed    ,05 FEB 2026,               1.00,         162810084,            378.50,    61623616794.00       
05 FEB 2026,FEDERALBNK,EQ,FEDERAL BANK LTD         ,Listed    ,05 FEB 2026,               2.00,        2462945660,            287.60,   708343171816.00
05 FEB 2026,FEDFINA,EQ,FEDBANK FINANCIAL SER L  ,Listed    ,05 FEB 2026,              10.00,         374076800,            142.25,    53204943264.00   
05 FEB 2026,FEL,BZ,FUTURE ENTERPRISES LTD   ,Listed    ,05 FEB 2026,               2.00,         454930401,              0.45,      209267984.45       
05 FEB 2026,FELDVR,BZ,FUTURE ENTERPRISES LTD   ,Listed    ,05 FEB 2026,               2.00,          39374679,              2.75,      107886620.45    
05 FEB 2026,FELIX,SM,FELIX INDUSTRIES LTD.    ,Listed    ,05 FEB 2026,              10.00,          17206350,            197.55,     3399114442.50     
05 FEB 2026,FIBERWEB,EQ,FIBERWEB INDIA LIMITED   ,Listed    ,05 FEB 2026,              10.00,          28791710,             41.10,     1183915115.20  
05 FEB 2026,FIDEL,SM,FIDEL SOFTECH LIMITED    ,Listed    ,04 FEB 2026,              10.00,          13750560,            155.00,     2131336800.00     
05 FEB 2026,FIEMIND,EQ,FIEM INDUSTRIES LIMITED  ,Listed    ,05 FEB 2026,              10.00,          26319660,           2280.90,    60032512494.00   
05 FEB 2026,FILATEX,EQ,FILATEX INDIA LTD        ,Listed    ,05 FEB 2026,               1.00,         444058375,             49.00,    21754419791.25   
05 FEB 2026,FILATFASH,EQ,FILATEX FASHIONS LIMITED ,Listed    ,05 FEB 2026,               1.00,        8334072725,              0.30,     2500221817.50 
05 FEB 2026,FINBUD,SM,FINBUD FINANCIAL SERV LTD,Listed    ,05 FEB 2026,              10.00,          19049480,            112.10,     2135446708.00    
05 FEB 2026,FINCABLES,EQ,FINOLEX CABLES LTD       ,Listed    ,05 FEB 2026,               2.00,         152939345,            745.50,   114016281697.50 
05 FEB 2026,FINEORG,EQ,FINE ORGANIC IND. LTD.   ,Listed    ,05 FEB 2026,               5.00,          30659976,           4482.00,   137418012432.00   
05 FEB 2026,FINKURVE,EQ,FINKURVE FINANCIAL SERV L,Listed    ,05 FEB 2026,               1.00,         140050488,             97.45,    13646519550.70  
05 FEB 2026,FINOPB,EQ,FINO PAYMENTS BANK LTD   ,Listed    ,05 FEB 2026,              10.00,          83218402,            231.95,    19300843975.85    
05 FEB 2026,FINPIPE,EQ,FINOLEX INDUSTRIES LTD   ,Listed    ,05 FEB 2026,               2.00,         620476905,            174.70,   108391110534.45   
05 FEB 2026,FIRSTCRY,EQ,BRAINBEES SOLUTIONS LTD  ,Listed    ,05 FEB 2026,               2.00,         521992685,            265.75,   138719556038.75  
05 FEB 2026,FISCHER,EQ,FISCHER MEDICAL VENTURE L,Listed    ,05 FEB 2026,               1.00,         648515470,             42.05,    27263590358.80   
05 FEB 2026,FIVESTAR,EQ,FIVE-STAR BUS FIN LTD    ,Listed    ,05 FEB 2026,               1.00,         294533548,            447.95,   131936302826.60  
05 FEB 2026,FLAIR,EQ,FLAIR WRITING INDUST LTD ,Listed    ,05 FEB 2026,               5.00,         105395378,            301.10,    31734548315.80     
05 FEB 2026,FLEXITUFF,EQ,FLEXITUFF VENTURES INT L ,Listed    ,05 FEB 2026,              10.00,          32822806,             10.05,      330197428.35 
05 FEB 2026,FLFL,BZ,FUT LIFESTYLE FASH LTD   ,Listed    ,05 FEB 2026,               2.00,         201774874,              1.20,      246165346.30      
05 FEB 2026,FLUOROCHEM,EQ,GUJARAT FLUOROCHEM LTD   ,Listed    ,05 FEB 2026,               1.00,         109850000,           3386.20,   371974070000.00
05 FEB 2026,FLYSBS,SM,FLYSBS AVIATION LIMITED  ,Listed    ,05 FEB 2026,              10.00,          17303751,            464.90,     8044513839.90    
05 FEB 2026,FMGOETZE,EQ,FEDERAL-MOGUL GOETZE (IND,Listed    ,05 FEB 2026,              10.00,          55632130,            433.10,    24094275503.00  
05 FEB 2026,FMNL,EQ,FUTURE MKT NETWORKS LTD  ,Listed    ,05 FEB 2026,              10.00,          60644381,              7.85,      477271278.45      
05 FEB 2026,FOCE,SM,FOCE INDIA LIMITED       ,Listed    ,04 FEB 2026,              10.00,           4892925,           1820.00,     8905123500.00      
05 FEB 2026,FOCUS,EQ,FOCUS LIGHTG & FIXTRS LTD,Listed    ,05 FEB 2026,               2.00,          67444950,             72.30,     4875595435.50     
05 FEB 2026,FONEBOX,ST,FONEBOX RETAIL LIMITED   ,Listed    ,03 FEB 2026,              10.00,          10260000,             82.00,      841320000.00   
05 FEB 2026,FOODSIN,EQ,FOODS & INNS LIMITED     ,Listed    ,05 FEB 2026,               1.00,          73414624,             70.45,     5172060260.80   
05 FEB 2026,FORCAS,SM,FORCAS STUDIO LIMITED    ,Listed    ,05 FEB 2026,              10.00,          17580000,            110.00,     1933800000.00    
05 FEB 2026,FORCEMOT,EQ,FORCE MOTORS LIMITED     ,Listed    ,05 FEB 2026,              10.00,          13032914,          21090.00,   274864156260.00  
05 FEB 2026,FORGEAUTO,SM,FORGE AUTO INTERNATION L ,Listed    ,05 FEB 2026,              10.00,          10920000,             91.00,      993720000.00 
05 FEB 2026,FORTIS,EQ,FORTIS HEALTHCARE LTD    ,Listed    ,05 FEB 2026,              10.00,         754958148,            857.20,   647150124465.60    
05 FEB 2026,FOSECOIND,EQ,FOSECO INDIA LTD         ,Listed    ,05 FEB 2026,              10.00,           7537259,           4506.90,    33969672587.10 
05 FEB 2026,FRESHARA,SM,FRESHARA AGRO EXPORTS LTD,Listed    ,05 FEB 2026,              10.00,          23499200,            199.10,     4678690720.00  
05 FEB 2026,FROG,SM,FROG INNOVATIONS LIMITED ,Listed    ,05 FEB 2026,              10.00,          15554300,            140.20,     2180712860.00      
05 FEB 2026,FSL,EQ,FIRSTSOURCE SOLU. LTD.   ,Listed    ,05 FEB 2026,              10.00,         696990826,            298.80,   208260858808.80       
05 FEB 2026,FUSION,EQ,FUSION FINANCE LIMITED   ,Listed    ,05 FEB 2026,              10.00,         160784443,            187.95,    30222651750.70    
05 FEB 2026,FWSTC,SM,FLYWINGS SIMULAT T C LTD ,Listed    ,05 FEB 2026,              10.00,          10177128,            194.45,     1978942539.60     
05 FEB 2026,GABRIEL,EQ,GABRIEL INDIA LTD        ,Listed    ,05 FEB 2026,               1.00,         143643940,            986.20,   141661653628.00   
05 FEB 2026,GAEL,EQ,GUJARAT AMBUJA EXPORTS LT,Listed    ,05 FEB 2026,               1.00,         458670660,            128.40,    58902486157.20      
05 FEB 2026,GAIL,EQ,GAIL (INDIA) LTD         ,Listed    ,05 FEB 2026,              10.00,        6575099644,            160.20,  1053199460975.90      
05 FEB 2026,GAJANAND,SM,GAJANAND INTERNATIONAL L ,Listed    ,04 FEB 2026,              10.00,          18835568,              9.65,      181763231.20  
05 FEB 2026,GALAPREC,EQ,GALA PRECISION ENG LTD   ,Listed    ,05 FEB 2026,              10.00,          12750275,            764.90,     9752685347.50  
05 FEB 2026,GALAXYSURF,EQ,GALAXY SURFACTANTS LTD   ,Listed    ,05 FEB 2026,              10.00,          35454752,           1828.90,    64843195932.80
05 FEB 2026,GALLANTT,EQ,GALLANTT ISPAT LIMITED   ,Listed    ,05 FEB 2026,              10.00,         241280945,            597.25,   144105044401.25  
05 FEB 2026,GANDHAR,EQ,GANDHAR OIL REFINE IND L ,Listed    ,05 FEB 2026,               2.00,          97879530,            152.30,    14905094828.40   
05 FEB 2026,GANDHITUBE,EQ,GANDHI SPL. TUBES LTD    ,Listed    ,05 FEB 2026,               5.00,          12152000,            738.55,     8974859600.00
05 FEB 2026,GANECOS,EQ,GANESHA ECOSPHERE LIMITED,Listed    ,05 FEB 2026,              10.00,          26795984,            689.05,    18463772775.20   
05 FEB 2026,GANESHBE,EQ,GANESH BENZOPLAST LIMITED,Listed    ,05 FEB 2026,               1.00,          71989421,             75.45,     5430881920.25  
05 FEB 2026,GANESHCP,EQ,GANESH CONSUMER PRODUCT L,Listed    ,05 FEB 2026,              10.00,          40412946,            201.10,     8127043440.60  
05 FEB 2026,GANESHHOU,EQ,GANESH HOUSING LIMITED   ,Listed    ,05 FEB 2026,              10.00,          83387090,            750.05,    62544486854.50 
05 FEB 2026,GANESHIN,SM,GANESH INFRAWORLD LIMITED,Listed    ,05 FEB 2026,               5.00,          42721397,            112.85,     4821109651.45  
05 FEB 2026,GANGABATH,SM,GANGA BATH FITTINGS LTD  ,Listed    ,05 FEB 2026,              10.00,          22207848,             18.70,      415286757.60 
05 FEB 2026,GANGAFORGE,EQ,GANGA FORGING LIMITED    ,Listed    ,05 FEB 2026,               1.00,         134802230,              3.40,      459675604.30
05 FEB 2026,GANGESSECU,EQ,GANGES SECURITIES LIMITED,Listed    ,05 FEB 2026,              10.00,          10003687,            125.25,     1252861759.90
05 FEB 2026,GARFIBRES,EQ,GARWARE TECH FIBRES LTD  ,Listed    ,05 FEB 2026,              10.00,          99265845,            706.75,    70156135953.75 
05 FEB 2026,GARUDA,EQ,GARUDA CONSTRUCT N ENG L ,Listed    ,05 FEB 2026,               5.00,          93041742,            170.90,    15902694542.65    
05 FEB 2026,GATECH,EQ,GACM TECHNOLOGIES LIMITED,Listed    ,05 FEB 2026,               1.00,        1102742236,              0.50,      573425962.70    
05 FEB 2026,GATECHDVR,EQ,GACM TECHNOLOGIES LIMITED,Listed    ,05 FEB 2026,               1.00,         189665894,              0.45,       89142970.20 
05 FEB 2026,GATEWAY,EQ,GATEWAY DISTRIPARKS LTD  ,Listed    ,05 FEB 2026,              10.00,         499643836,             60.20,    30068566050.50   
05 FEB 2026,GAYAHWS,EQ,GAYATRI HIGHWAYS LIMITED ,Listed    ,05 FEB 2026,               2.00,         239651900,              2.20,      522441142.00   
05 FEB 2026,GCHOTELS,SM,GRAND CONTINENT HOTELS L ,Listed    ,05 FEB 2026,              10.00,          24919403,            131.75,     3283131345.25  
05 FEB 2026,GCSL,BE,GRETEX CORPORATE SERVICES,Listed    ,05 FEB 2026,              10.00,          22639347,            330.00,     7470984510.00      
05 FEB 2026,GEECEE,EQ,GEECEE VENTURES LIMITED  ,Listed    ,05 FEB 2026,              10.00,          20911729,            309.60,     6474271298.40    
05 FEB 2026,GEEKAYWIRE,EQ,GEEKAY WIRES LIMITED     ,Listed    ,05 FEB 2026,               1.00,         104520000,             28.20,     2949554400.00
05 FEB 2026,GEMAROMA,EQ,GEM AROMATICS LIMITED    ,Listed    ,05 FEB 2026,               2.00,          52237138,            188.90,     9868640110.95  
05 FEB 2026,GENCON,EQ,GENERIC ENG CONS PROJ LTD,Listed    ,05 FEB 2026,               5.00,          56986219,             51.60,     2939349176.00    
05 FEB 2026,GENESYS,EQ,GENESYS INTL CORPN LTD   ,Listed    ,05 FEB 2026,               5.00,          41770212,            309.50,    12927880614.00   
05 FEB 2026,GENUSPAPER,EQ,GENUS P&B LIMITED        ,Listed    ,05 FEB 2026,               1.00,         257125940,             11.95,     3067512464.20
05 FEB 2026,GENUSPOWER,EQ,GENUS POWER INFRASTRU LTD,Listed    ,05 FEB 2026,               1.00,         304111548,            253.85,    77198716459.80
05 FEB 2026,GEOJITFSL,EQ,GEOJIT FINANCIAL SER L   ,Listed    ,05 FEB 2026,               1.00,         279122119,             71.55,    19971187614.45 
05 FEB 2026,GESHIP,EQ,THE GE SHPG.LTD          ,Listed    ,05 FEB 2026,              10.00,         142767161,           1266.10,   180757502542.10    
05 FEB 2026,GFLLIMITED,EQ,GFL LIMITED              ,Listed    ,05 FEB 2026,               1.00,         109850000,             47.50,     5217875000.00
05 FEB 2026,GGBL,SM,GANESH GREEN BHARAT LTD  ,Listed    ,05 FEB 2026,              10.00,          24801000,            296.95,     7364656950.00      
05 FEB 2026,GHCL,EQ,GHCL LIMITED             ,Listed    ,05 FEB 2026,              10.00,          91934155,            508.95,    46789888187.25      
05 FEB 2026,GHCLTEXTIL,EQ,GHCL TEXTILES LIMITED    ,Listed    ,05 FEB 2026,               2.00,          95585786,             79.70,     7620098859.90
05 FEB 2026,GICHSGFIN,EQ,GIC HOUSING FINANCE LTD  ,Listed    ,05 FEB 2026,              10.00,          53851066,            164.10,     8838036951.90 
05 FEB 2026,GICL,ST,GLOBE INTL CARRIERS LTD  ,Listed    ,05 FEB 2026,               5.00,         111954588,             45.50,     5093933754.00      
05 FEB 2026,GICRE,EQ,GENERAL INS CORP OF INDIA,Listed    ,05 FEB 2026,               5.00,        1754400000,            373.10,   654566640000.00     
05 FEB 2026,GILLANDERS,EQ,GILLANDERS ARBUTHNOT LTD ,Listed    ,05 FEB 2026,              10.00,          21342346,             86.35,     1842698153.65
05 FEB 2026,GILLETTE,EQ,GILLETTE INDIA LTD       ,Listed    ,05 FEB 2026,              10.00,          32585217,           8622.50,   280966033582.50  
05 FEB 2026,GINNIFILA,EQ,GINNI FILAMENTS LTD      ,Listed    ,05 FEB 2026,              10.00,          85650065,             41.45,     3550195194.25 
05 FEB 2026,GIPCL,EQ,GUJ IND POW CO. LTD      ,Listed    ,05 FEB 2026,              10.00,         155215944,            145.75,    22625828156.90     
05 FEB 2026,GIRIRAJ,SM,GIRIRAJ CIVIL DEVP LTD   ,Listed    ,05 FEB 2026,              10.00,          23920500,            150.15,     3591663075.00   
05 FEB 2026,GKENERGY,EQ,GK ENERGY LIMITED        ,Listed    ,05 FEB 2026,               2.00,         202817266,            105.40,    21374911663.75  
05 FEB 2026,GKSL,EQ,GUJARAT KIDNEY N SUP SP L,Listed    ,05 FEB 2026,               2.00,          78843250,            106.95,     8431497155.00      
05 FEB 2026,GKWLIMITED,EQ,GKW LIMITED              ,Listed    ,05 FEB 2026,              10.00,           5966500,           1698.90,    10136486850.00
05 FEB 2026,GLAND,EQ,GLAND PHARMA LIMITED     ,Listed    ,05 FEB 2026,               1.00,         164756423,           1849.20,   304667577411.60     
05 FEB 2026,GLAXO,EQ,GLAXOSMITHKLINE PHARMA LT,Listed    ,05 FEB 2026,              10.00,         169406034,           2444.60,   414129990716.40     
05 FEB 2026,GLENMARK,EQ,GLENMARK PHARMACEUTICALS ,Listed    ,05 FEB 2026,               1.00,         282200809,           1969.30,   555738053163.70  
05 FEB 2026,GLFL,BE,GUJARAT LEASE FINANCING L,Listed    ,05 FEB 2026,              10.00,          27125767,              4.55,      123422239.85      
05 FEB 2026,GLOBAL,BE,GLOBAL EDUCATION LIMITED ,Listed    ,05 FEB 2026,               2.00,          50901500,             82.00,     4172904970.00    
05 FEB 2026,GLOBALE,EQ,GLOBALE TESSILE LIMITED  ,Listed    ,05 FEB 2026,              10.00,          10620275,             11.55,      122664176.25   
05 FEB 2026,GLOBALPET,SM,GLOBAL PET INDUSTRIES LTD,Listed    ,05 FEB 2026,              10.00,          11787408,            118.00,     1390914144.00 
05 FEB 2026,GLOBALVECT,EQ,GLOBAL VEC HELICORP LTD  ,Listed    ,05 FEB 2026,              10.00,          14000000,            183.75,     2572500000.00
05 FEB 2026,GLOBE,EQ,GLOBE ENTERPRISE (I) LTD ,Listed    ,05 FEB 2026,               2.00,         450418788,              2.70,     1220634915.50     
05 FEB 2026,GLOBECIVIL,EQ,GLOBE CIVIL PROJECTS LTD ,Listed    ,05 FEB 2026,              10.00,          59718999,             53.45,     3193174876.55
05 FEB 2026,GLOBUSSPR,EQ,GLOBUS SPIRITS LTD       ,Listed    ,05 FEB 2026,              10.00,          28972134,            940.25,    27241048993.50 
05 FEB 2026,GLOSTERLTD,EQ,GLOSTER LIMITED          ,Listed    ,05 FEB 2026,              10.00,          10943260,            621.55,     6801783253.00
05 FEB 2026,GLOTTIS,EQ,GLOTTIS LIMITED          ,Listed    ,05 FEB 2026,               2.00,          92403000,             51.15,     4726413450.00   
05 FEB 2026,GMBREW,EQ,G M BREWERIES LTD        ,Listed    ,05 FEB 2026,              10.00,          22846924,           1017.00,    23235321708.00    
05 FEB 2026,GMDCLTD,EQ,GUJARAT MINERAL DEV CORP ,Listed    ,05 FEB 2026,               2.00,         318000000,            613.85,   195204300000.00   
05 FEB 2026,GML,ST,GALAXY MEDICARE LIMITED  ,Listed    ,05 FEB 2026,              10.00,          15171983,             19.85,      301163862.55       
05 FEB 2026,GMMPFAUDLR,EQ,GMM PFAUDLER LIMITED     ,Listed    ,05 FEB 2026,               2.00,          44957224,           1002.60,    45074112782.40
05 FEB 2026,GMRAIRPORT,EQ,GMR AIRPORTS LIMITED     ,Listed    ,05 FEB 2026,               1.00,       10558975952,             97.45,  1028761027003.35
05 FEB 2026,GMRP&UI,EQ,GMR POW AND URBAN INFRA L,Listed    ,05 FEB 2026,               5.00,         714836194,            106.45,    76101461213.25   
05 FEB 2026,GNA,EQ,GNA AXLES LIMITED        ,Listed    ,05 FEB 2026,              10.00,          42930800,            407.70,    17502887160.00       
05 FEB 2026,GNFC,EQ,GUJ NAR VAL FER & CHEM L ,Listed    ,05 FEB 2026,              10.00,         146940683,            465.80,    68444970141.40      
05 FEB 2026,GOACARBON,EQ,GOA CARBON LIMITED       ,Listed    ,05 FEB 2026,              10.00,           9151052,            375.45,     3435762473.40 
05 FEB 2026,GOCLCORP,EQ,GOCL CORPORATION LIMITED ,Listed    ,05 FEB 2026,               2.00,          49572490,            267.30,    13250726577.00  
05 FEB 2026,GOCOLORS,EQ,GO FASHION INDIA LTD     ,Listed    ,05 FEB 2026,              10.00,          54008984,            388.20,    20966287588.80  
05 FEB 2026,GODAVARIB,EQ,GODAVARI BIOREFINERIES L ,Listed    ,05 FEB 2026,              10.00,          51175977,            254.65,    13031962543.05 
05 FEB 2026,GODFRYPHLP,EQ,GODFREY PHILLIPS INDIA LT,Listed    ,05 FEB 2026,               2.00,         155981760,           1982.00,   309155848320.00
05 FEB 2026,GODIGIT,EQ,GO DIGIT GENERAL INS LTD ,Listed    ,05 FEB 2026,              10.00,         923720770,            313.00,   289124601010.00   
05 FEB 2026,GODREJAGRO,EQ,GODREJ AGROVET LIMITED   ,Listed    ,05 FEB 2026,              10.00,         192328994,            553.75,   106502180427.50
05 FEB 2026,GODREJCP,EQ,GODREJ CONSUMER PRODUCTS ,Listed    ,05 FEB 2026,               1.00,        1023244581,           1170.20,  1197400808686.20  
05 FEB 2026,GODREJIND,EQ,GODREJ INDUSTRIES LTD    ,Listed    ,05 FEB 2026,               1.00,         336804842,            998.10,   336164912800.20 
05 FEB 2026,GODREJPROP,EQ,GODREJ PROPERTIES LTD    ,Listed    ,05 FEB 2026,               5.00,         301206344,           1689.80,   508978480091.20
05 FEB 2026,GOKEX,EQ,GOKALDAS EXPORTS LTD.    ,Listed    ,05 FEB 2026,               5.00,          73239878,            812.00,    59470780936.00     
05 FEB 2026,GOKUL,EQ,GOKUL REFOILS & SOLV LTD ,Listed    ,05 FEB 2026,               2.00,          98995000,             35.05,     3467794850.00     
05 FEB 2026,GOKULAGRO,EQ,GOKUL AGRO RESOURCES LTD ,Listed    ,05 FEB 2026,               1.00,         295086716,            166.05,    49002100058.95 
05 FEB 2026,GOLDENTOBC,BZ,GOLDEN TOBACCO LIMITED   ,Listed    ,05 FEB 2026,              10.00,          17608802,             30.05,      529144500.10
05 FEB 2026,GOLDIAM,EQ,GOLDIAM INTERNATIONAL LTD,Listed    ,05 FEB 2026,               2.00,         112917844,            354.95,    40080188727.80   
05 FEB 2026,GOLDKART,SM,GOLDKART JEWELS LIMITED  ,Listed    ,03 FEB 2026,              10.00,          16785350,            254.50,     4271871575.00  
05 FEB 2026,GOLDSTAR,SM,GOLDSTAR POWER LIMITED   ,Listed    ,05 FEB 2026,               1.00,         286198500,              4.80,     1373752800.00  
05 FEB 2026,GOLDTECH,EQ,AION-TECH SOLUTIONS LTD  ,Listed    ,05 FEB 2026,              10.00,          52261836,             44.45,     2323561228.55  
05 FEB 2026,GOODLUCK,EQ,GOODLUCK INDIA LIMITED   ,Listed    ,05 FEB 2026,               2.00,          33238509,           1150.80,    38250876157.20  
05 FEB 2026,GOPAL,EQ,GOPAL SNACKS LIMITED     ,Listed    ,05 FEB 2026,               1.00,         124622344,            298.95,    37255849738.80     
05 FEB 2026,GOYALALUM,BE,GOYAL ALUMINIUMS LIMITED ,Listed    ,05 FEB 2026,               1.00,         142732780,              7.55,     1079059816.80 
05 FEB 2026,GOYALSALT,SM,GOYAL SALT LIMITED       ,Listed    ,05 FEB 2026,              10.00,          17900250,            136.50,     2443384125.00 
05 FEB 2026,GPECO,SM,GP ECO SOLUTIONS INDIA L ,Listed    ,05 FEB 2026,              10.00,          11830800,            366.60,     4337171280.00     
05 FEB 2026,GPIL,EQ,GODAWARI POW & ISP LTD   ,Listed    ,05 FEB 2026,               1.00,         669795408,            256.95,   172110628039.70      
05 FEB 2026,GPPL,EQ,GUJARAT PIPAVAV PORT LTD ,Listed    ,05 FEB 2026,              10.00,         483439910,            169.75,    82059090323.40      
05 FEB 2026,GPTHEALTH,EQ,GPT HEALTHCARE LIMITED   ,Listed    ,05 FEB 2026,              10.00,          82054823,            127.75,    10482503638.25 
05 FEB 2026,GPTINFRA,EQ,GPT INFRAPROJECTS LTD    ,Listed    ,05 FEB 2026,              10.00,         126364600,            104.30,    13177300488.00  
05 FEB 2026,GRANULES,EQ,GRANULES INDIA LIMITED   ,Listed    ,05 FEB 2026,               1.00,         242668716,            579.70,   140675054665.20  
05 FEB 2026,GRAPHISAD,SM,GRAPHISADS LIMITED       ,Listed    ,05 FEB 2026,              10.00,          18276500,             41.80,      763957700.00 
05 FEB 2026,GRAPHITE,EQ,GRAPHITE INDIA LTD       ,Listed    ,05 FEB 2026,               2.00,         195375594,            622.95,   121709226282.30  
05 FEB 2026,GRASIM,EQ,GRASIM INDUSTRIES LTD    ,Listed    ,05 FEB 2026,               2.00,         680521734,           2863.90,  1948946194002.60    
05 FEB 2026,GRAVITA,EQ,GRAVITA INDIA LIMITED    ,Listed    ,05 FEB 2026,               2.00,          73808451,           1667.20,   123053449507.20   
05 FEB 2026,GRCL,SM,GAYATRI RUBB AND CHEM LTD,Listed    ,04 FEB 2026,              10.00,           5738000,            399.00,     2289462000.00      
05 FEB 2026,GREAVESCOT,EQ,GREAVES COTTON LTD.      ,Listed    ,05 FEB 2026,               2.00,         232844585,            169.40,    39443872699.00
05 FEB 2026,GREENCHEF,SM,GREENCHEF APPLIANCES LTD ,Listed    ,05 FEB 2026,              10.00,          23271840,             46.00,     1070504640.00 
05 FEB 2026,GREENLAM,EQ,GREENLAM INDUSTRIES LTD. ,Listed    ,05 FEB 2026,               1.00,         255147702,            258.15,    65871482225.35  
05 FEB 2026,GREENLEAF,SM,GREENLEAF ENVIROTECH LTD ,Listed    ,05 FEB 2026,              10.00,           5929250,            138.45,      820904662.50 
05 FEB 2026,GREENPANEL,EQ,GREENPANEL INDUSTRIES LTD,Listed    ,05 FEB 2026,               1.00,         122627395,            226.80,    27814345733.90
05 FEB 2026,GREENPLY,EQ,GREENPLY INDUSTRIES LTD  ,Listed    ,05 FEB 2026,               1.00,         124887795,            220.10,    27490301435.40  
05 FEB 2026,GREENPOWER,EQ,ORIENT GREEN POWER CO LTD,Listed    ,05 FEB 2026,              10.00,        1173022796,             10.35,    12117325482.70
05 FEB 2026,GRETEX,SM,GRETEX INDUSTRIES LTD.   ,Listed    ,29 JAN 2026,              10.00,          15506060,            206.00,     3194248360.00    
05 FEB 2026,GRINDWELL,EQ,GRINDWELL NORTON LIMITED ,Listed    ,05 FEB 2026,               5.00,         110720000,           1668.80,   184769536000.00 
05 FEB 2026,GRINFRA,EQ,G R INFRAPROJECTS LIMITED,Listed    ,05 FEB 2026,               5.00,          96760529,            988.80,    95676811075.20   
05 FEB 2026,GRMOVER,EQ,GRM OVERSEAS LIMITED     ,Listed    ,05 FEB 2026,               2.00,         184056000,            162.90,    29984562960.00   
05 FEB 2026,GROBTEA,EQ,THE GROB TEA COMPANY LTD ,Listed    ,05 FEB 2026,              10.00,           1162330,            961.25,     1117289712.50   
05 FEB 2026,GROWW,EQ,BILLIONBRAINS GARAGE VN L,Listed    ,05 FEB 2026,               2.00,        6173596631,            170.10,  1050067050966.80     
05 FEB 2026,GRPLTD,EQ,GRP LIMITED              ,Listed    ,05 FEB 2026,              10.00,           5333332,           1780.10,     9493864293.20    
05 FEB 2026,GRSE,EQ,GARDEN REACH SHIP&ENG LTD,Listed    ,05 FEB 2026,              10.00,         114552000,           2439.10,   279403783200.00      
05 FEB 2026,GRWRHITECH,EQ,GARWARE HI-TECH FILMS LTD,Listed    ,05 FEB 2026,              10.00,          23232394,           4152.20,    96465546366.80
05 FEB 2026,GSFC,EQ,GUJ STATE FERT & CHEM LTD,Listed    ,05 FEB 2026,               2.00,         398477530,            178.20,    71004711070.70      
05 FEB 2026,GSLSU,BE,GLOBAL SURFACES LIMITED  ,Listed    ,05 FEB 2026,              10.00,          42381818,             89.00,     3771981802.00     
05 FEB 2026,GSMFOILS,SM,GSM FOILS LIMITED        ,Listed    ,05 FEB 2026,              10.00,          14092749,            207.50,     2924245417.50  
05 FEB 2026,GSPL,EQ,GUJARAT STATE PETRO LTD  ,Listed    ,05 FEB 2026,              10.00,         564211376,            299.90,   169206991662.40      
05 FEB 2026,GSS,EQ,GSS INFOTECH LIMITED     ,Listed    ,05 FEB 2026,              10.00,          26156843,             15.55,      406477340.20       
05 FEB 2026,GSTL,ST,GLOBESECURE TECHNO LTD   ,Listed    ,05 FEB 2026,              10.00,          15939349,             21.05,      335523296.45      
05 FEB 2026,GTECJAINX,EQ,G-TEC JAINX EDUCATION LTD,Listed    ,05 FEB 2026,              10.00,          10189098,             19.25,      195936354.55 
05 FEB 2026,GTL,EQ,GTL LTD                  ,Listed    ,05 FEB 2026,              10.00,         157296781,              7.55,     1187590696.55       
05 FEB 2026,GTLINFRA,EQ,GTL INFRA.LTD            ,Listed    ,05 FEB 2026,              10.00,       12809111895,              1.10,    14346205322.40  
05 FEB 2026,GTPL,EQ,GTPL HATHWAY LIMITED     ,Listed    ,05 FEB 2026,              10.00,         112463038,             77.90,     8759746029.80      
05 FEB 2026,GUFICBIO,EQ,GUFIC BIOSCIENCES LTD.   ,Listed    ,05 FEB 2026,               1.00,         100282506,            308.10,    30897040098.60  
05 FEB 2026,GUJALKALI,EQ,GUJARAT ALKALIES & CHEM  ,Listed    ,05 FEB 2026,              10.00,          73445242,            469.85,    34508246953.70 
05 FEB 2026,GUJAPOLLO,EQ,GUJ. APOLLO IND. LTD.    ,Listed    ,05 FEB 2026,              10.00,          11800000,            388.15,     4580170000.00 
05 FEB 2026,GUJGASLTD,EQ,GUJARAT GAS LIMITED      ,Listed    ,05 FEB 2026,               2.00,         688390125,            421.35,   290053179168.75 
05 FEB 2026,GUJRAFFIA,BE,GUJARAT RAFFIA INDUST LTD,Listed    ,05 FEB 2026,              10.00,           5404500,             38.80,      209694600.00 
05 FEB 2026,GUJTHEM,EQ,GUJARAT THEMIS BIOSYN LTD,Listed    ,05 FEB 2026,               1.00,         108965265,            328.50,    35795089552.50   
05 FEB 2026,GULFOILLUB,EQ,GULF OIL LUB. IND. LTD.  ,Listed    ,05 FEB 2026,               2.00,          49319623,           1116.40,    55060427117.20
05 FEB 2026,GULFPETRO,EQ,GP PETROLEUMS LIMITED    ,Listed    ,05 FEB 2026,               5.00,          50984383,             33.10,     1686563389.65 
05 FEB 2026,GULPOLY,EQ,GULSHAN POLYOLS LIMITED  ,Listed    ,05 FEB 2026,               1.00,          62370587,            129.35,     8066388016.70   
05 FEB 2026,GURUNANAK,SM,GURUNANAK AGRICULTUR IN L,Listed    ,05 FEB 2026,              10.00,          12000000,             33.00,      396000000.00 
05 FEB 2026,GVKPIL,BE,GVK POW. & INFRA LTD.    ,Listed    ,05 FEB 2026,               1.00,        1578620550,              3.00,     4720075444.50    
05 FEB 2026,GVPIL,EQ,GE POWER INDIA LIMITED   ,Listed    ,05 FEB 2026,              10.00,          67227471,            334.35,    22477504928.85     
05 FEB 2026,GVPTECH,EQ,GVP INFOTECH LIMITED     ,Listed    ,05 FEB 2026,               2.00,         162861590,              8.00,     1304521335.90   
05 FEB 2026,GVT&D,EQ,GE VERNOVA T&D INDIA LTD ,Listed    ,05 FEB 2026,               2.00,         256046535,           3513.50,   899619500722.50     
05 FEB 2026,HAL,EQ,HINDUSTAN AERONAUTICS LTD,Listed    ,05 FEB 2026,               5.00,         668775000,           4035.50,  2698841512500.00       
05 FEB 2026,HALDER,BE,HALDER VENTURE LIMITED   ,Listed    ,05 FEB 2026,              10.00,          12438135,            282.10,     3508797883.50    
05 FEB 2026,HALEOSLABS,BE,HALEOS LABS LIMITED      ,Listed    ,05 FEB 2026,              10.00,           3023287,           1259.40,     3807527647.80
05 FEB 2026,HAPPSTMNDS,EQ,HAPPIEST MINDS TECHNO LTD,Listed    ,05 FEB 2026,               2.00,         152274811,            393.60,    59935365609.60
05 FEB 2026,HAPPYFORGE,EQ,HAPPY FORGINGS LIMITED   ,Listed    ,05 FEB 2026,               2.00,          94327921,           1124.60,   106081179956.60
05 FEB 2026,HARDWYN,BE,HARDWYN INDIA LIMITED    ,Listed    ,05 FEB 2026,               1.00,         488434054,             16.40,     8020087166.70   
05 FEB 2026,HARIOMPIPE,EQ,HARIOM PIPE INDUSTRIES L ,Listed    ,05 FEB 2026,              10.00,          30967289,            407.70,    12625363725.30
05 FEB 2026,HARRMALAYA,EQ,HARRISON MALAYALAM LTD   ,Listed    ,05 FEB 2026,              10.00,          18455405,            161.40,     2978333258.90
05 FEB 2026,HARSHA,EQ,HARSHA ENGINEERS INT LTD ,Listed    ,05 FEB 2026,              10.00,          91044105,            396.05,    36058017785.25    
05 FEB 2026,HATHWAY,EQ,HATHWAY CABLE & DATACOM  ,Listed    ,05 FEB 2026,               2.00,        1770104500,             11.15,    19718964130.00   
05 FEB 2026,HATSUN,EQ,HATSUN AGRO PRODUCT LTD. ,Listed    ,05 FEB 2026,               1.00,         222748268,            906.80,   201988129422.40    
05 FEB 2026,HAVELLS,EQ,HAVELLS INDIA LIMITED    ,Listed    ,05 FEB 2026,               1.00,         627256842,           1350.20,   846922188068.40   
05 FEB 2026,HAVISHA,EQ,SRI HAVISHA HOSP & INFR L,Listed    ,05 FEB 2026,               2.00,         153535800,              1.70,      257940144.00   
05 FEB 2026,HBLENGINE,EQ,HBL ENGINEERING LTD      ,Listed    ,05 FEB 2026,               1.00,         277194946,            779.55,   216087320154.30 
05 FEB 2026,HBSL,BE,HB STOCKHOLDINGS LIMITED ,Listed    ,05 FEB 2026,              10.00,           7137665,             63.25,      451600064.55      
05 FEB 2026,HCC,EQ,HINDUSTAN CONSTRUCTION CO,Listed    ,05 FEB 2026,               1.00,        2619468062,             19.25,    50477149554.75       
05 FEB 2026,HCG,EQ,HEALTHCARE GLOB. ENT. LTD,Listed    ,05 FEB 2026,              10.00,         141007637,            597.30,    84223861580.10       
05 FEB 2026,HCL-INSYS,EQ,HCL INFOSYSTEMS LTD      ,Listed    ,05 FEB 2026,               2.00,         329209928,             12.80,     4220471276.95 
05 FEB 2026,HCLTECH,EQ,HCL TECHNOLOGIES LTD     ,Listed    ,05 FEB 2026,               2.00,        2713665096,           1610.00,  4369000804560.00   
05 FEB 2026,HDBFS,EQ,HDB FINANCIAL SERVICES L ,Listed    ,05 FEB 2026,              10.00,         829847223,            700.45,   581266487350.35     
05 FEB 2026,HDFCAMC,EQ,HDFC AMC LIMITED         ,Listed    ,05 FEB 2026,               5.00,         428308492,           2762.30,  1183116547451.60   
05 FEB 2026,HDFCBANK,EQ,HDFC BANK LTD            ,Listed    ,05 FEB 2026,               1.00,       15384577216,            949.70, 14610732982035.20  
05 FEB 2026,HDFCLIFE,EQ,HDFC LIFE INS CO LTD     ,Listed    ,05 FEB 2026,              10.00,        2157615850,            720.70,  1554993743095.00  
05 FEB 2026,HDIL,BZ,HOUSING DEV & INFRA LTD  ,Listed    ,05 FEB 2026,              10.00,         474003986,              2.50,     1180269925.15      
05 FEB 2026,HEADSUP,EQ,HEADS UP VENTURES LIMITED,Listed    ,05 FEB 2026,              10.00,          22082609,              8.50,      187923002.60   
05 FEB 2026,HECPROJECT,EQ,HEC INFRA PROJECTS LTD   ,Listed    ,05 FEB 2026,              10.00,          10838160,            113.80,     1233599371.20
05 FEB 2026,HEG,EQ,HEG LTD                  ,Listed    ,05 FEB 2026,               2.00,         192977530,            535.65,   103368413944.50       
05 FEB 2026,HEIDELBERG,EQ,HEIDELBERGCEMENT (I) LTD ,Listed    ,05 FEB 2026,              10.00,         226613116,            174.30,    39494133856.50
05 FEB 2026,HEMIPROP,EQ,HEMISPHERE PROP IND LTD  ,Listed    ,05 FEB 2026,              10.00,         285000000,            132.40,    37734000000.00  
05 FEB 2026,HERANBA,EQ,HERANBA INDUSTRIES LTD   ,Listed    ,05 FEB 2026,              10.00,          40013467,            233.90,     9359550065.95   
05 FEB 2026,HERITGFOOD,EQ,HERITAGE FOODS LTD       ,Listed    ,05 FEB 2026,               5.00,          92796000,            376.40,    34928414400.00
05 FEB 2026,HEROMOTOCO,EQ,HERO MOTOCORP LIMITED    ,Listed    ,05 FEB 2026,               2.00,         200081612,           5766.00,  1153670574792.00
05 FEB 2026,HESTERBIO,EQ,HESTER BIOSCIENCES LTD   ,Listed    ,05 FEB 2026,              10.00,           8506865,           1514.80,    12886199102.00 
05 FEB 2026,HEXATRADEX,EQ,HEXA TRADEX LIMITED      ,Listed    ,05 FEB 2026,               2.00,          55244704,            160.80,     8883348403.20
05 FEB 2026,HEXT,EQ,HEXAWARE TECHNOLOGIES LTD,Listed    ,05 FEB 2026,               1.00,         611015992,            641.55,   391997309667.60      
05 FEB 2026,HFCL,EQ,HFCL LIMITED             ,Listed    ,05 FEB 2026,               1.00,        1530602463,             71.05,   108749304996.15      
05 FEB 2026,HGINFRA,EQ,H.G.INFRA ENGINEERING LTD,Listed    ,05 FEB 2026,              10.00,          65171111,            648.40,    42256948372.40   
05 FEB 2026,HGM,EQ,HANDSON GBL MNGMNT LTD   ,Listed    ,05 FEB 2026,              10.00,          12594972,             61.10,      769678738.90       
05 FEB 2026,HGS,EQ,HINDUJA GLOBAL SOLS. LTD.,Listed    ,05 FEB 2026,              10.00,          46520285,            409.50,    19050056707.50       
05 FEB 2026,HIGREEN,SM,HI GREEN CARBON LIMITED  ,Listed    ,05 FEB 2026,              10.00,          24990000,            140.05,     3499849500.00   
05 FEB 2026,HIKAL,EQ,HIKAL LIMITED            ,Listed    ,05 FEB 2026,               2.00,         123300750,            190.90,    23535647160.00     
05 FEB 2026,HILINFRA,EQ,HIGHWAY INFRASTRUCTURE L ,Listed    ,05 FEB 2026,               5.00,          71720632,             52.75,     3781828925.35  
05 FEB 2026,HILTON,EQ,HILTON METAL FORGING LTD ,Listed    ,05 FEB 2026,              10.00,          34696552,             26.60,      922234352.15    
05 FEB 2026,HIMATSEIDE,EQ,HIMATSINGKA SEIDE LTD    ,Listed    ,05 FEB 2026,               5.00,         125742289,            117.10,    14723164619.00
05 FEB 2026,HINDALCO,EQ,HINDALCO  INDUSTRIES  LTD,Listed    ,05 FEB 2026,               1.00,        2247226523,            935.45,  2102168050940.35  
05 FEB 2026,HINDCOMPOS,EQ,HINDUSTAN COMPOSITES LTD.,Listed    ,05 FEB 2026,               5.00,          14769000,            414.05,     6115104450.00
05 FEB 2026,HINDCON,EQ,HINDCON CHEMICALS LIMITED,Listed    ,05 FEB 2026,               2.00,          51190625,             22.55,     1155372406.25   
05 FEB 2026,HINDCOPPER,EQ,HINDUSTAN COPPER LTD     ,Listed    ,05 FEB 2026,               5.00,         967024020,            607.30,   587273687346.00
05 FEB 2026,HINDOILEXP,EQ,HINDUSTAN OIL EXPLORATION,Listed    ,05 FEB 2026,              10.00,         132294300,            155.05,    20512231215.00
05 FEB 2026,HINDPETRO,EQ,HINDUSTAN PETROLEUM CORP ,Listed    ,05 FEB 2026,              10.00,        2127822518,            458.85,   976351362384.30 
05 FEB 2026,HINDUNILVR,EQ,HINDUSTAN UNILEVER LTD.  ,Listed    ,05 FEB 2026,               1.00,        2349591262,           2354.40,  5531877667252.80
05 FEB 2026,HINDWAREAP,EQ,HINDWARE HME INOVATON LTD,Listed    ,05 FEB 2026,               2.00,          83646357,            246.50,    20619663464.05
05 FEB 2026,HINDZINC,EQ,HINDUSTAN ZINC LIMITED   ,Listed    ,05 FEB 2026,               2.00,        4225319000,            610.80,  2580824845200.00  
05 FEB 2026,HIRECT,EQ,HIND RECTIFIER LIMITED   ,Listed    ,05 FEB 2026,               2.00,          17183807,           1352.00,    23232507064.00    
05 FEB 2026,HISARMETAL,EQ,HISAR METAL IND. LIMITED ,Listed    ,05 FEB 2026,              10.00,           5400000,            160.20,      865026000.00
05 FEB 2026,HITECH,EQ,HI-TECH PIPES LIMITED    ,Listed    ,05 FEB 2026,               1.00,         203107734,             81.10,    16472037227.40    
05 FEB 2026,HITECHCORP,EQ,HITECH CORPORATION LTD   ,Listed    ,05 FEB 2026,              10.00,          17175700,            154.65,     2656222005.00
05 FEB 2026,HITECHGEAR,BE,THE HI-TECH GEARS LIMITED,Permitted ,05 FEB 2026,              10.00,          18793217,            682.95,    12834827550.15
05 FEB 2026,HLEGLAS,EQ,HLE GLASCOAT LIMITED     ,Listed    ,05 FEB 2026,               2.00,          69454739,            379.45,    26354600713.55   
05 FEB 2026,HLVLTD,EQ,HLV LIMITED              ,Listed    ,05 FEB 2026,               2.00,         659259899,              8.35,     5518005354.65    
05 FEB 2026,HMAAGRO,EQ,HMA AGRO INDUSTRIES LTD  ,Listed    ,05 FEB 2026,               1.00,         500769770,             27.45,    13751137884.20   
05 FEB 2026,HMT,BZ,HMT LTD -                ,Listed    ,05 FEB 2026,              10.00,         470670740,             43.40,    20427110116.00       
05 FEB 2026,HMVL,EQ,HINDUSTAN MEDIA VENT LTD ,Listed    ,05 FEB 2026,              10.00,          73671548,             73.10,     5385390158.80      
05 FEB 2026,HNDFDS,EQ,HINDUSTAN FOODS LIMITED  ,Listed    ,05 FEB 2026,               2.00,         119481762,            490.75,    58635674701.50    
05 FEB 2026,HOACFOODS,ST,HOAC FOODS INDIA LIMITED ,Listed    ,05 FEB 2026,              10.00,           4340460,            352.50,     1530012150.00 
05 FEB 2026,HOLMARC,SM,HOLMARC OPTO MECHATRO L  ,Listed    ,05 FEB 2026,              10.00,          10050000,             99.00,      994950000.00   
05 FEB 2026,HOMEFIRST,EQ,HOME FIRST FIN CO IND LTD,Listed    ,05 FEB 2026,               2.00,         103923212,           1161.40,   120696418416.80 
05 FEB 2026,HOMESFY,SM,HOMESFY REALTY LIMITED   ,Listed    ,05 FEB 2026,              10.00,           3226200,            170.00,      548454000.00   
05 FEB 2026,HONASA,EQ,HONASA CONSUMER LIMITED  ,Listed    ,05 FEB 2026,              10.00,         325369794,            281.00,    91428912114.00    
05 FEB 2026,HONAUT,EQ,HONEYWELL AUTOMATION IND ,Listed    ,05 FEB 2026,              10.00,           8841523,          32500.00,   287349497500.00    
05 FEB 2026,HONDAPOWER,EQ,HONDA I POWER PRODUCT LTD,Listed    ,05 FEB 2026,              10.00,          10143071,           2182.60,    22138266764.60
05 FEB 2026,HPAL,EQ,HP ADHESIVES LIMITED     ,Listed    ,05 FEB 2026,               2.00,          91874735,             40.05,     3679583136.75      
05 FEB 2026,HPIL,EQ,HINDPRAKASH INDUSTRY LTD ,Listed    ,05 FEB 2026,              10.00,          11424110,            132.65,     1515179709.30      
05 FEB 2026,HPL,EQ,HPL ELECTRIC & POWER LTD ,Listed    ,05 FEB 2026,              10.00,          64300486,            321.90,    20698326443.40       
05 FEB 2026,HPTL,SM,HP TELECOM INDIA LIMITED ,Listed    ,05 FEB 2026,              10.00,          11914710,            264.40,     3150249324.00      
05 FEB 2026,HRHNEXT,SM,HRH NEXT SERVICES LIMITED,Listed    ,05 FEB 2026,              10.00,          13204438,             27.10,      357840269.80   
05 FEB 2026,HSCL,EQ,HIMADRI SPECIALITY CHEM L,Listed    ,05 FEB 2026,               1.00,         504494950,            455.30,   229696550735.00      
05 FEB 2026,HTMEDIA,EQ,HT MEDIA LIMITED         ,Listed    ,05 FEB 2026,               2.00,         182655286,             22.05,     4023895950.60   
05 FEB 2026,HUBTOWN,EQ,HUBTOWN LIMITED          ,Listed    ,05 FEB 2026,              10.00,         142100657,            223.90,    31813495089.15   
05 FEB 2026,HUDCO,EQ,HSG & URBAN DEV CORPN LTD,Listed    ,05 FEB 2026,              10.00,        2001900000,            194.75,   389850006000.00     
05 FEB 2026,HUHTAMAKI,EQ,HUHTAMAKI INDIA LIMITED  ,Listed    ,05 FEB 2026,               2.00,          75521934,            181.65,    13718559311.10 
05 FEB 2026,HVAX,SM,HVAX TECHNOLOGIES LIMITED,Listed    ,05 FEB 2026,              10.00,           2776875,            775.00,     2152078125.00      
05 FEB 2026,HYBRIDFIN,EQ,HYBRID FINANCIAL SERVICE ,Listed    ,05 FEB 2026,               5.00,          29436275,             21.25,      625520843.75 
05 FEB 2026,HYUNDAI,EQ,HYUNDAI MOTOR INDIA LTD  ,Listed    ,05 FEB 2026,              10.00,         812541100,           2164.30,  1758582702730.00   
05 FEB 2026,IBLFL,SM,IBL FINANCE LIMITED      ,Listed    ,04 FEB 2026,              10.00,          24730650,             47.10,     1164813615.00     
05 FEB 2026,IBULLSLTD,EQ,INDIABULLS LIMITED       ,Listed    ,05 FEB 2026,               2.00,        2324382138,             10.55,    24568719198.65 
05 FEB 2026,ICDSLTD,EQ,ICDS LTD                 ,Listed    ,05 FEB 2026,              10.00,          13026700,             43.70,      569527324.00   
05 FEB 2026,ICEMAKE,EQ,ICE MAKE REFRIGERAT LTD  ,Listed    ,05 FEB 2026,              10.00,          15779735,            733.55,    11575224609.25   
05 FEB 2026,ICICIAMC,EQ,ICICI PRUDENTIAL AMC LTD ,Listed    ,05 FEB 2026,               1.00,         494258520,           3098.60,  1531509450072.00  
05 FEB 2026,ICICIBANK,EQ,ICICI BANK LTD.          ,Listed    ,05 FEB 2026,               2.00,        7150191757,           1396.50,  9985242788650.50 
05 FEB 2026,ICICIGI,EQ,ICICI LOMBARD GIC LIMITED,Listed    ,05 FEB 2026,              10.00,         498004805,           1874.20,   933360605531.00   
05 FEB 2026,ICICIPRULI,EQ,ICICI PRU LIFE INS CO LTD,Listed    ,05 FEB 2026,              10.00,        1447581188,            655.20,   948455194377.60
05 FEB 2026,ICIL,EQ,INDO COUNT INDUSTRIES LTD,Listed    ,05 FEB 2026,               2.00,         198054340,            307.30,    60860118138.60      
05 FEB 2026,ICRA,EQ,ICRA LIMITED             ,Listed    ,05 FEB 2026,              10.00,           9651231,           5989.50,    57806048074.50      
05 FEB 2026,IDBI,EQ,IDBI BANK LIMITED        ,Listed    ,05 FEB 2026,              10.00,       10752402175,            103.00,  1107282375981.50      
05 FEB 2026,IDEA,EQ,VODAFONE IDEA LIMITED    ,Listed    ,05 FEB 2026,              10.00,      108343035001,             11.25,  1217775713411.25      
05 FEB 2026,IDEAFORGE,EQ,IDEAFORGE TECHNO LTD     ,Listed    ,05 FEB 2026,              10.00,          43253695,            424.95,    18380657690.25 
05 FEB 2026,IDEALTECHO,SM,IDEAL TECHNOPLAST IND LTD,Listed    ,05 FEB 2026,              10.00,           5000000,            213.00,     1065000000.00
05 FEB 2026,IDENTICAL,SM,IDENTICAL BRAINS STUDIO L,Listed    ,05 FEB 2026,              10.00,          14025958,             17.20,      241246477.60 
05 FEB 2026,IDFCFIRSTB,EQ,IDFC FIRST BANK LIMITED  ,Listed    ,05 FEB 2026,              10.00,        8594892611,             85.50,   734691420388.30
05 FEB 2026,IEML,SM,INDIAN EMULSIFIERS LTD   ,Listed    ,05 FEB 2026,              10.00,          18333333,             72.55,     1330083309.15      
05 FEB 2026,IEX,EQ,INDIAN ENERGY EXC LTD    ,Listed    ,05 FEB 2026,               1.00,         891692735,            124.85,   111327837964.75       
05 FEB 2026,IFBAGRO,EQ,IFB AGRO INDUSTRIES LTD  ,Listed    ,05 FEB 2026,              10.00,           9367111,           1036.80,     9711820684.80   
05 FEB 2026,IFBIND,EQ,IFB INDUSTRIES LTD       ,Listed    ,05 FEB 2026,              10.00,          40518796,           1116.30,    45231131974.80    
05 FEB 2026,IFCI,EQ,IFCI LTD                 ,Listed    ,05 FEB 2026,              10.00,        2694314331,             60.00,   161658859860.00      
05 FEB 2026,IFGLEXPOR,EQ,IFGL REFRACTORIES LIMITED,Listed    ,05 FEB 2026,              10.00,          72078624,            189.60,    13666827896.65 
05 FEB 2026,IGARASHI,EQ,IGARASHI MOTORS INDIA LTD,Listed    ,05 FEB 2026,              10.00,          31475048,            400.70,    12612051733.60  
05 FEB 2026,IGCL,EQ,INDOGULF CROPSCIENCES LTD,Listed    ,05 FEB 2026,              10.00,          63223997,             73.70,     4660873058.85      
05 FEB 2026,IGIL,EQ,INTERNATIO GEMM INS (I) L,Listed    ,05 FEB 2026,               2.00,         432159696,            314.75,   136022264316.00      
05 FEB 2026,IGL,EQ,INDRAPRASTHA GAS LTD     ,Listed    ,05 FEB 2026,               2.00,        1400001600,            173.20,   242508277152.00       
05 FEB 2026,IGPL,EQ,I G PETROCHEMICALS LTD   ,Listed    ,05 FEB 2026,              10.00,          30794850,            357.00,    10993761450.00      
05 FEB 2026,IIFL,EQ,IIFL FINANCE LIMITED     ,Listed    ,05 FEB 2026,               2.00,         425227927,            504.55,   214548750567.85      
05 FEB 2026,IIFLCAPS,EQ,IIFL CAPITAL SERVICES LTD,Listed    ,05 FEB 2026,               2.00,         310867784,            324.00,   100721162016.00  
05 FEB 2026,IITL,EQ,INDUSTRIAL INV TRUST LTD ,Listed    ,05 FEB 2026,              10.00,          21827550,            136.65,     2983171258.50      
05 FEB 2026,IKIO,EQ,IKIO TECHNOLOGIES LIMITED,Listed    ,05 FEB 2026,              10.00,          77280701,            151.40,    11700298131.40      
05 FEB 2026,IKS,EQ,INVENTURUS KNOWLEDGE SO L,Listed    ,05 FEB 2026,               1.00,         171573159,           1703.70,   292309190988.30       
05 FEB 2026,IL&FSENGG,BZ,IL&FS ENG AND CONS CO LTD,Listed    ,05 FEB 2026,              10.00,         131121078,             24.65,     3232134572.70 
05 FEB 2026,IL&FSTRANS,BZ,IL&FS TRANS NET LTD      ,Listed    ,05 FEB 2026,              10.00,         328960027,              2.60,      855296070.20
05 FEB 2026,IMAGICAA,EQ,IMAGICAAWORLD ENT LTD    ,Listed    ,05 FEB 2026,              10.00,         565861447,             49.35,    27919603795.00  
05 FEB 2026,IMFA,EQ,INDIAN METALS & FERRO    ,Listed    ,05 FEB 2026,              10.00,          53954106,           1328.50,    71678029821.00      
05 FEB 2026,IMPAL,EQ,IND MOTOR PART & ACC LTD ,Listed    ,05 FEB 2026,              10.00,          12480000,           1071.00,    13366080000.00     
05 FEB 2026,IMPEXFERRO,BZ,IMPEX FERRO TECH LIMITED ,Listed    ,05 FEB 2026,              10.00,          87931604,              1.80,      157397571.15
05 FEB 2026,INCREDIBLE,EQ,INCREDIBLE INDUSTRIES LTD,Listed    ,05 FEB 2026,              10.00,          46763750,             36.55,     1709215062.50
05 FEB 2026,INDBANK,EQ,INDBANK MERCH BANK       ,Listed    ,05 FEB 2026,              10.00,          44378200,             35.90,     1592289816.00   
05 FEB 2026,INDGN,EQ,INDEGENE LIMITED         ,Listed    ,05 FEB 2026,               2.00,         240317117,            480.70,   115520438141.90     
05 FEB 2026,INDHOTEL,EQ,THE INDIAN HOTELS CO. LTD,Listed    ,05 FEB 2026,               1.00,        1423432227,            689.15,   980958319237.05  
05 FEB 2026,INDIACEM,EQ,THE INDIA CEMENTS LIMITED,Listed    ,05 FEB 2026,              10.00,         309897201,            452.10,   140104524572.10  
05 FEB 2026,INDIAGLYCO,EQ,INDIA GLYCOLS LTD        ,Listed    ,05 FEB 2026,               5.00,          67026765,            893.05,    59858252483.25
05 FEB 2026,INDIAMART,EQ,INDIAMART INTERMESH LTD  ,Listed    ,05 FEB 2026,              10.00,          60087148,           2282.80,   137166941454.40 
05 FEB 2026,INDIANB,EQ,INDIAN BANK              ,Listed    ,05 FEB 2026,              10.00,        1346963981,            879.50,  1184654821289.50   
05 FEB 2026,INDIANCARD,EQ,INDIAN CARD CLOTHING CO. ,Listed    ,05 FEB 2026,              10.00,           5941120,            232.90,     1383686848.00
05 FEB 2026,INDIANHUME,EQ,INDIAN HUME PIPE CO. LTD.,Listed    ,05 FEB 2026,               2.00,          52681770,            394.50,    20782958265.00
05 FEB 2026,INDIASHLTR,EQ,INDIA SHELTER FIN CORP L ,Listed    ,05 FEB 2026,               5.00,         108597016,            783.35,    85069472483.60
05 FEB 2026,INDIFRA,SM,INDIFRA LIMITED          ,Listed    ,04 FEB 2026,              10.00,           7290000,             15.00,      109350000.00   
05 FEB 2026,INDIGO,EQ,INTERGLOBE AVIATION LTD  ,Listed    ,05 FEB 2026,              10.00,         386590598,           4932.20,  1906742147455.60    
05 FEB 2026,INDIGOPNTS,EQ,INDIGO PAINTS LIMITED    ,Listed    ,05 FEB 2026,              10.00,          47675662,           1011.50,    48223932113.00
05 FEB 2026,INDIGRID,IV,INDIGRID INFRASTRUCT TRST,Listed    ,05 FEB 2026,             100.00,         952564719,            162.95,   155239472255.45  
05 FEB 2026,INDIQUBE,EQ,INDIQUBE SPACES LIMITED  ,Listed    ,05 FEB 2026,               1.00,         210011507,            172.80,    36287888294.55  
05 FEB 2026,INDNIPPON,EQ,INDIA NIPPON ELECT  LTD  ,Listed    ,05 FEB 2026,               5.00,          22621424,            755.10,    17081437262.40 
05 FEB 2026,INDOAMIN,EQ,INDO AMINES LIMITED      ,Listed    ,05 FEB 2026,               5.00,          72587560,            117.75,     8548636941.20  
05 FEB 2026,INDOBORAX,EQ,INDO BORAX & CHEMICAL LTD,Listed    ,05 FEB 2026,               1.00,          32090000,            245.35,     7872960600.00 
05 FEB 2026,INDOCO,EQ,INDOCO REMEDIES LTD.     ,Listed    ,05 FEB 2026,               2.00,          92247905,            222.00,    20480879868.10    
05 FEB 2026,INDOFARM,EQ,INDO FARM EQUIPMENT LTD  ,Listed    ,05 FEB 2026,              10.00,          48051600,            154.85,     7439829228.00  
05 FEB 2026,INDORAMA,EQ,INDO RAMA SYNTHETICS LTD ,Listed    ,05 FEB 2026,              10.00,         261113151,             41.45,    10825751240.45  
05 FEB 2026,INDOSTAR,EQ,INDOSTAR CAPITAL FIN LTD ,Listed    ,05 FEB 2026,              10.00,         147616717,            216.30,    31926543552.75  
05 FEB 2026,INDOTECH,EQ,INDO TECH TRANSFORM LTD. ,Listed    ,05 FEB 2026,              10.00,          10620000,           1385.70,    14716134000.00  
05 FEB 2026,INDOTHAI,EQ,INDO THAI SEC LTD        ,Listed    ,05 FEB 2026,               1.00,         123173190,            257.25,    31686303127.50  
05 FEB 2026,INDOUS,EQ,INDO US BIOTECH LTD      ,Listed    ,05 FEB 2026,              10.00,          20052000,            125.85,     2523945240.00    
05 FEB 2026,INDOWIND,EQ,INDOWIND ENERGY LTD      ,Listed    ,05 FEB 2026,              10.00,         161002170,             10.95,     1762973761.50  
05 FEB 2026,INDRAMEDCO,EQ,INDRAPRASTHA MEDICAL CORP,Listed    ,05 FEB 2026,              10.00,          91673000,            383.50,    35156595500.00
05 FEB 2026,INDSWFTLAB,EQ,IND SWIFT LABORATORIES LT,Listed    ,05 FEB 2026,              10.00,          81611558,            122.15,     9968035694.10
05 FEB 2026,INDTERRAIN,EQ,IND TERRAIN FASHIONS LTD ,Listed    ,05 FEB 2026,               2.00,          50667367,             36.80,     1864052431.95
05 FEB 2026,INDUSINDBK,EQ,INDUSIND BANK LIMITED    ,Listed    ,05 FEB 2026,              10.00,         779075972,            914.40,   712387068796.80
05 FEB 2026,INDUSINVIT,IV,INDUS INFRA TRUST        ,Listed    ,05 FEB 2026,             100.00,         442938605,            123.05,    54503595345.25
05 FEB 2026,INDUSTOWER,EQ,INDUS TOWERS LIMITED     ,Listed    ,05 FEB 2026,              10.00,        2638162757,            442.40,  1167123203696.80
05 FEB 2026,INFINIUM,SM,INFINIUM PHARMACHEM LTD  ,Listed    ,05 FEB 2026,              10.00,          15583120,            220.00,     3428286400.00  
05 FEB 2026,INFLUX,SM,INFLUX HEALTHTECH LIMITED,Listed    ,05 FEB 2026,              10.00,          23150400,            221.80,     5134758720.00    
05 FEB 2026,INFOBEAN,EQ,INFOBEANS TECHNO. LTD.   ,Listed    ,05 FEB 2026,              10.00,          24455380,            840.15,    20546187507.00  
05 FEB 2026,INFOLLION,SM,INFOLLION RESEARCH SER L ,Listed    ,05 FEB 2026,              10.00,           9696972,            351.00,     3403637172.00 
05 FEB 2026,INFOMEDIA,EQ,INFOMEDIA PRESS LIMITED  ,Listed    ,05 FEB 2026,              10.00,          50194172,              5.95,      299157265.10 
05 FEB 2026,INFY,EQ,INFOSYS LIMITED          ,Listed    ,05 FEB 2026,               5.00,        4054624409,           1520.20,  6163840026561.80      
05 FEB 2026,INGERRAND,EQ,INGERSOLL-RAND INDIA LTD ,Listed    ,05 FEB 2026,              10.00,          31568000,           3490.50,   110188104000.00 
05 FEB 2026,INM,SM,INTERIORS & MORE LIMITED ,Listed    ,05 FEB 2026,              10.00,          13990800,            180.85,     2530236180.00       
05 FEB 2026,INNOMET,SM,INNOMET ADVANCED MATERI L,Listed    ,05 FEB 2026,              10.00,          12940138,             72.50,      938160005.00   
05 FEB 2026,INNOVACAP,EQ,INNOVA CAPTAB LIMITED    ,Listed    ,05 FEB 2026,              10.00,          57224929,            707.10,    40463747295.90 
05 FEB 2026,INNOVANA,EQ,INNOVANA THINKLABS LTD   ,Listed    ,05 FEB 2026,              10.00,          20500000,            353.15,     7239575000.00  
05 FEB 2026,INOXGREEN,EQ,INOX GREEN ENERGY SER LTD,Listed    ,05 FEB 2026,              10.00,         373372490,            177.05,    66109333079.40 
05 FEB 2026,INOXINDIA,EQ,INOX INDIA LIMITED       ,Listed    ,05 FEB 2026,               2.00,          90763500,           1134.20,   102943961700.00 
05 FEB 2026,INOXWIND,EQ,INOX WIND LIMITED        ,Listed    ,05 FEB 2026,              10.00,        1728237822,            107.05,   185007858845.10  
05 FEB 2026,INSECTICID,EQ,INSECTICIDES (I) LTD     ,Listed    ,05 FEB 2026,              10.00,          29097837,            603.05,    17547450602.85
05 FEB 2026,INSPIRE,SM,INSPIRE FILMS LIMITED    ,Listed    ,05 FEB 2026,              10.00,          13609299,             10.50,      142897639.50   
05 FEB 2026,INSPIRISYS,EQ,INSPIRISYS SOLUTIONS LTD ,Listed    ,05 FEB 2026,              10.00,          39616873,             88.50,     3506885597.95
05 FEB 2026,INTEGRITY,SM,INTEGRITY INFRABUILD DE L,Listed    ,22 JAN 2026,              10.00,           4300000,            127.50,      548250000.00 
05 FEB 2026,INTELLECT,EQ,INTELLECT DESIGN ARENA   ,Listed    ,05 FEB 2026,               5.00,         139315462,            774.10,   107844099134.20 
05 FEB 2026,INTENTECH,EQ,INTENSE TECHNOLOGIES LTD ,Listed    ,05 FEB 2026,               2.00,          23624449,            114.65,     2708306833.35 
05 FEB 2026,INTERARCH,EQ,INTERARCH BLDNG SOLTN LTD,Listed    ,05 FEB 2026,              10.00,          16771853,           2054.20,    34452740432.60 
05 FEB 2026,INTERISE,IV,INTERISE TRUST           ,Listed    ,16 SEP 2025,             100.00,        1042411177,            109.15,   113758331746.00  
05 FEB 2026,INTLCONV,EQ,INTL CONVEYORS LIMITED   ,Listed    ,05 FEB 2026,               1.00,          63379000,             77.85,     4933421360.00  
05 FEB 2026,INVENTURE,EQ,INVENTURE GRO & SEC LTD  ,Listed    ,05 FEB 2026,               1.00,        1050000000,              1.15,     1207500000.00 
05 FEB 2026,INVICTA,SM,INVICTA DIAGNOSTIC LTD   ,Listed    ,05 FEB 2026,              10.00,          12571973,             64.50,      810892258.50   
05 FEB 2026,IOB,EQ,INDIAN OVERSEAS BANK     ,Listed    ,05 FEB 2026,              10.00,       19256589795,             34.80,   670514456661.90       
05 FEB 2026,IOC,EQ,INDIAN OIL CORP LTD      ,Listed    ,05 FEB 2026,              10.00,       14121238383,            175.75,  2482090070579.90       
05 FEB 2026,IOLCP,EQ,IOL CHEM AND PHARMA LTD  ,Listed    ,05 FEB 2026,               2.00,         293527510,             76.65,    22498883641.50     
05 FEB 2026,IONEXCHANG,EQ,ION EXCHANGE (INDIA) LTD ,Listed    ,05 FEB 2026,               1.00,         146666590,            376.85,    55271304441.50
05 FEB 2026,IPCALAB,EQ,IPCA LABORATORIES LTD    ,Listed    ,05 FEB 2026,               1.00,         253704218,           1442.20,   365892223199.60   
05 FEB 2026,IPHL,SM,INDIAN PHOSPHATE LIMITED ,Listed    ,05 FEB 2026,              10.00,          24989609,             60.50,     1511871344.50      
05 FEB 2026,IPL,EQ,INDIA PESTICIDES LIMITED ,Listed    ,05 FEB 2026,               1.00,         115163508,            166.10,    19129810313.90       
05 FEB 2026,IPSL,SM,INTEGRATED PERSO SER LTD ,Listed    ,05 FEB 2026,              10.00,           8606510,            250.45,     2155500429.50      
05 FEB 2026,IRB,EQ,IRB INFRA DEV LTD.       ,Listed    ,05 FEB 2026,               1.00,        6039000000,             42.25,   255208140000.00       
05 FEB 2026,IRBINVIT,IV,IRB INVIT FUND           ,Listed    ,05 FEB 2026,             102.00,        1281600000,             61.90,    79318224000.00  
05 FEB 2026,IRBIT,IV,IRB INFRASTRUCTURE TRUST ,Listed    ,13 JUN 2024,             100.00,        1172093265,            214.25,   251097540160.95     
05 FEB 2026,IRCON,EQ,IRCON INTERNATIONAL LTD  ,Listed    ,05 FEB 2026,               2.00,         940515740,            154.20,   145036932265.40     
05 FEB 2026,IRCTC,EQ,INDIAN RAIL TOUR CORP LTD,Listed    ,05 FEB 2026,               2.00,         800000000,            621.75,   497400000000.00     
05 FEB 2026,IREDA,EQ,INDIAN RENEWABLE ENERGY  ,Listed    ,05 FEB 2026,              10.00,        2809231268,            129.95,   365003418651.25     
05 FEB 2026,IRFC,EQ,INDIAN RAILWAY FIN CORP L,Listed    ,05 FEB 2026,              10.00,       13068506000,            114.70,  1499088323260.00      
05 FEB 2026,IRIS,EQ,IRIS REGTECH SOLUTION LTD,Listed    ,05 FEB 2026,              10.00,          20568247,            262.25,     5394022775.75      
05 FEB 2026,IRISDOREME,EQ,IRIS CLOTHINGS LIMITED   ,Listed    ,05 FEB 2026,               2.00,         190331470,             33.50,     6376104245.00
05 FEB 2026,IRMENERGY,EQ,IRM ENERGY LIMITED       ,Listed    ,05 FEB 2026,              10.00,          41059677,            251.30,    10317886233.35 
05 FEB 2026,ISFT,EQ,INTRASOFT TECH. LTD      ,Listed    ,05 FEB 2026,              10.00,          16311678,             86.85,     1416995467.85      
05 FEB 2026,ISGEC,EQ,ISGEC HEAVY ENG LTD      ,Listed    ,05 FEB 2026,               1.00,          73529510,            803.70,    59095667187.00     
05 FEB 2026,ISHAN,SM,ISHAN INTERNATIONAL LTD  ,Listed    ,05 FEB 2026,               1.00,         216235290,              0.75,      162176467.50     
05 FEB 2026,ISHANCH,EQ,ISHAN DYES N CHEMICALS L ,Listed    ,05 FEB 2026,              10.00,          26140417,             61.50,     1607635645.50   
05 FEB 2026,ITALIANE,SM,ITALIAN EDIBLES LIMITED  ,Listed    ,05 FEB 2026,              10.00,          14777151,             28.50,      421148803.50  
05 FEB 2026,ITC,EQ,ITC LTD                  ,Listed    ,05 FEB 2026,               1.00,       12528764562,            310.20,  3886422767132.40       
05 FEB 2026,ITCHOTELS,EQ,ITC HOTELS LIMITED       ,Listed    ,05 FEB 2026,               1.00,        2082853588,            183.00,   381141378068.10 
05 FEB 2026,ITDC,EQ,INDIA TOUR. DEV. CO. LTD.,Listed    ,05 FEB 2026,              10.00,          85769400,            534.05,    45805148070.00      
05 FEB 2026,ITI,EQ,ITI LTD                  ,Listed    ,05 FEB 2026,              10.00,         960886938,            293.35,   281876183262.30       
05 FEB 2026,ITTL,ST,INNOVATIVE TYRE & TUBE LT,Listed    ,05 FEB 2026,              10.00,          10000000,             71.15,      711500000.00      
05 FEB 2026,IVALUE,EQ,IVALUE INFOSOLUTIONS LTD ,Listed    ,05 FEB 2026,               2.00,          53539880,            229.80,    12303464424.00    
05 FEB 2026,IVC,EQ,IL&FS INVESTMENT MANAGERS,Listed    ,05 FEB 2026,               2.00,         314032740,              7.70,     2418052098.00       
05 FEB 2026,IVP,EQ,IVP LTD                  ,Listed    ,05 FEB 2026,              10.00,          10326263,            145.25,     1499992963.40       
05 FEB 2026,IWARE,ST,IWARE SUPPLYCHAIN SER LTD,Listed    ,05 FEB 2026,              10.00,          10716000,            230.45,     2469502200.00     
05 FEB 2026,IXIGO,EQ,LE TRAVENUES TECHNOLOGY L,Listed    ,05 FEB 2026,               1.00,         437579188,            207.45,    90780178342.50     
05 FEB 2026,IZMO,EQ,IZMO LIMITED             ,Listed    ,05 FEB 2026,              10.00,          14953576,            710.20,    10620029675.20      
05 FEB 2026,J&KBANK,EQ,J & K BANK LTD.          ,Listed    ,05 FEB 2026,               1.00,        1101182463,            104.05,   114589047099.80   
05 FEB 2026,JAGRAN,EQ,JAGRAN PRAKASHAN LIMITED ,Listed    ,05 FEB 2026,               2.00,         217654272,             67.00,    14580659681.30    
05 FEB 2026,JAGSNPHARM,EQ,JAGSONPAL PHARMACEUTICALS,Listed    ,05 FEB 2026,               2.00,          66781270,            170.05,    11357490588.90
05 FEB 2026,JAIBALAJI,EQ,JAI BALAJI INDUSTRIES LTD,Listed    ,05 FEB 2026,               2.00,         912256930,             75.05,    68483127735.10 
05 FEB 2026,JAICORPLTD,EQ,JAI CORP LIMITED         ,Listed    ,05 FEB 2026,               1.00,         175504995,            114.35,    20067241128.30
05 FEB 2026,JAINAM,SM,JAINAM FER ALLOYS (I) LTD,Listed    ,03 FEB 2026,              10.00,          11711200,            220.70,     2584661840.00    
05 FEB 2026,JAINIK,SM,JAINIK POWER CABLES LTD  ,Listed    ,05 FEB 2026,              10.00,          14347700,            131.00,     1879548700.00    
05 FEB 2026,JAINREC,EQ,JAIN RESOURCE RECYCLING L,Listed    ,05 FEB 2026,               2.00,         345085814,            402.80,   139000565879.20   
05 FEB 2026,JAIPURKURT,EQ,NANDANI CREATION LIMITED ,Listed    ,05 FEB 2026,              10.00,          19090714,             37.25,      711510910.80
05 FEB 2026,JAKHARIA,ST,JAKHARIA FABRIC LIMITED  ,Listed    ,16 OCT 2025,              10.00,          12191490,             60.50,      737585145.00  
05 FEB 2026,JALAN,ST,JALAN TRANSOLU. INDIA LTD,Listed    ,03 FEB 2026,              10.00,          14537220,              3.35,       48699687.00     
05 FEB 2026,JAMNAAUTO,EQ,JAMNA AUTO IND LTD       ,Listed    ,05 FEB 2026,               1.00,         398979885,            130.40,    52034956601.70 
05 FEB 2026,JARO,EQ,JARO INS OF TEC MG N RE L,Listed    ,05 FEB 2026,              10.00,          22156289,            483.65,    10715889174.85      
05 FEB 2026,JASH,EQ,JASH ENGINEERING LIMITED ,Listed    ,05 FEB 2026,               2.00,          62905120,            386.80,    24331700416.00      
05 FEB 2026,JAYAGROGN,EQ,JAYANT AGRO ORGANICS LTD ,Listed    ,05 FEB 2026,               5.00,          30000000,            181.00,     5429400000.00 
05 FEB 2026,JAYBARMARU,EQ,JAY BHARAT MARUTI LTD    ,Listed    ,05 FEB 2026,               2.00,         108250000,             89.20,     9656982500.00
05 FEB 2026,JAYBEE,SM,JAY BEE LAMINATIONS LTD  ,Listed    ,05 FEB 2026,              10.00,          22567600,             79.50,     1794124200.00    
05 FEB 2026,JAYESH,SM,JAYESH LOGISTICS LIMITED ,Listed    ,05 FEB 2026,              10.00,           8691449,            156.95,     1364122920.55    
05 FEB 2026,JAYKAY,EQ,JAYKAY ENTERPRISES LTD   ,Listed    ,05 FEB 2026,               1.00,         130287066,            162.75,    21206825732.80    
05 FEB 2026,JAYNECOIND,EQ,JAYASWAL NECO INDUSTR LTD,Listed    ,05 FEB 2026,              10.00,         970998244,             75.40,    73213267597.60
05 FEB 2026,JAYSREETEA,EQ,JAYSHREE TEA & INDUSTRIES,Listed    ,05 FEB 2026,               5.00,          28877488,             86.35,     2493859863.70
05 FEB 2026,JBCHEPHARM,EQ,J B CHEMICALS AND PHARMA ,Listed    ,05 FEB 2026,               1.00,         156650956,           1857.60,   290994815865.60
05 FEB 2026,JBMA,EQ,JBM AUTO LIMITED         ,Listed    ,05 FEB 2026,               1.00,         236494264,            585.15,   138384618579.60      
05 FEB 2026,JETFREIGHT,BE,JET FREIGHT LOGISTICS LTD,Listed    ,05 FEB 2026,               5.00,          46403784,             16.60,      770302814.40
05 FEB 2026,JETKNIT,ST,JET KNITWEARS LTD.       ,Listed    ,08 DEC 2025,              10.00,           4083200,             89.20,      364221440.00   
05 FEB 2026,JEYYAM,SM,JEYYAM GLOBAL FOODS LTD  ,Listed    ,05 FEB 2026,               5.00,          47496756,             42.40,     2013862454.40    
05 FEB 2026,JFLLIFE,SM,JFL LIFE SCIENCES LIMITED,Listed    ,05 FEB 2026,              10.00,          32995323,             10.95,      361298786.85   
05 FEB 2026,JGCHEM,EQ,J.G.CHEMICALS LIMITED    ,Listed    ,05 FEB 2026,              10.00,          39186063,            322.95,    12655139045.85    
05 FEB 2026,JHS,EQ,JHS SVEND. LAB. LTD      ,Listed    ,05 FEB 2026,              10.00,          85603966,             11.00,      940787586.35       
05 FEB 2026,JINDALPHOT,EQ,JINDAL PHOTO LIMITED     ,Listed    ,05 FEB 2026,              10.00,          10258326,           1389.80,    14257021474.80
05 FEB 2026,JINDALPOLY,EQ,JINDAL POLY FILMS LIMITED,Listed    ,05 FEB 2026,              10.00,          43786413,            402.95,    17643735118.35
05 FEB 2026,JINDALSAW,EQ,JINDAL SAW LIMITED       ,Listed    ,05 FEB 2026,               1.00,         639508234,            185.00,   118309023290.00 
05 FEB 2026,JINDALSTEL,EQ,JINDAL STEEL LIMITED     ,Listed    ,05 FEB 2026,               1.00,        1020088097,           1178.00,  1201663778266.00
05 FEB 2026,JINDRILL,EQ,JINDAL DRILLING IND. LTD ,Listed    ,05 FEB 2026,               5.00,          28981104,            487.70,    14134084420.80  
05 FEB 2026,JINDWORLD,EQ,JINDAL WORLDWIDE LTD     ,Listed    ,05 FEB 2026,               1.00,        1002602000,             28.75,    28804755460.00 
05 FEB 2026,JIOFIN,EQ,JIO FIN SERVICES LTD     ,Listed    ,05 FEB 2026,              10.00,        6353141623,            269.95,  1715030581128.85    
05 FEB 2026,JISLDVREQS,EQ,JAIN DVR EQUITY SHARES   ,Listed    ,05 FEB 2026,               2.00,          19294304,             23.55,      454766745.30
05 FEB 2026,JISLJALEQS,EQ,JAIN IRRIGATION SYSTEMS  ,Listed    ,05 FEB 2026,               2.00,         714609991,             36.75,    26276209369.05
05 FEB 2026,JITFINFRA,EQ,JITF INFRALOGISTICS LTD  ,Listed    ,05 FEB 2026,               2.00,          25703706,            259.50,     6670111707.00 
05 FEB 2026,JIWANRAM,SM,JIWANRAM SHEODUTTRA IND L,Listed    ,05 FEB 2026,              10.00,          24748225,              5.30,      131165592.50  
05 FEB 2026,JKCEMENT,EQ,JK CEMENT LIMITED        ,Listed    ,05 FEB 2026,              10.00,          77268251,           5731.00,   442824346481.00  
05 FEB 2026,JKIL,EQ,JKUMAR INFR.LTD.         ,Listed    ,05 FEB 2026,               5.00,          75665506,            545.45,    41271750247.70      
05 FEB 2026,JKIPL,EQ,JINKUSHAL INDUSTRIES LTD ,Listed    ,05 FEB 2026,              10.00,          38386000,             74.75,     2868585780.00     
05 FEB 2026,JKLAKSHMI,EQ,JK LAKSHMI CEMENT LTD    ,Listed    ,05 FEB 2026,               5.00,         124144426,            743.55,    92307587952.30 
05 FEB 2026,JKPAPER,EQ,JK PAPER LIMITED         ,Listed    ,05 FEB 2026,              10.00,         169402344,            326.25,    55267514730.00   
05 FEB 2026,JKTYRE,EQ,JK TYRE & INDUSTRIES LTD ,Listed    ,05 FEB 2026,               2.00,         274020027,            536.05,   146888435473.35    
05 FEB 2026,JLHL,EQ,JUPITER LIFE LINE HOSP L ,Listed    ,05 FEB 2026,              10.00,          65566022,           1218.50,    79892197807.00      
05 FEB 2026,JMA,EQ,JULLUNDUR MOT AGENCY LTD ,Listed    ,05 FEB 2026,               2.00,          22841054,             77.30,     1765841884.75       
05 FEB 2026,JMFINANCIL,EQ,JM FINANCIAL LIMITED     ,Listed    ,05 FEB 2026,               1.00,         956335873,            124.90,   119446350537.70
05 FEB 2026,JNKINDIA,EQ,JNK INDIA LIMITED        ,Listed    ,05 FEB 2026,               2.00,          55953915,            238.75,    13358997206.25  
05 FEB 2026,JOCIL,EQ,JOCIL LIMITED            ,Listed    ,05 FEB 2026,              10.00,           8881150,            131.40,     1167160733.00     
05 FEB 2026,JPASSOCIAT,BE,JAIPRAKASH ASSOCIATES LTD,Listed    ,05 FEB 2026,               2.00,        2454595640,              3.40,     8394717088.80
05 FEB 2026,JPOLYINVST,EQ,JIND POL INV & FIN CO LTD,Listed    ,05 FEB 2026,              10.00,          10511929,           1002.25,    10535580840.25
05 FEB 2026,JPPOWER,EQ,JAIPRAKASH POWER VEN. LTD,Listed    ,05 FEB 2026,              10.00,        6853458827,             15.00,   102664813228.45   
05 FEB 2026,JSFB,EQ,JANA SMALL FIN BANK LTD  ,Listed    ,05 FEB 2026,              10.00,         105257128,            346.10,    36429492000.80      
05 FEB 2026,JSL,EQ,JINDAL STAINLESS LIMITED ,Listed    ,05 FEB 2026,               2.00,         824419588,            777.50,   640986229670.00       
05 FEB 2026,JSLL,EQ,JEENA SIKHO LIFECARE LTD ,Listed    ,05 FEB 2026,               2.00,         124300730,            708.95,    88123002533.50      
05 FEB 2026,JSWCEMENT,EQ,JSW CEMENT LIMITED       ,Listed    ,05 FEB 2026,              10.00,        1363364936,            123.50,   168402836894.70 
05 FEB 2026,JSWENERGY,EQ,JSW ENERGY LIMITED       ,Listed    ,05 FEB 2026,              10.00,        1747768451,            473.95,   828354857351.45 
05 FEB 2026,JSWHL,EQ,JSW HOLDINGS LIMITED     ,Listed    ,05 FEB 2026,              10.00,          11099625,          17494.00,   194176839750.00     
05 FEB 2026,JSWINFRA,EQ,JSW INFRASTRUCTURE LTD   ,Listed    ,05 FEB 2026,               2.00,        2100001567,            263.20,   552720412434.40  
05 FEB 2026,JSWSTEEL,EQ,JSW STEEL LIMITED        ,Listed    ,05 FEB 2026,               1.00,        2445453966,           1239.80,  3031873827046.80  
05 FEB 2026,JTEKTINDIA,EQ,JTEKT INDIA LIMITED      ,Listed    ,05 FEB 2026,               1.00,         277396890,            146.70,    40694123763.00
05 FEB 2026,JTLIND,EQ,JTL INDUSTRIES LIMITED   ,Listed    ,05 FEB 2026,               1.00,         393081630,             66.10,    25974834110.40    
05 FEB 2026,JUBLCPL,EQ,JUBILANT AGRI N CON PRO L,Listed    ,05 FEB 2026,              10.00,          15149294,           2012.80,    30492498963.20   
05 FEB 2026,JUBLFOOD,EQ,JUBILANT FOODWORKS LTD   ,Listed    ,05 FEB 2026,               2.00,         659845200,            545.10,   359681618520.00  
05 FEB 2026,JUBLINGREA,EQ,JUBILANT INGREVIA LIMITED,Listed    ,05 FEB 2026,               1.00,         159281139,            626.05,    99717957070.95
05 FEB 2026,JUBLPHARMA,EQ,JUBILANT PHARMOVA LTD    ,Listed    ,05 FEB 2026,               1.00,         159281139,            973.85,   155115937215.15
05 FEB 2026,JUNIPER,EQ,JUNIPER HOTELS LIMITED   ,Listed    ,05 FEB 2026,              10.00,         222502384,            242.15,    53881177309.45   
05 FEB 2026,JUSTDIAL,EQ,JUSTDIAL LTD.            ,Listed    ,05 FEB 2026,              10.00,          85044657,            674.30,    57345612215.10  
05 FEB 2026,JWL,EQ,JUPITER WAGONS LIMITED   ,Listed    ,05 FEB 2026,              10.00,         424498049,            301.20,   127858812358.80       
05 FEB 2026,JYOTHYLAB,EQ,JYOTHY LABS LIMITED      ,Listed    ,05 FEB 2026,               1.00,         367214511,            243.90,    89559947087.80 
05 FEB 2026,JYOTICNC,EQ,JYOTI CNC AUTOMATION LTD ,Listed    ,05 FEB 2026,               2.00,         227423096,            824.40,   187487600342.40  
05 FEB 2026,JYOTIGLOBL,SM,JYOTI GLOBAL PLAST LTD   ,Listed    ,05 FEB 2026,              10.00,          19820000,             46.00,      911720000.00
05 FEB 2026,JYOTISTRUC,EQ,JYOTI STRUCTURES LTD     ,Listed    ,05 FEB 2026,               2.00,        1193468937,             10.25,    12233056604.25
05 FEB 2026,K2INFRA,SM,K2 INFRAGEN LIMITED      ,Listed    ,05 FEB 2026,              10.00,          12618394,             64.00,      807577216.00   
05 FEB 2026,KABRAEXTRU,EQ,KABRA EXTRUSION TECHNIK L,Listed    ,05 FEB 2026,               5.00,          34972836,            255.15,     8923668833.75
05 FEB 2026,KAJARIACER,EQ,KAJARIA CERAMICS LTD     ,Listed    ,05 FEB 2026,               1.00,         159272290,            918.90,   146355307281.00
05 FEB 2026,KAKATCEM,EQ,KAKATIYA CEM SUGAR &IND L,Listed    ,05 FEB 2026,              10.00,           7773858,            121.35,      943279929.70  
05 FEB 2026,KALAMANDIR,EQ,SAI SILKS (KALAMANDIR) L ,Listed    ,05 FEB 2026,               2.00,         153366112,            116.80,    17910094559.35
05 FEB 2026,KALANA,SM,KALANA ISPAT LIMITED     ,Listed    ,05 FEB 2026,              10.00,          13039185,             18.60,      242528841.00    
05 FEB 2026,KALPATARU,EQ,KALPATARU LIMITED        ,Listed    ,05 FEB 2026,              10.00,         205913993,            337.00,    69393015641.00 
05 FEB 2026,KALYANI,BE,KALYANI COMMERCIALS LTD  ,Listed    ,04 JUL 2025,              10.00,           1000000,            138.10,      138090000.00   
05 FEB 2026,KALYANIFRG,EQ,KALYANI FORGE LIMITED    ,Listed    ,05 FEB 2026,              10.00,           3638000,            617.20,     2245373600.00
05 FEB 2026,KALYANKJIL,EQ,KALYAN JEWELLERS IND LTD ,Listed    ,05 FEB 2026,              10.00,        1032662662,            376.15,   388436060311.30
05 FEB 2026,KAMATHOTEL,EQ,KAMAT HOTELS (I) LTD     ,Listed    ,05 FEB 2026,              10.00,          29480072,            191.05,     5631872954.90
05 FEB 2026,KAMDHENU,EQ,KAMDHENU LIMITED         ,Listed    ,05 FEB 2026,               1.00,         281883000,             22.05,     6209882490.00  
05 FEB 2026,KAMOPAINTS,EQ,KAMDHENU VENTURES LIMITED,Listed    ,05 FEB 2026,               1.00,         314355000,              5.50,     1732096050.00
05 FEB 2026,KANANIIND,EQ,KANANI INDUSTRIES LTD    ,Listed    ,05 FEB 2026,               1.00,         197868000,              1.70,      332418240.00 
05 FEB 2026,KANDARP,SM,KANDARP DG SMART BPO LTD ,Listed    ,05 FEB 2026,              10.00,           8973000,            150.00,     1345950000.00   
05 FEB 2026,KANORICHEM,EQ,KANORIA CHEMICALS & INDUS,Listed    ,05 FEB 2026,               5.00,          43693333,             71.30,     3116208509.55
05 FEB 2026,KANPRPLA,EQ,KANPUR PLASTIPACK LIMITED,Listed    ,05 FEB 2026,              10.00,          23226758,            200.60,     4659287654.80  
05 FEB 2026,KANSAINER,EQ,KANSAI NEROLAC PAINTS LTD,Listed    ,05 FEB 2026,               1.00,         808520964,            218.30,   176508211650.85 
05 FEB 2026,KAPSTON,BE,KAPSTON SERVICES LIMITED ,Listed    ,05 FEB 2026,               5.00,          20288122,            400.05,     8116263206.10   
05 FEB 2026,KARMAENG,EQ,KARMA ENERGY LIMITED     ,Listed    ,05 FEB 2026,              10.00,          11569918,             40.25,      465457801.15  
05 FEB 2026,KARNIKA,ST,KARNIKA INDUSTRIES LTD   ,Listed    ,05 FEB 2026,              10.00,          61997500,            113.10,     7011917250.00   
05 FEB 2026,KARURVYSYA,EQ,KARUR VYSYA BANK LTD     ,Listed    ,05 FEB 2026,               2.00,         966470328,            314.15,   303616653541.20
05 FEB 2026,KATARIA,SM,KATARIA INDUSTRIES LTD   ,Listed    ,05 FEB 2026,              10.00,          21531234,            103.35,     2225253033.90   
05 FEB 2026,KAUSHALYA,EQ,KAUSHALYA INFRA DEV LTD. ,Listed    ,05 FEB 2026,            1000.00,            346306,            814.65,      282118182.90 
05 FEB 2026,KAVDEFENCE,EQ,KAVVERI DFS & WIR TEC LTD,Listed    ,05 FEB 2026,              10.00,          34374260,             63.65,     2188265391.60
05 FEB 2026,KAYA,EQ,KAYA LIMITED             ,Listed    ,05 FEB 2026,              10.00,          15187609,            348.25,     5289084834.25      
05 FEB 2026,KAYNES,EQ,KAYNES TECHNOLOGY IND LTD,Listed    ,05 FEB 2026,              10.00,          67034654,           3616.10,   242404012329.40    
05 FEB 2026,KAYTEX,SM,KAYTEX FABRICS LIMITED   ,Listed    ,05 FEB 2026,              10.00,          14699200,             57.50,      845204000.00    
05 FEB 2026,KCEIL,SM,KAY CEE ENERGY & INFRA L ,Listed    ,05 FEB 2026,              10.00,          12224000,            116.20,     1420428800.00     
05 FEB 2026,KCK,SM,KCK INDUSTRIES LTD       ,Listed    ,05 FEB 2026,               2.00,          63601700,             21.60,     1373796720.00       
05 FEB 2026,KCP,EQ,KCP LTD                  ,Listed    ,05 FEB 2026,               1.00,         128921160,            173.85,    22410365242.80       
05 FEB 2026,KCPSUGIND,EQ,KCP SUGAR IND CORP LTD.  ,Listed    ,05 FEB 2026,               1.00,         113385050,             22.20,     2516014259.50 
05 FEB 2026,KDDL,EQ,KDDL LIMITED             ,Listed    ,05 FEB 2026,              10.00,          12299280,           2506.80,    30831835104.00      
05 FEB 2026,KDL,ST,KORE DIGITAL LIMITED     ,Listed    ,05 FEB 2026,              10.00,          12024000,            147.75,     1776546000.00       
05 FEB 2026,KEC,EQ,KEC INTL. LIMITED        ,Listed    ,05 FEB 2026,               2.00,         266200000,            610.15,   162421930000.00       
05 FEB 2026,KECL,EQ,KIRLOSKAR ELECTRIC CO LTD,Listed    ,05 FEB 2026,              10.00,          66414071,             89.05,     5913508881.85      
05 FEB 2026,KEEPLEARN,EQ,DSJ KEEP LEARNING LTD    ,Listed    ,05 FEB 2026,               1.00,         155712083,              2.10,      325438253.45 
05 FEB 2026,KEI,EQ,KEI INDUSTRIES LTD.      ,Listed    ,05 FEB 2026,               2.00,          95600595,           4443.00,   424753443585.00       
05 FEB 2026,KEL,SM,KUNDAN EDIFICE LIMITED   ,Listed    ,03 FEB 2026,              10.00,          10272000,             98.00,     1006656000.00       
05 FEB 2026,KELLTONTEC,EQ,KELLTON TECH SOL LTD     ,Listed    ,05 FEB 2026,               1.00,         527804670,             15.95,     8413206439.80
05 FEB 2026,KEN,SM,KEN ENTERPRISES LIMITED  ,Listed    ,05 FEB 2026,              10.00,          24565480,             44.50,     1093163860.00       
05 FEB 2026,KERNEX,EQ,KERNEX MICROSYS(I) LTD   ,Listed    ,05 FEB 2026,              10.00,          16759422,           1188.90,    19925276815.80    
05 FEB 2026,KESORAMIND,BE,KESORAM INDUSTRIES LTD   ,Listed    ,05 FEB 2026,              10.00,         310663663,              8.70,     2702773868.10
05 FEB 2026,KEYFINSERV,EQ,KEYNOTE FIN SERV LTD.    ,Listed    ,05 FEB 2026,              10.00,           5566637,            290.10,     1614881393.70
05 FEB 2026,KFINTECH,EQ,KFIN TECHNOLOGIES LIMITED,Listed    ,05 FEB 2026,              10.00,         172401007,            992.40,   171090759346.80  
05 FEB 2026,KHADIM,EQ,KHADIM INDIA LIMITED     ,Listed    ,05 FEB 2026,              10.00,          18378382,            165.25,     3037395193.15    
05 FEB 2026,KHAICHEM,EQ,KHAITAN CHEM & FERT LTD  ,Listed    ,05 FEB 2026,               1.00,          96989200,             65.75,     6378009792.00  
05 FEB 2026,KHAITANLTD,EQ,KHAITAN (INDIA)LTD.      ,Listed    ,05 FEB 2026,              10.00,           4750000,             98.00,      465547500.00
05 FEB 2026,KHANDSE,EQ,KHANDWALA SECURITIES LTD ,Listed    ,05 FEB 2026,              10.00,          15253805,             19.00,      289669756.95   
05 FEB 2026,KHFM,SM,KHFM HOS FAC MANA SER LTD,Listed    ,04 FEB 2026,              10.00,          23110499,             67.10,     1550714482.90      
05 FEB 2026,KICL,EQ,KALYANI INVEST CO LTD    ,Listed    ,05 FEB 2026,              10.00,           4365306,           4790.50,    20911998393.00      
05 FEB 2026,KILITCH,EQ,KILITCH DRUGS INDIA LTD  ,Listed    ,05 FEB 2026,              10.00,          17480782,            369.00,     6450408558.00   
05 FEB 2026,KIMS,EQ,KRISHNA INST OF MED SCI L,Listed    ,05 FEB 2026,               2.00,         400138935,            606.45,   242664257130.75      
05 FEB 2026,KINGFA,EQ,KINGFA SCI & TEC IND LTD.,Listed    ,05 FEB 2026,              10.00,          13551381,           4467.80,    60544860031.80    
05 FEB 2026,KIOCL,EQ,KIOCL LIMITED            ,Listed    ,05 FEB 2026,              10.00,         607751096,            360.45,   219063882553.20     
05 FEB 2026,KIRIINDUS,EQ,KIRI INDUSTRIES LIMITED  ,Listed    ,05 FEB 2026,              10.00,          60022554,            498.95,    29948253318.30 
05 FEB 2026,KIRLOSBROS,EQ,KIRLOSKAR BROTHERS LTD   ,Listed    ,05 FEB 2026,               2.00,          79408926,           1545.20,   122702672455.20
05 FEB 2026,KIRLOSENG,EQ,KIRLOSKAR OIL ENG LTD    ,Listed    ,05 FEB 2026,               2.00,         145331414,           1197.80,   174077967689.20 
05 FEB 2026,KIRLOSIND,EQ,KIRLOSKAR INDUSTRIES LTD ,Listed    ,05 FEB 2026,              10.00,          10503166,           3130.40,    32879110846.40 
05 FEB 2026,KIRLPNU,EQ,KIRLOSKAR PNEUMATIC COM L,Listed    ,05 FEB 2026,               2.00,          64939590,           1150.10,    74687022459.00   
05 FEB 2026,KITEX,EQ,KITEX GARMENTS LTD       ,Listed    ,05 FEB 2026,               1.00,         199500000,            206.95,    41290515000.00     
05 FEB 2026,KKCL,EQ,KEWAL KIRAN CLOTHING LTD ,Listed    ,05 FEB 2026,              10.00,          61625185,            483.60,    29801939466.00      
05 FEB 2026,KKJEWELS,SM,KABRA JEWELS LIMITED     ,Listed    ,05 FEB 2026,              10.00,          10485000,             89.50,      938407500.00  
05 FEB 2026,KKVAPOW,SM,KKV AGRO POWERS LTD.     ,Listed    ,23 JAN 2026,              10.00,            623562,            660.45,      411831522.90   
05 FEB 2026,KLL,SM,KAUSHALYA LOGISTICS LTD  ,Listed    ,05 FEB 2026,              10.00,          18530000,             42.60,      789378000.00       
05 FEB 2026,KMEW,EQ,KNOWLEDGE MARINE & EN W L,Listed    ,05 FEB 2026,               5.00,          24444108,           1735.40,    42420305023.20      
05 FEB 2026,KMSUGAR,EQ,K M SUGAR MILLS LTD      ,Listed    ,05 FEB 2026,               2.00,          92000170,             23.75,     2186844040.90   
05 FEB 2026,KNAGRI,EQ,KN AGRI RESOURCES LIMITED,Listed    ,05 FEB 2026,              10.00,          24998910,            172.80,     4319561658.90    
05 FEB 2026,KNRCON,EQ,KNR CONSTRU LTD.         ,Listed    ,05 FEB 2026,               2.00,         281234600,            148.80,    41844896134.00    
05 FEB 2026,KODYTECH,ST,KODY TECHNOLAB LIMITED   ,Listed    ,05 FEB 2026,              10.00,          12747560,            740.00,     9433194400.00  
05 FEB 2026,KOHINOOR,EQ,KOHINOOR FOODS LIMITED   ,Listed    ,05 FEB 2026,              10.00,          37071530,             25.85,      959040481.10  
05 FEB 2026,KOKUYOCMLN,EQ,KOKUYO CAMLIN LIMITED    ,Listed    ,05 FEB 2026,               1.00,         100303806,             84.50,     8477677683.10
05 FEB 2026,KOLTEPATIL,EQ,KOLTE PATIL DEV. LTD.    ,Listed    ,05 FEB 2026,              10.00,          88680094,            363.25,    32213044145.50
05 FEB 2026,KONSTELEC,SM,KONSTELEC ENGINEERS LTD  ,Listed    ,05 FEB 2026,              10.00,          15100000,             42.90,      647790000.00 
05 FEB 2026,KONTOR,SM,KONTOR SPACE LIMITED     ,Listed    ,02 FEB 2026,              10.00,           6180000,             61.00,      376980000.00    
05 FEB 2026,KOPRAN,EQ,KOPRAN LTD               ,Listed    ,05 FEB 2026,              10.00,          48287601,            140.15,     6767990156.15    
05 FEB 2026,KORE,ST,JAY JALARAM TECHNO LTD   ,Listed    ,05 FEB 2026,              10.00,          12125000,            141.50,     1715687500.00      
05 FEB 2026,KOTAKBANK,EQ,KOTAK MAHINDRA BANK LTD  ,Listed    ,05 FEB 2026,               1.00,        9945492975,            408.75,  4065220253531.25 
05 FEB 2026,KOTARISUG,EQ,KOTHARI SUG & CHEM LTD.  ,Listed    ,05 FEB 2026,              10.00,          82888580,             25.80,     2140183135.60 
05 FEB 2026,KOTHARIPET,EQ,KOTHARI PETROCHEM LTD    ,Listed    ,05 FEB 2026,              10.00,          58846400,            121.25,     7134537536.00
05 FEB 2026,KOTHARIPRO,EQ,KOTHARI PRODUCTS LTD     ,Listed    ,05 FEB 2026,              10.00,          59687730,             68.30,     4077865713.60
05 FEB 2026,KOTYARK,SM,KOTYARK INDUSTRIES LTD   ,Listed    ,05 FEB 2026,              10.00,          10279116,            209.65,     2155016669.40   
05 FEB 2026,KPEL,EQ,K.P. ENERGY LIMITED      ,Listed    ,05 FEB 2026,               5.00,          66907041,            318.05,    21279784390.05      
05 FEB 2026,KPIGREEN,EQ,KPI GREEN ENERGY LIMITED ,Listed    ,05 FEB 2026,               5.00,         197341073,            405.25,    79972469833.25  
05 FEB 2026,KPIL,EQ,KALPATARU PROJECT INT LTD,Listed    ,05 FEB 2026,               2.00,         170772546,           1107.60,   189147671949.60      
05 FEB 2026,KPITTECH,EQ,KPIT TECHNOLOGIES LIMITED,Listed    ,05 FEB 2026,              10.00,         274143808,            959.50,   263040983776.00  
05 FEB 2026,KPRMILL,EQ,KPR MILL LTD.            ,Listed    ,05 FEB 2026,               1.00,         341814000,            987.50,   337541325000.00   
05 FEB 2026,KRBL,EQ,KRBL LIMITED             ,Listed    ,05 FEB 2026,               1.00,         228889892,            355.80,    81439023573.60      
05 FEB 2026,KREBSBIO,EQ,KREBS BIOCHEMICALS & IND ,Listed    ,05 FEB 2026,              10.00,          21560586,             58.75,     1267115639.20  
05 FEB 2026,KRIDHANINF,EQ,KRIDHAN INFRA LIMITED    ,Listed    ,05 FEB 2026,               2.00,          94779205,              4.00,      381012404.10
05 FEB 2026,KRISHANA,EQ,KRISHANA PHOSCHEM LIMITED,Listed    ,05 FEB 2026,              10.00,          60552600,            478.20,    28956253320.00  
05 FEB 2026,KRISHCA,SM,KRISHCA STRAPPING SLTN L ,Listed    ,05 FEB 2026,              10.00,          14440000,            185.55,     2679342000.00   
05 FEB 2026,KRISHIVAL,EQ,KRISHIVAL FOODS LIMITED  ,Listed    ,05 FEB 2026,              10.00,          22295141,            334.20,     7451036122.20 
05 FEB 2026,KRISHNADEF,EQ,KRISHNA DEF AND ALD IND L,Listed    ,05 FEB 2026,              10.00,          14919026,            947.60,    14137269037.60
05 FEB 2026,KRITI,EQ,KRITI INDUSTRIES IND LTD ,Listed    ,05 FEB 2026,               1.00,          52696000,             81.65,     4301574480.00     
05 FEB 2026,KRITIKA,EQ,KRITIKA WIRES LIMITED    ,Listed    ,05 FEB 2026,               2.00,         266280000,              6.75,     1802715600.00   
05 FEB 2026,KRITINUT,EQ,KRITI NUTRIENTS LIMITED  ,Listed    ,05 FEB 2026,               1.00,          50103520,             74.30,     3722691536.00  
05 FEB 2026,KRMAYURVED,ST,KRM AYURVEDA LIMITED     ,Listed    ,05 FEB 2026,              10.00,          21260800,            173.90,     3697253120.00
05 FEB 2026,KRN,EQ,KRN HEAT EXCHANGE N REF L,Listed    ,05 FEB 2026,              10.00,          62156600,            673.25,    41846930950.00       
05 FEB 2026,KRONOX,EQ,KRONOX LAB SCIENCES LTD  ,Listed    ,05 FEB 2026,              10.00,          37104000,            126.15,     4681040640.00    
05 FEB 2026,KROSS,EQ,KROSS LIMITED            ,Listed    ,05 FEB 2026,               5.00,          64509422,            212.45,    13703736515.45     
05 FEB 2026,KRSNAA,EQ,KRSNAA DIAGNOSTICS LTD   ,Listed    ,05 FEB 2026,               5.00,          32438672,            720.70,    23378550910.40    
05 FEB 2026,KRT,RR,KNOWLEDGE REALTY TRUST   ,Listed    ,05 FEB 2026,             100.00,        4434399541,            121.40,   538424792268.20       
05 FEB 2026,KRYSTAL,EQ,KRYSTAL INTEGRATED SER L ,Listed    ,05 FEB 2026,              10.00,          13971952,            607.85,     8492851023.20   
05 FEB 2026,KSB,EQ,KSB LIMITED              ,Listed    ,05 FEB 2026,               2.00,         174039220,            702.90,   122332167738.00       
05 FEB 2026,KSCL,EQ,KAVERI SEED CO. LTD.     ,Listed    ,05 FEB 2026,               2.00,          51439071,            893.45,    45958237984.95      
05 FEB 2026,KSHINTL,EQ,KSH INTERNATIONAL LIMITED,Listed    ,05 FEB 2026,               5.00,          67755700,            366.35,    24822300695.00   
05 FEB 2026,KSHITIJPOL,EQ,KSHITIJ POLYLINE LIMITED ,Listed    ,05 FEB 2026,               2.00,         154244874,              2.15,      330084030.35
05 FEB 2026,KSL,EQ,KALYANI STEELS LIMITED   ,Listed    ,05 FEB 2026,               5.00,          43653060,            780.65,    34077761289.00       
05 FEB 2026,KSOLVES,EQ,KSOLVES INDIA LIMITED    ,Listed    ,05 FEB 2026,               5.00,          23712000,            261.20,     6193574400.00   
05 FEB 2026,KSR,BE,KSR FOOTWEAR LIMITED     ,Listed    ,05 FEB 2026,              10.00,          18378382,             27.00,      496216314.00       
05 FEB 2026,KTKBANK,EQ,KARNATAKA BANK LIMITED   ,Listed    ,05 FEB 2026,              10.00,         378140344,            199.95,    75612943186.25   
05 FEB 2026,KUANTUM,EQ,KUANTUM PAPERS LIMITED   ,Listed    ,05 FEB 2026,               1.00,          87263630,             88.45,     7718468073.50   
05 FEB 2026,LAGNAM,EQ,LAGNAM SPINTEX LIMITED   ,Listed    ,05 FEB 2026,              10.00,          17669000,             73.65,     1301145160.00    
05 FEB 2026,LAKPRE,BZ,LAKSHMI PRE SCRE LTD     ,Listed    ,05 FEB 2026,              10.00,          10941667,              5.15,       56240168.40    
05 FEB 2026,LAKSHYA,SM,LAKSHYA POWERTECH LIMITED,Listed    ,05 FEB 2026,              10.00,          10083920,            119.20,     1202003264.00   
05 FEB 2026,LAL,EQ,LORENZINI APPARELS LTD   ,Listed    ,05 FEB 2026,               1.00,         172739888,              8.45,     1461379452.50       
05 FEB 2026,LALPATHLAB,EQ,DR. LAL PATH LABS LTD.   ,Listed    ,05 FEB 2026,              10.00,         167551020,           1411.00,   236414489220.00
05 FEB 2026,LAMBODHARA,EQ,LAMBODHARA TEXTILES LTD. ,Listed    ,05 FEB 2026,               5.00,          10377600,            117.85,     1222896384.00
05 FEB 2026,LAMOSAIC,SM,LAMOSAIC INDIA LIMITED   ,Listed    ,05 FEB 2026,              10.00,          10338008,             29.80,      308072638.40  
05 FEB 2026,LANCORHOL,BE,LANCOR HOLDINGS LIMITED  ,Listed    ,05 FEB 2026,               2.00,          73550560,             28.85,     2122669161.60 
05 FEB 2026,LANDMARK,EQ,LANDMARK CARS LIMITED    ,Listed    ,05 FEB 2026,               5.00,          41464910,            417.30,    17303306943.00  
05 FEB 2026,LAOPALA,EQ,LA OPALA RG LIMITED      ,Listed    ,05 FEB 2026,               2.00,         111000000,            203.05,    22536330000.00   
05 FEB 2026,LASA,EQ,LASA SUPERGENERICS LTD   ,Listed    ,05 FEB 2026,              10.00,          50101239,              8.95,      448907101.45      
05 FEB 2026,LATENTVIEW,EQ,LATENT VIEW ANALYTICS LTD,Listed    ,05 FEB 2026,               1.00,         206924980,            428.10,    88584583938.00
05 FEB 2026,LATTEYS,EQ,LATTEYS INDUSTRIES LTD   ,Listed    ,05 FEB 2026,               2.00,          57495825,             21.10,     1213736865.75   
05 FEB 2026,LAURUSLABS,EQ,LAURUS LABS LIMITED      ,Listed    ,05 FEB 2026,               2.00,         539856582,            963.95,   520394752218.90
05 FEB 2026,LAXMICOT,EQ,LAXMI COTSPIN LIMITED    ,Listed    ,05 FEB 2026,              10.00,          17147670,             14.20,      243496914.00  
05 FEB 2026,LAXMIDENTL,EQ,LAXMI DENTAL LIMITED     ,Listed    ,05 FEB 2026,               2.00,          54962149,            207.55,    11408493267.95
05 FEB 2026,LAXMIINDIA,EQ,LAXMI INDIA FINANCE LTD  ,Listed    ,05 FEB 2026,               5.00,          52267875,             95.65,     4999944922.50
05 FEB 2026,LCCINFOTEC,BE,LCC INFOTECH LTD         ,Listed    ,05 FEB 2026,               2.00,         126593350,              5.05,      636764550.50
05 FEB 2026,LEMERITE,EQ,LE MERITE EXPORTS LIMITED,Listed    ,05 FEB 2026,              10.00,          25033600,            463.25,    11596815200.00  
05 FEB 2026,LEMONTREE,EQ,LEMON TREE HOTELS LTD    ,Listed    ,05 FEB 2026,              10.00,         792246464,            129.35,   102492925047.70 
05 FEB 2026,LENSKART,EQ,LENSKART SOLUTIONS LTD   ,Listed    ,05 FEB 2026,               2.00,        1734870187,            447.00,   775486973589.00  
05 FEB 2026,LEXUS,EQ,LEXUS GRANITO (INDIA) LTD,Listed    ,05 FEB 2026,              10.00,          20490724,             24.00,      491982283.25     
05 FEB 2026,LFIC,EQ,LAKSHMI FIN IND CORP LTD ,Listed    ,05 FEB 2026,              10.00,           3000000,            152.10,      456360000.00      
05 FEB 2026,LGBBROSLTD,EQ,LG BALAKRISHNAN & BROS   ,Listed    ,05 FEB 2026,              10.00,          31892416,           1874.40,    59779144550.40
05 FEB 2026,LGEINDIA,EQ,LG ELECTRONICS INDIA LTD ,Listed    ,05 FEB 2026,              10.00,         678772392,           1517.50,  1030037104860.00  
05 FEB 2026,LGHL,EQ,LAXMI GOLDORNA HOUSE LTD ,Listed    ,05 FEB 2026,              10.00,          50092560,            302.55,    15155504028.00      
05 FEB 2026,LIBAS,EQ,LIBAS CONSU PRODUCTS LTD ,Listed    ,05 FEB 2026,              10.00,          26344580,             11.00,      289526934.20     
05 FEB 2026,LIBERTSHOE,EQ,LIBERTY SHOES LTD        ,Listed    ,05 FEB 2026,              10.00,          17040000,            266.95,     4548657600.00
05 FEB 2026,LICHSGFIN,EQ,LIC HOUSING FINANCE LTD  ,Listed    ,05 FEB 2026,               2.00,         550063000,            515.50,   283557476500.00 
05 FEB 2026,LICI,EQ,LIFE INSURA CORP OF INDIA,Listed    ,05 FEB 2026,              10.00,        6324997701,            839.75,  5311416819414.75      
05 FEB 2026,LIKHITHA,EQ,LIKHITHA INFRASTRUC LTD  ,Listed    ,05 FEB 2026,               5.00,          39450000,            167.35,     6601957500.00  
05 FEB 2026,LINC,EQ,LINC LIMITED             ,Listed    ,05 FEB 2026,               5.00,          59489164,            117.45,     6986407420.15      
05 FEB 2026,LINCOLN,EQ,LINCOLN PHARMA LTD       ,Listed    ,05 FEB 2026,              10.00,          20029728,            461.10,     9235707580.80   
05 FEB 2026,LINDEINDIA,EQ,LINDE INDIA LIMITED      ,Listed    ,05 FEB 2026,              10.00,          85284223,           5968.50,   509018884975.50
05 FEB 2026,LLOYDS,SM,LLOYDS LUXURIES LIMITED  ,Listed    ,04 FEB 2026,              10.00,          23877847,             59.00,     1408792973.00    
05 FEB 2026,LLOYDSENGG,EQ,LLOYDS ENGG WORK LIMITED ,Listed    ,05 FEB 2026,               1.00,        1165309745,             52.70,    61388517366.60
05 FEB 2026,LLOYDSENT,EQ,LLOYDS ENTERPRISES LTD   ,Listed    ,05 FEB 2026,               1.00,        1272126621,             61.95,    78795522904.75 
05 FEB 2026,LLOYDSME,EQ,LLOYDS METALS N ENERGY L ,Listed    ,05 FEB 2026,               1.00,         528502270,           1266.10,   669136724047.00  
05 FEB 2026,LMW,EQ,LMW LIMITED              ,Listed    ,05 FEB 2026,              10.00,          10683000,          15686.00,   167573538000.00       
05 FEB 2026,LODHA,EQ,LODHA DEVELOPERS LIMITED ,Listed    ,05 FEB 2026,              10.00,         998704513,           1048.55,  1047191617106.15     
05 FEB 2026,LOKESHMACH,EQ,LOKESH MACHINES LTD      ,Listed    ,05 FEB 2026,              10.00,          19996770,            173.40,     3467239950.30
05 FEB 2026,LORDSCHLO,EQ,LORDS CHLORO ALKALI LTD  ,Listed    ,05 FEB 2026,              10.00,          25153861,            155.80,     3919223082.40 
05 FEB 2026,LOTUSDEV,EQ,SRI LOTUS DEVLPRS N RTY L,Listed    ,05 FEB 2026,               1.00,         488723710,            146.55,    71632234174.70  
05 FEB 2026,LOTUSEYE,EQ,LOTUS EYE HOSP & INST L  ,Listed    ,05 FEB 2026,              10.00,          20796330,            120.65,     2509285177.80  
05 FEB 2026,LOVABLE,EQ,LOVABLE LINGERIE LTD     ,Listed    ,05 FEB 2026,              10.00,          14800000,             76.35,     1129832000.00   
05 FEB 2026,LOYALTEX,EQ,LOYAL TEXTILE MILLS LTD  ,Listed    ,05 FEB 2026,              10.00,           4816446,            268.10,     1291337337.05  
05 FEB 2026,LPDC,EQ,LANDMARK PR.DEV.CO.LTD   ,Listed    ,05 FEB 2026,               1.00,         134143160,              6.55,      875954834.80      
05 FEB 2026,LRRPL,SM,LEAD REC AND RUB PROD LTD,Listed    ,05 FEB 2026,              10.00,           8640675,             63.15,      545658626.25     
05 FEB 2026,LT,EQ,LARSEN & TOUBRO LTD.     ,Listed    ,05 FEB 2026,               2.00,        1375580872,           4063.30,  5589397757197.60        
05 FEB 2026,LTF,EQ,L&T FINANCE LIMITED      ,Listed    ,05 FEB 2026,              10.00,        2502627626,            283.40,   709244669208.40       
05 FEB 2026,LTFOODS,EQ,LT FOODS LIMITED         ,Listed    ,05 FEB 2026,               1.00,         347252944,            396.50,   137685792296.00   
05 FEB 2026,LTIM,EQ,LTIMINDTREE LIMITED      ,Listed    ,05 FEB 2026,               1.00,         296489245,           5683.50,  1685096623957.50      
05 FEB 2026,LTTS,EQ,L&T TECHNOLOGY SER. LTD. ,Listed    ,05 FEB 2026,               2.00,         105989318,           3809.00,   403713312262.00      
05 FEB 2026,LUMAXIND,EQ,LUMAX INDUSTRIES LTD     ,Listed    ,05 FEB 2026,              10.00,           9347732,           5088.20,    47563129962.40  
05 FEB 2026,LUMAXTECH,EQ,LUMAX AUTO TECH LTD      ,Listed    ,05 FEB 2026,               2.00,          68157705,           1521.00,   103667869305.00 
05 FEB 2026,LUPIN,EQ,LUPIN LIMITED            ,Listed    ,05 FEB 2026,               2.00,         456798806,           2218.50,  1013408151111.00     
05 FEB 2026,LUXIND,EQ,LUX INDUSTRIES LIMITED   ,Listed    ,05 FEB 2026,               2.00,          30071681,            998.80,    30035594982.80    
05 FEB 2026,LXCHEM,EQ,LAXMI ORGANIC INDUS LTD  ,Listed    ,05 FEB 2026,               2.00,         277147873,            145.85,    40419245798.30    
05 FEB 2026,LYKALABS,EQ,LYKA LABS LTD            ,Listed    ,05 FEB 2026,              10.00,          35690000,             71.45,     2550764300.00  
05 FEB 2026,LYPSAGEMS,EQ,LYPSA GEMS & JEWEL LTD   ,Listed    ,05 FEB 2026,              10.00,          29484000,              5.35,      157739400.00 
05 FEB 2026,M&M,EQ,MAHINDRA & MAHINDRA LTD  ,Listed    ,05 FEB 2026,               5.00,        1243528831,           3572.00,  4441884984332.00       
05 FEB 2026,M&MFIN,EQ,M&M FIN. SERVICES LTD    ,Listed    ,05 FEB 2026,               2.00,        1389971160,            375.30,   521656176348.00    
05 FEB 2026,MAANALU,BE,MAAN ALUMINIUM LIMITED   ,Listed    ,05 FEB 2026,               5.00,          54084864,            150.30,     8129495907.85   
05 FEB 2026,MACOBSTECH,SM,MACOBS TECHNOLOGIES LTD  ,Listed    ,05 FEB 2026,              10.00,           9795200,            218.90,     2144169280.00
05 FEB 2026,MACPOWER,EQ,MACPOWER CNC MACHINES LTD,Listed    ,05 FEB 2026,              10.00,          10004160,            832.85,     8331964656.00  
05 FEB 2026,MADHAV,EQ,MADHAV MARBLE & GRANITE  ,Listed    ,05 FEB 2026,              10.00,           8947000,             36.40,      325760270.00    
05 FEB 2026,MADHAVBAUG,SM,VAIDYA SANE AYUR LAB LTD ,Listed    ,04 FEB 2026,              10.00,          10513450,            239.00,     2512714550.00
05 FEB 2026,MADHUCON,EQ,MADHUCON PROJECTS LTD.   ,Listed    ,05 FEB 2026,               1.00,          73794940,              5.15,      379305991.60  
05 FEB 2026,MADHUSUDAN,SM,MADHUSUDAN MASALA LIMITED,Listed    ,05 FEB 2026,              10.00,          14470000,            138.15,     1999030500.00
05 FEB 2026,MADRASFERT,EQ,MADRAS FERTILISERS LTD   ,Listed    ,05 FEB 2026,              10.00,         161101300,             72.90,    11741062744.00
05 FEB 2026,MAGADSUGAR,EQ,MAGADH SUGAR & ENERGY LTD,Listed    ,05 FEB 2026,              10.00,          14091630,            445.00,     6270775350.00
05 FEB 2026,MAGNUM,EQ,MAGNUM VENTURES LTD.     ,Listed    ,05 FEB 2026,              10.00,          68411317,             21.30,     1458529278.45    
05 FEB 2026,MAGSON,SM,MAGSON RETAIL AND DIST L ,Listed    ,05 FEB 2026,              10.00,          10235208,            138.00,     1412458704.00    
05 FEB 2026,MAHABANK,EQ,BANK OF MAHARASHTRA      ,Listed    ,05 FEB 2026,              10.00,        7691554950,             64.95,   499566494002.50  
05 FEB 2026,MAHAPEXLTD,EQ,MAHA RASHTRA APEX COPR. L,Listed    ,05 FEB 2026,              10.00,          14150100,             94.30,     1334071428.00
05 FEB 2026,MAHASTEEL,BE,MAHAMAYA STEEL INDS LTD  ,Listed    ,05 FEB 2026,              10.00,          16434400,            716.00,    11767030400.00 
05 FEB 2026,MAHEPC,EQ,MAHINDRA EPC IRRIG LTD   ,Listed    ,05 FEB 2026,              10.00,          27942469,            119.55,     3340801593.65    
05 FEB 2026,MAHESHWARI,EQ,MAHESHWARI LOGISTICS LTD.,Listed    ,05 FEB 2026,              10.00,          29597200,             52.80,     1562732160.00
05 FEB 2026,MAHICKRA,SM,MAHICKRA CHEMICAL LIMITED,Listed    ,05 FEB 2026,              10.00,           8122160,            168.50,     1368583960.00  
05 FEB 2026,MAHLIFE,EQ,MAHINDRA LIFESPACE DEVLTD,Listed    ,05 FEB 2026,              10.00,         213314253,            374.90,    79971513449.70   
05 FEB 2026,MAHLOG,EQ,MAHINDRA LOGISTIC LIMITED,Listed    ,05 FEB 2026,              10.00,          99180771,            363.35,    36037333142.85    
05 FEB 2026,MAHSCOOTER,EQ,MAHARASHTRA SCOOTERS LTD ,Listed    ,05 FEB 2026,              10.00,          11428568,          13418.00,   153348525424.00
05 FEB 2026,MAHSEAMLES,EQ,MAHARASHTRA SEAMLESS LTD ,Listed    ,05 FEB 2026,               5.00,         133999252,            527.40,    70671205504.80
05 FEB 2026,MAITHANALL,EQ,MAITHAN ALLOYS LTD       ,Listed    ,05 FEB 2026,              10.00,          29111550,           1025.40,    29850983370.00
05 FEB 2026,MAITREYA,SM,MAITREYA MEDICARE LIMITED,Listed    ,04 FEB 2026,              10.00,           6776000,            204.00,     1382304000.00  
05 FEB 2026,MAKS,SM,MAKS ENERGY SOL INDIA LTD,Listed    ,02 FEB 2026,              10.00,           6934790,             28.05,      194520859.50      
05 FEB 2026,MAL,SM,MANGALAM ALLOYS LIMITED  ,Listed    ,05 FEB 2026,              10.00,          24685927,             50.10,     1236764942.70       
05 FEB 2026,MALLCOM,EQ,MALLCOM (INDIA) LIMITED  ,Listed    ,05 FEB 2026,              10.00,           6240000,           1172.90,     7318896000.00   
05 FEB 2026,MALUPAPER,EQ,MALU PAPER MILLS LIMITED ,Listed    ,05 FEB 2026,              10.00,          17059250,             33.50,      571826060.00 
05 FEB 2026,MAMATA,EQ,MAMATA MACHINERY LIMITED ,Listed    ,05 FEB 2026,              10.00,          24607800,            420.30,    10342658340.00    
05 FEB 2026,MANAKALUCO,BE,MANAK ALUMINIUM CO. LTD. ,Listed    ,05 FEB 2026,               1.00,          65534050,             33.35,     2185560567.50
05 FEB 2026,MANAKCOAT,EQ,MAN COAT METAL & IND LTD ,Listed    ,05 FEB 2026,               1.00,         105834050,            123.90,    13111780454.50 
05 FEB 2026,MANAKSIA,EQ,MANAKSIA LTD.            ,Listed    ,05 FEB 2026,               2.00,          65534050,             65.20,     4272820060.00  
05 FEB 2026,MANAKSTEEL,EQ,MANAKSIA STEELS LTD      ,Listed    ,05 FEB 2026,               1.00,          65534050,             60.95,     3994300347.50
05 FEB 2026,MANALIPETC,EQ,MANALI PETROCHEMICALS LT ,Listed    ,05 FEB 2026,               5.00,         171999229,             59.05,    10158274464.75
05 FEB 2026,MANAPPURAM,EQ,MANAPPURAM FINANCE LTD   ,Listed    ,05 FEB 2026,               2.00,         846434729,            294.75,   249486636372.75
05 FEB 2026,MANAV,SM,MANAV INFRA PROJECTS LTD ,Listed    ,28 JAN 2026,              10.00,          13160000,             28.85,      379666000.00     
05 FEB 2026,MANBA,EQ,MANBA FINANCE LIMITED    ,Listed    ,05 FEB 2026,              10.00,          50239410,            125.90,     6325644113.10     
05 FEB 2026,MANCREDIT,EQ,MANGAL CREDIT N FINCORP L,Listed    ,05 FEB 2026,              10.00,          21113986,            158.60,     3348255899.90 
05 FEB 2026,MANDEEP,SM,MANDEEP AUTO INDUSTRIES L,Listed    ,03 FEB 2026,              10.00,          10337894,             19.50,      201588933.00   
05 FEB 2026,MANGALAM,BE,MANGALAM DRUG & CHEM LTD ,Listed    ,05 FEB 2026,              10.00,          15828248,             34.20,      541484364.10  
05 FEB 2026,MANGLMCEM,EQ,MANGALAM CEMENT LTD      ,Listed    ,05 FEB 2026,              10.00,          27497298,            779.80,    21442392980.40 
05 FEB 2026,MANINDS,EQ,MAN INDUSTRIES (I) LTD.  ,Listed    ,05 FEB 2026,               5.00,          75009571,            348.50,    26140835493.50   
05 FEB 2026,MANINFRA,EQ,MAN INFRA LTD            ,Listed    ,05 FEB 2026,               2.00,         403666505,            116.65,    47087697808.25  
05 FEB 2026,MANKIND,EQ,MANKIND PHARMA LIMITED   ,Listed    ,05 FEB 2026,               1.00,         412805072,           2080.40,   858799671788.80   
05 FEB 2026,MANOMAY,BE,MANOMAY TEX INDIA LTD    ,Listed    ,05 FEB 2026,              10.00,          18048735,            224.00,     4042736152.65   
05 FEB 2026,MANORAMA,EQ,MANORAMA INDUSTRIES LTD  ,Listed    ,05 FEB 2026,               2.00,          59708530,           1428.70,    85305576811.00  
05 FEB 2026,MANORG,EQ,MANGALAM ORGANICS LIMITED,Listed    ,05 FEB 2026,              10.00,           8564440,            421.65,     3611196126.00    
05 FEB 2026,MANUGRAPH,EQ,MANUGRAPH INDIA LIMITED  ,Listed    ,05 FEB 2026,               2.00,          30415061,             15.50,      471433445.50 
05 FEB 2026,MANYAVAR,EQ,VEDANT FASHIONS LIMITED  ,Listed    ,05 FEB 2026,               1.00,         242973103,            470.15,   114233804375.45  
05 FEB 2026,MAPMYINDIA,EQ,C.E. INFO SYSTEMS LIMITED,Listed    ,05 FEB 2026,               2.00,          54721665,           1264.20,    69179128893.00
05 FEB 2026,MARALOVER,EQ,MARAL OVERSEAS LTD       ,Listed    ,05 FEB 2026,              10.00,          41508000,             42.90,     1781108280.00 
05 FEB 2026,MARATHON,EQ,MARATHON NXTGEN REALT LTD,Listed    ,05 FEB 2026,               5.00,          67420546,            505.00,    34047375730.00  
05 FEB 2026,MARC,SM,MARC TECHNOCRATS LIMITED ,Listed    ,05 FEB 2026,              10.00,          17313383,             53.30,      922803313.90      
05 FEB 2026,MARCO,SM,MARCO CABLE & CONDUCTOR L,Listed    ,05 FEB 2026,              10.00,          18699000,             29.95,      560035050.00     
05 FEB 2026,MARICO,EQ,MARICO LIMITED           ,Listed    ,05 FEB 2026,               1.00,        1298087659,            748.30,   971358995229.70    
05 FEB 2026,MARINE,EQ,MARINE ELECTRICAL (I) LTD,Listed    ,05 FEB 2026,               2.00,         137944410,            190.90,    26334967313.10    
05 FEB 2026,MARINETRAN,ST,MARINETRANS INDIA LIMITED,Listed    ,05 FEB 2026,              10.00,          12726000,             18.95,      241157700.00
05 FEB 2026,MARKOLINES,EQ,MARKOLINES PAVEMENT TEC L,Listed    ,05 FEB 2026,              10.00,          22040920,            163.15,     3595755688.80
05 FEB 2026,MARKSANS,EQ,MARKSANS PHARMA LIMITED  ,Listed    ,05 FEB 2026,               1.00,         453288438,            179.55,    81387939042.90  
05 FEB 2026,MARUTI,EQ,MARUTI SUZUKI INDIA LTD. ,Listed    ,05 FEB 2026,               5.00,         314402574,          15059.00,  4734588361866.00    
05 FEB 2026,MASFIN,EQ,MAS FINANCIAL SERV LTD   ,Listed    ,05 FEB 2026,              10.00,         181453377,            313.55,    56894706358.35    
05 FEB 2026,MASKINVEST,EQ,MASK INVESTMENTS LIMITED ,Listed    ,05 FEB 2026,              10.00,           3051500,            138.95,      424036440.00
05 FEB 2026,MASON,SM,MASON INFRATECH LIMITED  ,Listed    ,05 FEB 2026,              10.00,          23940000,            176.65,     4229001000.00     
05 FEB 2026,MASTEK,EQ,MASTEK LTD               ,Listed    ,05 FEB 2026,               5.00,          30986639,           2071.90,    64201217344.10    
05 FEB 2026,MASTER,SM,MASTER COMPONENTS LIMITED,Listed    ,04 FEB 2026,              10.00,           4000000,            320.35,     1281400000.00    
05 FEB 2026,MASTERTR,EQ,MASTER TRUST LIMITED     ,Listed    ,05 FEB 2026,               1.00,         123016000,             88.85,    10932431920.00  
05 FEB 2026,MATRIMONY,EQ,MATRIMONY.COM LIMITED    ,Listed    ,05 FEB 2026,               5.00,          21563422,            527.50,    11374705105.00 
05 FEB 2026,MAWANASUG,EQ,MAWANA SUGARS LIMITED    ,Listed    ,05 FEB 2026,              10.00,          39116864,             79.40,     3105879001.60 
05 FEB 2026,MAXESTATES,EQ,MAX ESTATES LIMITED      ,Listed    ,05 FEB 2026,              10.00,         162187996,            385.20,    62474816059.20
05 FEB 2026,MAXHEALTH,EQ,MAX HEALTHCARE INS LTD   ,Listed    ,05 FEB 2026,              10.00,         972769354,           1040.80,  1012458343643.20 
05 FEB 2026,MAXIND,EQ,MAX INDIA LIMITED        ,Listed    ,05 FEB 2026,              10.00,          52430362,            167.95,     8805679297.90    
05 FEB 2026,MAXPOSURE,SM,MAXPOSURE LIMITED        ,Listed    ,05 FEB 2026,              10.00,          22740950,             40.40,      918734380.00 
05 FEB 2026,MAXVOLT,ST,MAXVOLT ENERGY INDUS L   ,Listed    ,05 FEB 2026,              10.00,          10903928,            329.30,     3590663490.40   
05 FEB 2026,MAYASHEEL,SM,MAYASHEEL VENTURES LTD   ,Listed    ,05 FEB 2026,              10.00,          22050000,             49.15,     1083757500.00 
05 FEB 2026,MAYURUNIQ,EQ,MAYUR UNIQUOTERS LTD     ,Listed    ,05 FEB 2026,               5.00,          43452600,            593.25,    25778254950.00 
05 FEB 2026,MAZDA,EQ,MAZDA LIMITED            ,Listed    ,05 FEB 2026,               2.00,          20025000,            214.30,     4291557750.00     
05 FEB 2026,MAZDOCK,EQ,MAZAGON DOCK SHIPBUIL LTD,Listed    ,05 FEB 2026,               5.00,         403380000,           2398.40,   967466592000.00   
05 FEB 2026,MBAPL,EQ,MADHYA BHARAT AGRO P. LTD,Listed    ,05 FEB 2026,              10.00,          87626940,            433.95,    38025710613.00     
05 FEB 2026,MBEL,EQ,M AND B ENGINEERING LTD  ,Listed    ,05 FEB 2026,              10.00,          57148215,            371.90,    21253421158.50      
05 FEB 2026,MBLINFRA,EQ,MBL INFRASTRUCTURE LTD   ,Listed    ,05 FEB 2026,              10.00,         152529256,             27.00,     4116764619.45  
05 FEB 2026,MCL,BE,MADHAV COPPER LIMITED    ,Listed    ,05 FEB 2026,               5.00,          27142800,             77.70,     2109266988.00       
05 FEB 2026,MCLEODRUSS,EQ,MCLEOD RUSSEL INDIA LTD. ,Listed    ,05 FEB 2026,               5.00,         104455735,             43.10,     4503086735.85
05 FEB 2026,MCLOUD,EQ,MAGELLANIC CLOUD LIMITED ,Listed    ,05 FEB 2026,               2.00,         584395120,             25.20,    14726757024.00    
05 FEB 2026,MCON,ST,MCON RASAYAN INDIA LTD   ,Listed    ,05 FEB 2026,              10.00,           7329090,             54.10,      396503769.00      
05 FEB 2026,MCX,EQ,MULTI COMMODITY EXCHANGE ,Permitted ,05 FEB 2026,               2.00,         254991845,           2410.40,   614632343188.00       
05 FEB 2026,MDL,SM,MARVEL DECOR LIMITED     ,Listed    ,03 FEB 2026,              10.00,          17740140,             54.80,      972159672.00       
05 FEB 2026,MEDANTA,EQ,GLOBAL HEALTH LIMITED    ,Listed    ,05 FEB 2026,               2.00,         268790382,           1107.70,   297739106141.40   
05 FEB 2026,MEDIASSIST,EQ,MEDI ASSIST HEALTH SER L ,Listed    ,05 FEB 2026,               5.00,          74457742,            408.40,    30408541832.80
05 FEB 2026,MEDICAMEQ,EQ,MEDICAMEN BIOTECH LIMITED,Listed    ,05 FEB 2026,              10.00,          13562815,            352.70,     4783604850.50 
05 FEB 2026,MEDICO,EQ,MEDICO REMEDIES LIMITED  ,Listed    ,05 FEB 2026,               2.00,          82984000,             48.30,     4008127200.00    
05 FEB 2026,MEDIORG,SM,MEDICAMEN ORGANICS LTD   ,Listed    ,04 FEB 2026,              10.00,          11700000,             25.10,      293670000.00   
05 FEB 2026,MEDISTEP,SM,MEDISTEP HEALTHCARE LTD  ,Listed    ,04 FEB 2026,              10.00,          14209546,             22.80,      323977648.80  
05 FEB 2026,MEDPLUS,EQ,MEDPLUS HEALTH SERV LTD  ,Listed    ,05 FEB 2026,               2.00,         119822581,            863.15,   103424860790.15   
05 FEB 2026,MEESHO,EQ,MEESHO LIMITED           ,Listed    ,05 FEB 2026,               1.00,        4513131000,            151.40,   683197770780.00    
05 FEB 2026,MEGAFLEX,ST,MEGA FLEX PLASTICS LTD   ,Listed    ,03 FEB 2026,              10.00,          12131025,            114.00,     1382936850.00  
05 FEB 2026,MEGASOFT,BE,MEGASOFT LTD             ,Listed    ,05 FEB 2026,              10.00,          73770041,            187.45,    13828931885.85  
05 FEB 2026,MEGASTAR,BE,MEGASTAR FOODS LIMITED   ,Listed    ,05 FEB 2026,              10.00,          11293700,            234.00,     2642725800.00  
05 FEB 2026,MEGATHERM,SM,MEGATHERM INDUCTION LTD  ,Listed    ,05 FEB 2026,              10.00,          18840729,            215.65,     4063003208.85 
05 FEB 2026,MEIL,EQ,MANGAL ELECTRICAL IND L  ,Listed    ,05 FEB 2026,              10.00,          27630124,            266.30,     7357902021.20      
05 FEB 2026,MENONBE,EQ,MENON BEARINGS LIMITED   ,Listed    ,05 FEB 2026,               1.00,          56040000,            117.15,     6565646400.00   
05 FEB 2026,MEP,BZ,MEP INFRA. DEVELOPERS LTD,Listed    ,05 FEB 2026,              10.00,         183446051,              1.30,      240314326.80       
05 FEB 2026,METROBRAND,EQ,METRO BRANDS LIMITED     ,Listed    ,05 FEB 2026,               5.00,         272433991,           1035.40,   282078154281.40
05 FEB 2026,METROPOLIS,EQ,METROPOLIS HEALTHCARE LTD,Listed    ,05 FEB 2026,               2.00,          51821982,           1972.50,   102218859495.00
05 FEB 2026,MFML,EQ,MAHALAXMI FABRIC MILLS LT,Listed    ,05 FEB 2026,              10.00,          10620275,             24.55,      260515345.75      
05 FEB 2026,MFSL,EQ,MAX FINANCIAL SERV LTD   ,Listed    ,05 FEB 2026,               2.00,         345114771,           1701.50,   587212782856.50      
05 FEB 2026,MGEL,EQ,MANGALAM GLOBAL ENT LTD  ,Listed    ,05 FEB 2026,               1.00,         329555600,             11.80,     3888756080.00      
05 FEB 2026,MGL,EQ,MAHANAGAR GAS LTD.       ,Listed    ,05 FEB 2026,              10.00,          98777778,           1071.50,   105840389127.00       
05 FEB 2026,MGSL,SM,MATRIX GEO SOLUTIONS LTD ,Listed    ,04 FEB 2026,              10.00,          14581832,             83.00,     1210292056.00      
05 FEB 2026,MHHL,SM,MOHINI HEALTH&HYGIENE LTD,Listed    ,05 FEB 2026,              10.00,          18235900,             42.00,      765907800.00      
05 FEB 2026,MHLXMIRU,EQ,MAHALAXMI RUBTECH LIMITED,Listed    ,05 FEB 2026,              10.00,          10620275,            197.00,     2092194175.00  
05 FEB 2026,MHRIL,EQ,MAHINDRA HOLIDAYS LTD    ,Listed    ,05 FEB 2026,              10.00,         202039321,            293.40,    59278336781.40     
05 FEB 2026,MICEL,EQ,MIC ELECTRONICS LTD      ,Listed    ,05 FEB 2026,               2.00,         241011560,             40.85,     9840501994.80     
05 FEB 2026,MICROPRO,SM,MICROPRO SOFTWARE SOL L  ,Listed    ,03 FEB 2026,              10.00,          14299400,             19.30,      275978420.00  
05 FEB 2026,MIDHANI,EQ,MISHRA DHATU NIGAM LTD   ,Listed    ,05 FEB 2026,              10.00,         187340000,            361.90,    67798346000.00   
05 FEB 2026,MIDWESTLTD,EQ,MIDWEST LIMITED          ,Listed    ,05 FEB 2026,               5.00,          36160816,           1529.40,    55304351990.40
05 FEB 2026,MIEL,SM,MANGLAM INFRA & ENG LTD  ,Listed    ,05 FEB 2026,              10.00,          17596700,             16.50,      290345550.00      
05 FEB 2026,MILTON,ST,MILTON INDUSTRIES LIMITED,Listed    ,05 FEB 2026,              10.00,          16995000,             51.00,      866745000.00    
05 FEB 2026,MINDACORP,EQ,MINDA CORPORATION LTD    ,Listed    ,05 FEB 2026,               2.00,         239079428,            595.30,   142323983488.40 
05 FEB 2026,MINDPOOL,SM,MINDPOOL TECHNOLOGIES LTD,Listed    ,11 SEP 2025,              10.00,           4237500,             71.10,      301286250.00  
05 FEB 2026,MINDSPACE,RR,MINDSPACE BUSINESS P REIT,Listed    ,05 FEB 2026,             275.00,         648342976,            490.10,   317765859397.10 
05 FEB 2026,MINDTECK,EQ,MINDTECK (INDIA) LIMITED ,Listed    ,05 FEB 2026,              10.00,          31954221,            219.60,     7016827389.40  
05 FEB 2026,MIRCELECTR,EQ,MIRC ELECTRONICS LTD     ,Listed    ,05 FEB 2026,               1.00,         280442464,             34.20,     9591132268.80
05 FEB 2026,MIRZAINT,EQ,MIRZA INTERNATIONAL LIMIT,Listed    ,05 FEB 2026,               2.00,         138201900,             38.30,     5291750751.00  
05 FEB 2026,MITCON,EQ,MITCON CON & ENG SER LTD ,Listed    ,05 FEB 2026,              10.00,          17418418,             58.60,     1020370926.45    
05 FEB 2026,MITTAL,EQ,MITTAL LIFE STYLE LIMITED,Listed    ,05 FEB 2026,               1.00,         224016720,              1.00,      228497054.40    
05 FEB 2026,MKPL,EQ,M K PROTEINS LIMITED     ,Listed    ,05 FEB 2026,               1.00,         375372000,              5.40,     2027008800.00      
05 FEB 2026,MMEL,SM,MOVING MEDIA ENTER LTD   ,Listed    ,05 FEB 2026,              10.00,          18806336,             42.95,      807732131.20      
05 FEB 2026,MMFL,EQ,MM FORGINGS LTD          ,Listed    ,05 FEB 2026,              10.00,          48281600,            447.20,    21591531520.00      
05 FEB 2026,MMP,EQ,MMP INDUSTRIES LIMITED   ,Listed    ,05 FEB 2026,              10.00,          25402613,            256.70,     6520850757.10       
05 FEB 2026,MMTC,EQ,MMTC LIMITED             ,Listed    ,05 FEB 2026,               1.00,        1500000000,             63.15,    94695000000.00      
05 FEB 2026,MOBIKWIK,EQ,ONE MOBIKWIK SYSTEMS LTD ,Listed    ,05 FEB 2026,               2.00,          78658458,            227.45,    17889293102.95  
05 FEB 2026,MODINATUR,EQ,MODI NATURALS LIMITED    ,Listed    ,05 FEB 2026,              10.00,          13306397,            329.25,     4381131212.25 
05 FEB 2026,MODIRUBBER,EQ,MODI RUBBER LTD          ,Listed    ,05 FEB 2026,              10.00,          25040532,            125.20,     3134824201.10
05 FEB 2026,MODIS,EQ,MODIS NAVNIRMAN LTD      ,Listed    ,05 FEB 2026,              10.00,          19591200,            329.55,     6456279960.00     
05 FEB 2026,MODISONLTD,EQ,MODISON LIMITED          ,Listed    ,05 FEB 2026,               1.00,          32450000,            149.70,     4857440500.00
05 FEB 2026,MODTHREAD,EQ,MODERN THREADS INDIA LTD ,Listed    ,05 FEB 2026,              10.00,          34775160,             43.50,     1512023956.80 
05 FEB 2026,MOHITIND,EQ,MOHIT INDUSTRIES LTD     ,Listed    ,05 FEB 2026,              10.00,          14157575,             26.70,      377865676.75  
05 FEB 2026,MOIL,EQ,MOIL LIMITED             ,Listed    ,05 FEB 2026,              10.00,         203485211,            323.65,    65857988540.15      
05 FEB 2026,MOKSH,EQ,MOKSH ORNAMENTS LIMITED  ,Listed    ,05 FEB 2026,               2.00,          88248967,             13.40,     1181653668.15     
05 FEB 2026,MOL,EQ,MEGHMANI ORGANICS LIMITED,Listed    ,05 FEB 2026,               1.00,         254314211,             54.85,    13951677615.45       
05 FEB 2026,MOLDTECH,EQ,MOLD-TEK TECHNOLOGIES LTD,Listed    ,05 FEB 2026,               2.00,          28805118,            133.80,     3854124788.40  
05 FEB 2026,MOLDTKPAC,EQ,MOLD-TEK PACKAGING LTD   ,Listed    ,05 FEB 2026,               5.00,          33120639,            545.60,    18070620638.40 
05 FEB 2026,MONARCH,EQ,MONARCH NETWORTH CAP LTD ,Listed    ,05 FEB 2026,              10.00,          73907387,            299.30,    22120480929.10   
05 FEB 2026,MONEYBOXX,EQ,MONEYBOXX FINANCE LIMITED,Listed    ,05 FEB 2026,              10.00,          65409200,             61.65,     4033785364.00 
05 FEB 2026,MONOLITH,SM,MONOLITHISCH INDIA LTD   ,Listed    ,05 FEB 2026,              10.00,          21736000,            470.30,    10222440800.00  
05 FEB 2026,MONOPHARMA,SM,MONO PHARMACARE LIMITED  ,Listed    ,05 FEB 2026,              10.00,          17668564,             10.85,      191703919.40
05 FEB 2026,MONTECARLO,EQ,MONTE CARLO FASHIONS LTD.,Listed    ,05 FEB 2026,              10.00,          20732064,            596.65,    12369785985.60
05 FEB 2026,MORARJEE,BZ,MORARJEE TEXTILES LIMITED,Listed    ,05 FEB 2026,               7.00,          36332349,              7.55,      274309234.95  
05 FEB 2026,MOREPENLAB,EQ,MOREPEN LAB. LTD         ,Listed    ,05 FEB 2026,               2.00,         547953699,             38.00,    20811281488.00
05 FEB 2026,MOS,SM,MOS UTILITY LIMITED      ,Listed    ,05 FEB 2026,               2.00,         257440410,             20.45,     5264656384.50       
05 FEB 2026,MOSCHIP,EQ,MOSCHIP TECHNOLOGIES LTD ,Listed    ,05 FEB 2026,               2.00,         192692847,            201.65,    38852658740.60   
05 FEB 2026,MOTHERSON,EQ,SAMVRDHNA MTHRSN INTL LTD,Listed    ,05 FEB 2026,               1.00,       10554442601,            121.00,  1276982010295.00 
05 FEB 2026,MOTILALOFS,EQ,MOTILAL OSWAL FIN LTD    ,Listed    ,05 FEB 2026,               1.00,         600781611,            771.05,   463232661161.55
05 FEB 2026,MOTISONS,EQ,MOTISONS JEWELLERS LTD   ,Listed    ,05 FEB 2026,               1.00,         984460000,             12.45,    12236837800.00  
05 FEB 2026,MOTOGENFIN,EQ,MOTOR & GENERAL FINANCE L,Listed    ,05 FEB 2026,               5.00,          38727190,             22.10,      856258170.90
05 FEB 2026,MOXSH,ST,MOXSH OVERSEAS EDUCON LTD,Listed    ,05 FEB 2026,              10.00,           8963200,             81.00,      726019200.00     
05 FEB 2026,MPEL,SM,MANAS POLYMER N ENERGIE L,Listed    ,05 FEB 2026,              10.00,           7776000,             60.00,      466560000.00      
05 FEB 2026,MPHASIS,EQ,MPHASIS LIMITED          ,Listed    ,05 FEB 2026,              10.00,         190557873,           2648.70,   504730638215.10   
05 FEB 2026,MPSLTD,EQ,MPS LIMITED              ,Listed    ,05 FEB 2026,              10.00,          17105816,           1653.70,    28287887919.20    
05 FEB 2026,MPTODAY,SM,M P TODAY MEDIA LIMITED  ,Listed    ,26 NOV 2025,              10.00,           4568000,             47.55,      217208400.00   
05 FEB 2026,MRF,EQ,MRF LTD                  ,Listed    ,05 FEB 2026,              10.00,           4241143,         134970.00,   572427070710.00       
05 FEB 2026,MRIL,SM,MAHENDRA REALTO & INFRA L,Listed    ,03 FEB 2026,              10.00,          22103900,             56.00,     1237818400.00      
05 FEB 2026,MRPL,EQ,MRPL                     ,Listed    ,05 FEB 2026,              10.00,        1752598777,            182.60,   320007010692.45      
05 FEB 2026,MSPL,EQ,MSP STEEL & POWER LTD.   ,Listed    ,05 FEB 2026,              10.00,         566796645,             30.85,    17485676498.25      
05 FEB 2026,MSTCLTD,EQ,MSTC LIMITED             ,Listed    ,05 FEB 2026,              10.00,          70400000,            462.00,    32524800000.00   
05 FEB 2026,MSUMI,EQ,MOTHERSON SUMI WRNG IND L,Listed    ,05 FEB 2026,               1.00,        6631661898,             44.55,   295573170793.85     
05 FEB 2026,MTARTECH,EQ,MTAR TECHNOLOGIES LIMITED,Listed    ,05 FEB 2026,              10.00,          30759591,           3283.50,   100999117048.50  
05 FEB 2026,MTEDUCARE,BE,MT EDUCARE LTD           ,Listed    ,05 FEB 2026,              10.00,          72228054,              1.40,       99674714.50 
05 FEB 2026,MTNL,EQ,MAHANAGAR TELEPHONE NIGAM,Listed    ,05 FEB 2026,              10.00,         630000000,             31.65,    19952100000.00      
05 FEB 2026,MUFIN,EQ,MUFIN GREEN FINANCE LTD  ,Listed    ,05 FEB 2026,               1.00,         173231423,            114.15,    19777831563.90     
05 FEB 2026,MUFTI,EQ,CREDO BRANDS MARKETING L ,Listed    ,05 FEB 2026,               2.00,          65370103,             98.25,     6421305217.70     
05 FEB 2026,MUKANDLTD,EQ,MUKAND LTD.              ,Listed    ,05 FEB 2026,              10.00,         144495563,            127.25,    18388505347.40 
05 FEB 2026,MUKKA,EQ,MUKKA PROTEINS LIMITED   ,Listed    ,05 FEB 2026,               1.00,         300000000,             23.45,     7029000000.00     
05 FEB 2026,MUKTAARTS,EQ,MUKTA ARTS LIMITED       ,Listed    ,05 FEB 2026,               5.00,          22585200,             61.80,     1395765360.00 
05 FEB 2026,MUNISH,SM,MUNISH FORGE LIMITED     ,Listed    ,05 FEB 2026,              10.00,          24070263,             75.40,     1814897830.20    
05 FEB 2026,MUNJALAU,EQ,MUNJAL AUTO IND. LTD.    ,Listed    ,05 FEB 2026,               2.00,         100000000,             75.10,     7512000000.00  
05 FEB 2026,MUNJALSHOW,EQ,MUNJAL SHOWA LTD         ,Listed    ,05 FEB 2026,               2.00,          39995000,            123.15,     4926184150.00
05 FEB 2026,MURUDCERA,EQ,MURUDESHWAR CERAMICS LTD ,Listed    ,05 FEB 2026,              10.00,          60545260,             33.85,     2048246145.80 
05 FEB 2026,MUTHOOTCAP,EQ,MUTHOOT CAP SERV LTD     ,Listed    ,05 FEB 2026,              10.00,          16447533,            230.00,     3782603639.35
05 FEB 2026,MUTHOOTFIN,EQ,MUTHOOT FINANCE LIMITED  ,Listed    ,05 FEB 2026,              10.00,         401468476,           3578.80,  1436775381908.80
05 FEB 2026,MUTHOOTMF,EQ,MUTHOOT MICROFIN LIMITED ,Listed    ,05 FEB 2026,              10.00,         170492176,            178.50,    30429443572.50 
05 FEB 2026,MVGJL,EQ,MANOJ VAIBHAV GEM N JEW L,Listed    ,05 FEB 2026,              10.00,          48847441,            172.70,     8435464586.30     
05 FEB 2026,MVKAGRO,SM,M.V.K. AGRO FOOD PROD LTD,Listed    ,05 FEB 2026,              10.00,          50503900,            611.50,    30883134850.00   
05 FEB 2026,MWL,EQ,MANGALAM WORLDWIDE LTD   ,Listed    ,05 FEB 2026,              10.00,          29700674,            270.05,     8020667013.70       
05 FEB 2026,MYMUDRA,SM,MY MUDRA FINCORP LIMITED ,Listed    ,05 FEB 2026,              10.00,          11391800,             78.90,      898813020.00   
05 FEB 2026,NACLIND,EQ,NACL INDUSTRIES LIMITED  ,Listed    ,05 FEB 2026,               1.00,         234013331,            140.60,    32902274338.60   
05 FEB 2026,NAGAFERT,EQ,NAGARJUN FERT AND CHE LTD,Listed    ,05 FEB 2026,               1.00,         598065003,              4.80,     2882673314.45  
05 FEB 2026,NAGREEKCAP,EQ,NAGREEKA CAP & INFR.LTD  ,Listed    ,05 FEB 2026,               5.00,          12615300,             25.70,      323960904.00
05 FEB 2026,NAGREEKEXP,EQ,NAGREEKA EXPORTS LTD.    ,Listed    ,05 FEB 2026,               5.00,          31249250,             26.20,      819042842.50
05 FEB 2026,NAHARCAP,EQ,NAHAR CAP & FIN.         ,Listed    ,05 FEB 2026,               5.00,          16746167,            243.75,     4081878206.25  
05 FEB 2026,NAHARINDUS,EQ,NAHAR INDS ENT LTD       ,Listed    ,05 FEB 2026,              10.00,          43205581,            108.85,     4702927491.85
05 FEB 2026,NAHARPOLY,EQ,NAHAR POLY FILMS LIMITED ,Listed    ,05 FEB 2026,               5.00,          24587991,            249.30,     6130032036.20 
05 FEB 2026,NAHARSPING,EQ,NAHAR SPINNING MILLS LTD.,Listed    ,05 FEB 2026,               5.00,          36065303,            182.45,     6580114532.35
05 FEB 2026,NAM-INDIA,EQ,NIPPON L I A M LTD       ,Listed    ,05 FEB 2026,              10.00,         637034489,            925.00,   589256902325.00 
05 FEB 2026,NAMAN,SM,NAMAN INDUSTRE PRXIMA LTD,Listed    ,05 FEB 2026,              10.00,          13065980,             59.95,      783305501.00     
05 FEB 2026,NAMOEWASTE,SM,NAMO EWASTE MANAGEMENT L ,Listed    ,05 FEB 2026,              10.00,          22867515,            181.15,     4142450342.25
05 FEB 2026,NARMADA,EQ,NARMADA AGROBASE LIMITED ,Listed    ,05 FEB 2026,              10.00,          37936399,             31.95,     1212447312.05   
05 FEB 2026,NATCAPSUQ,EQ,NATURAL CAPSULES LIMITED ,Listed    ,05 FEB 2026,              10.00,          10341154,            163.55,     1691399148.25 
05 FEB 2026,NATCOPHARM,EQ,NATCO PHARMA LTD.        ,Listed    ,05 FEB 2026,               2.00,         179109870,            828.95,   148473126736.50
05 FEB 2026,NATHBIOGEN,EQ,NATH BIO-GENES (I) LTD   ,Listed    ,05 FEB 2026,              10.00,          19004000,            149.45,     2839957760.00
05 FEB 2026,NATIONALUM,EQ,NATIONAL ALUMINIUM CO LTD,Listed    ,05 FEB 2026,               5.00,        1836631787,            363.85,   668258475699.95
05 FEB 2026,NAUKRI,EQ,INFO EDGE (I) LTD        ,Listed    ,05 FEB 2026,               2.00,         648420600,           1166.00,   756058419600.00    
05 FEB 2026,NAVA,EQ,NAVA LIMITED             ,Listed    ,05 FEB 2026,               1.00,         283001276,            561.45,   158891066410.20      
05 FEB 2026,NAVINFLUOR,EQ,NAVIN FLUORINE INT. LTD  ,Listed    ,05 FEB 2026,               2.00,          51222524,           6273.00,   321318893052.00
05 FEB 2026,NAVKARCORP,EQ,NAVKAR CORPORATION LTD.  ,Listed    ,05 FEB 2026,              10.00,         150519181,            100.45,    15122662115.05
05 FEB 2026,NAVKARURB,BE,NAVKAR URBANSTRUCTURE LTD,Listed    ,05 FEB 2026,               1.00,        1122090422,              1.30,     1447496644.40 
05 FEB 2026,NAVNETEDUL,EQ,NAVNEET EDUCATION LTD    ,Listed    ,05 FEB 2026,               2.00,         221213181,            162.10,    35856444508.30
05 FEB 2026,NAZARA,EQ,NAZARA TECHNOLOGIES LTD  ,Listed    ,05 FEB 2026,               2.00,         370465024,            276.90,   102581765145.60    
05 FEB 2026,NBCC,EQ,NBCC (INDIA) LIMITED     ,Listed    ,05 FEB 2026,               1.00,        2700000000,            100.95,   272565000000.00      
05 FEB 2026,NBIFIN,EQ,N.B.I. IND. FIN. CO. LTD ,Listed    ,05 FEB 2026,               5.00,           2954850,           2033.00,     6007210050.00    
05 FEB 2026,NCC,EQ,NCC LIMITED              ,Listed    ,05 FEB 2026,               2.00,         627846588,            152.10,    95489187568.90       
05 FEB 2026,NCLIND,EQ,NCL INDUSTRIES LIMITED   ,Listed    ,05 FEB 2026,              10.00,          45232790,            185.35,     8383897626.50    
05 FEB 2026,NDGL,EQ,NAGA DHUNSERI GROUP LTD  ,Listed    ,05 FEB 2026,              10.00,           1000000,           2597.80,     2597800000.00      
05 FEB 2026,NDL,EQ,NANDAN DENIM LIMITED     ,Listed    ,05 FEB 2026,               1.00,        1441471680,              3.10,     4468562208.00       
05 FEB 2026,NDLVENTURE,EQ,NDL VENTURES LIMITED     ,Listed    ,05 FEB 2026,              10.00,          33671621,             90.45,     3044924687.05
05 FEB 2026,NDRAUTO,EQ,NDR AUTO COMPONENTS LTD  ,Listed    ,05 FEB 2026,              10.00,          23785304,            724.20,    17225317156.80   
05 FEB 2026,NDRINVIT,IV,NDR INVIT TRUST          ,Listed    ,05 FEB 2026,             100.00,         396012214,            125.20,    49576769070.65  
05 FEB 2026,NDTV,EQ,NDTV LTD                 ,Listed    ,05 FEB 2026,               4.00,         112824717,             87.45,     9864265007.30      
05 FEB 2026,NECCLTD,EQ,NORTH EAST CARRY CORP LTD,Listed    ,05 FEB 2026,              10.00,         100000000,             13.90,     1390000000.00   
05 FEB 2026,NECLIFE,BE,NECTAR LIFESCIENCES LTD. ,Listed    ,05 FEB 2026,               1.00,         224260970,             13.70,     3074617898.70   
05 FEB 2026,NEELAM,SM,NEELAM LINENS & GAR (I) L,Listed    ,05 FEB 2026,              10.00,          20218000,             14.95,      302259100.00    
05 FEB 2026,NELCAST,EQ,NELCAST LIMITED          ,Listed    ,05 FEB 2026,               2.00,          87001200,            117.60,    10229601096.00   
05 FEB 2026,NELCO,EQ,NELCO LTD                ,Listed    ,05 FEB 2026,              10.00,          22818400,            646.95,    14762363880.00     
05 FEB 2026,NEOCHEM,SM,NEOCHEM BIO SOLUTIONS LTD,Listed    ,05 FEB 2026,              10.00,          17120753,             76.00,     1301177228.00   
05 FEB 2026,NEOGEN,EQ,NEOGEN CHEMICALS LIMITED ,Listed    ,05 FEB 2026,              10.00,          26381674,           1363.80,    35979327001.20    
05 FEB 2026,NEPHROCARE,SM,NEPHRO CARE INDIA LIMITED,Listed    ,05 FEB 2026,              10.00,          16486400,             99.00,     1632153600.00
05 FEB 2026,NEPHROPLUS,EQ,NEPHROCARE HEALTH SERV L ,Listed    ,05 FEB 2026,               2.00,         100340717,            519.95,    52172155804.15
05 FEB 2026,NEPTUNE,SM,NEPTUNE PETROCHEMICALS L ,Listed    ,05 FEB 2026,              10.00,          22653500,            243.40,     5513861900.00   
05 FEB 2026,NESCO,EQ,NESCO LTD.               ,Listed    ,05 FEB 2026,               2.00,          70459960,           1130.10,    79626800796.00     
05 FEB 2026,NESTLEIND,EQ,NESTLE INDIA LIMITED     ,Listed    ,05 FEB 2026,               1.00,        1928314320,           1303.50,  2513557716120.00 
05 FEB 2026,NETWEB,EQ,NETWEB TECH INDIA LTD    ,Listed    ,05 FEB 2026,               2.00,          56653868,           3108.90,   176131210225.20    
05 FEB 2026,NETWORK18,EQ,NETWORK18 MEDIA & INV LTD,Listed    ,05 FEB 2026,               5.00,        1542000018,             37.90,    58472640682.55 
05 FEB 2026,NEULANDLAB,EQ,NEULAND LAB LTD.         ,Listed    ,05 FEB 2026,              10.00,          12829889,          13202.00,   169380194578.00
05 FEB 2026,NEWGEN,EQ,NEWGEN SOFTWARE TECH LTD ,Listed    ,05 FEB 2026,              10.00,         142317787,            545.95,    77698395812.65    
05 FEB 2026,NEWJAISA,SM,NEWJAISA TECHNOLOGIES LTD,Listed    ,05 FEB 2026,               5.00,          35670694,             18.70,      667041977.80  
05 FEB 2026,NEXTMEDIA,EQ,NEXT MEDIAWORKS LIMITED  ,Listed    ,05 FEB 2026,              10.00,          66892908,              5.25,      351856696.10 
05 FEB 2026,NFL,EQ,NATIONAL FERT. LTD       ,Listed    ,05 FEB 2026,              10.00,         490578400,             79.40,    38961736528.00       
05 FEB 2026,NGIL,EQ,NAKODA GROUP OF IND. LTD ,Listed    ,05 FEB 2026,              10.00,          17538052,             27.60,      483699474.15      
05 FEB 2026,NGLFINE,EQ,NGL FINE CHEM LIMITED    ,Listed    ,05 FEB 2026,               5.00,           6178024,           2270.10,    14024732282.40   
05 FEB 2026,NH,EQ,NARAYANA HRUDAYALAYA LTD.,Listed    ,05 FEB 2026,              10.00,         204360804,           1733.00,   354157273332.00        
05 FEB 2026,NHIT,IV,NATIONAL HIGHW INFRA TRUS,Listed    ,04 FEB 2026,             100.00,        1936850600,            152.00,   294401291200.00      
05 FEB 2026,NHPC,EQ,NHPC LTD                 ,Listed    ,05 FEB 2026,              10.00,       10045034805,             80.00,   803602784400.00      
05 FEB 2026,NIACL,EQ,THE NEW INDIA ASSU CO LTD,Listed    ,05 FEB 2026,               5.00,        1648000000,            147.95,   243805120000.00     
05 FEB 2026,NIBE,EQ,NIBE LIMITED             ,Listed    ,05 FEB 2026,              10.00,          14501273,           1012.00,    14675288276.00      
05 FEB 2026,NIBL,EQ,NRB INDUS. BEARINGS LTD. ,Listed    ,05 FEB 2026,               2.00,          24230650,             30.45,      738307905.50      
05 FEB 2026,NIDAN,SM,NIDAN LABS AND HEALTH LTD,Listed    ,05 FEB 2026,              10.00,          13900000,             15.65,      217535000.00     
05 FEB 2026,NIITLTD,EQ,NIIT LIMITED             ,Listed    ,05 FEB 2026,               2.00,         136383759,             78.40,    10689759030.40   
05 FEB 2026,NIITMTS,EQ,NIIT LEARNING SYSTEMS LTD,Listed    ,05 FEB 2026,               2.00,         137135439,            382.15,    52406308013.85   
05 FEB 2026,NIKITA,SM,NIKITA GRENTEC RECYCL LTD,Listed    ,05 FEB 2026,              10.00,          24667900,            112.50,     2775138750.00    
05 FEB 2026,NILAINFRA,EQ,NILA INFRASTRUCTURES LTD ,Listed    ,05 FEB 2026,               1.00,         393889200,              8.25,     3257463684.00 
05 FEB 2026,NILASPACES,EQ,NILA SPACES LIMITED      ,Listed    ,05 FEB 2026,               1.00,         393889200,             15.45,     6085588140.00
05 FEB 2026,NILKAMAL,EQ,NILKAMAL LIMITED         ,Listed    ,05 FEB 2026,              10.00,          14922525,           1475.30,    22015201132.50  
05 FEB 2026,NINSYS,EQ,NINTEC SYSTEMS LIMITED   ,Listed    ,05 FEB 2026,              10.00,          18576000,            331.75,     6162588000.00    
05 FEB 2026,NIPPOBATRY,EQ,INDO-NATIONAL LIMITED    ,Listed    ,05 FEB 2026,               5.00,           7500000,            367.70,     2757750000.00
05 FEB 2026,NIRAJ,EQ,NIRAJ CEMENT STRUC LTD   ,Listed    ,05 FEB 2026,              10.00,          59694340,             31.10,     1856493974.00     
05 FEB 2026,NIRAJISPAT,EQ,NIRAJ ISPAT IND LTD      ,Listed    ,05 FEB 2026,              10.00,            600000,            214.50,      128706000.00
05 FEB 2026,NIRMAN,SM,NIRMAN AGRI GENTICS LTD  ,Listed    ,05 FEB 2026,              10.00,           8009676,             57.75,      462558789.00    
05 FEB 2026,NITCO,EQ,NITCO LIMITED            ,Listed    ,05 FEB 2026,              10.00,         229116105,             84.35,    19330525778.85     
05 FEB 2026,NITINSPIN,EQ,NITIN SPINNERS LIMITED   ,Listed    ,05 FEB 2026,              10.00,          56220000,            341.55,    19201941000.00 
05 FEB 2026,NITIRAJ,EQ,NITIRAJ ENGINEERS LTD    ,Listed    ,05 FEB 2026,              10.00,          10251000,            188.00,     1927085490.00   
05 FEB 2026,NIVABUPA,EQ,NIVA BUPA HEALTH INS CO L,Listed    ,05 FEB 2026,              10.00,        1847110571,             77.30,   142781647138.30  
05 FEB 2026,NKIND,EQ,NK INDUSTRIES LTD        ,Listed    ,05 FEB 2026,              10.00,           6009900,             68.15,      409694883.00     
05 FEB 2026,NLCINDIA,EQ,NLC INDIA LIMITED        ,Listed    ,05 FEB 2026,              10.00,        1386636609,            259.75,   360178859187.75  
05 FEB 2026,NMDC,EQ,NMDC LTD.                ,Listed    ,05 FEB 2026,               1.00,        8791817550,             84.60,   743787764730.00      
05 FEB 2026,NMSTEEL,SM,NEWMALAYALAM STEEL LTD   ,Listed    ,05 FEB 2026,              10.00,          17287600,             26.90,      465036440.00   
05 FEB 2026,NOCIL,EQ,NOCIL LIMITED            ,Listed    ,05 FEB 2026,              10.00,         167024930,            141.95,    23707518564.20     
05 FEB 2026,NOIDATOLL,EQ,NOIDA TOLL BRIDGE CO LTD ,Listed    ,05 FEB 2026,              10.00,         186195002,              3.80,      703817107.55 
05 FEB 2026,NORBTEAEXP,BE,NORBEN TEA &EXPORTS LTD  ,Listed    ,05 FEB 2026,              10.00,          15544100,             83.30,     1294668089.00
05 FEB 2026,NORTHARC,EQ,NORTHERN ARC CAPITAL LTD ,Listed    ,05 FEB 2026,              10.00,         161571875,            256.55,    41451264531.25  
05 FEB 2026,NOVAAGRI,EQ,NOVA AGRITECH LIMITED    ,Listed    ,05 FEB 2026,               2.00,          92519813,             34.05,     3149374434.50  
05 FEB 2026,NPST,EQ,NETWORK PEOPLE SRV TECH L,Listed    ,05 FEB 2026,              10.00,          20841750,           1220.40,    25435271700.00      
05 FEB 2026,NRAIL,EQ,N R AGARWAL INDS LTD     ,Listed    ,05 FEB 2026,              10.00,          17019100,            436.50,     7428837150.00     
05 FEB 2026,NRBBEARING,EQ,NRB BEARING LIMITED      ,Listed    ,05 FEB 2026,               2.00,          96922600,            274.70,    26624638220.00
05 FEB 2026,NRL,EQ,NUPUR RECYCLERS LIMITED  ,Listed    ,05 FEB 2026,              10.00,          69068995,             52.90,     3653749835.50       
05 FEB 2026,NRVANDANA,ST,N R VANDANA TEX IND LTD  ,Listed    ,05 FEB 2026,              10.00,          23294809,             59.70,     1390700097.30 
05 FEB 2026,NSIL,EQ,NALWA SONS INVESTMENT LTD,Listed    ,05 FEB 2026,              10.00,           5136163,           5974.50,    30686005843.50      
05 FEB 2026,NSLNISP,EQ,NMDC STEEL LIMITED       ,Listed    ,05 FEB 2026,              10.00,        2930605850,             41.65,   122001121535.50   
05 FEB 2026,NTPC,EQ,NTPC LTD                 ,Listed    ,05 FEB 2026,              10.00,        9696666134,            367.00,  3558676471178.00      
05 FEB 2026,NTPCGREEN,EQ,NTPC GREEN ENERGY LIMITED,Listed    ,05 FEB 2026,              10.00,        8426329669,             86.40,   727950620104.90 
05 FEB 2026,NUCLEUS,EQ,NUCLEUS SOFTWARE EXPORTS ,Listed    ,05 FEB 2026,              10.00,          26325306,            914.95,    24086338724.70   
05 FEB 2026,NURECA,EQ,NURECA LIMITED           ,Listed    ,05 FEB 2026,              10.00,          10000175,            281.15,     2811549201.25    
05 FEB 2026,NUVAMA,EQ,NUVAMA WEALTH MANAGE LTD ,Listed    ,05 FEB 2026,               2.00,         181806170,           1379.60,   250819792132.00    
05 FEB 2026,NUVOCO,EQ,NUVOCO VISTAS CORP LTD   ,Listed    ,05 FEB 2026,              10.00,         357156153,            349.55,   124843933281.15    
05 FEB 2026,NXST,RR,NEXUS SELECT TRUST       ,Listed    ,05 FEB 2026,             100.00,        1515000000,            158.80,   240582000000.00      
05 FEB 2026,NXT-INFRA,IV,NXT-INFRA TRUST          ,Listed    ,25 NOV 2025,             100.00,         285000000,            100.05,    28514250000.00 
05 FEB 2026,NYKAA,EQ,FSN E COMMERCE VENTURES  ,Listed    ,05 FEB 2026,               1.00,        2861722531,            258.30,   739154312532.00     
05 FEB 2026,OAL,EQ,ORIENTAL AROMATICS LTD   ,Listed    ,05 FEB 2026,               5.00,          33653576,            291.45,     9808334725.20       
05 FEB 2026,OBCL,EQ,ORISSA BENGAL CARRIER LTD,Listed    ,05 FEB 2026,              10.00,          21082790,             55.15,     1162715868.50      
05 FEB 2026,OBEROIRLTY,EQ,OBEROI REALTY LIMITED    ,Listed    ,05 FEB 2026,              10.00,         363602237,           1548.90,   563183504889.30
05 FEB 2026,OBSCP,SM,OBSC PERFECTION LIMITED  ,Listed    ,05 FEB 2026,              10.00,          24452400,            308.75,     7549678500.00     
05 FEB 2026,OCCLLTD,EQ,OCCL LIMITED             ,Listed    ,05 FEB 2026,               2.00,          49950460,             93.85,     4687850671.00   
05 FEB 2026,ODIGMA,EQ,ODIGMA CONSULTANCY SOL L ,Listed    ,05 FEB 2026,               1.00,          31258450,             30.85,      964323182.50    
05 FEB 2026,OFSS,EQ,ORACLE FIN SERV SOFT LTD.,Listed    ,05 FEB 2026,               5.00,          87016901,           7450.50,   648319420900.50      
05 FEB 2026,OIL,EQ,OIL INDIA LTD            ,Listed    ,05 FEB 2026,              10.00,        1626607791,            498.50,   810863983813.50       
05 FEB 2026,OILCOUNTUB,EQ,OIL COUNTRY TUBULAR LTD  ,Listed    ,05 FEB 2026,              10.00,          51989530,             48.50,     2522531995.60
05 FEB 2026,OLAELEC,EQ,OLA ELECTRIC MOBILITY LTD,Listed    ,05 FEB 2026,              10.00,        4410829885,             31.45,   138720599883.25   
05 FEB 2026,OLECTRA,EQ,OLECTRA GREENTECH LIMITED,Listed    ,05 FEB 2026,               4.00,          82080737,           1044.40,    85725121722.80   
05 FEB 2026,OLIL,SM,ONECLICK LOGISTICS IND L ,Listed    ,05 FEB 2026,              10.00,           5593163,            288.00,     1610830944.00      
05 FEB 2026,OMAXAUTO,EQ,OMAX AUTOS LTD           ,Listed    ,05 FEB 2026,              10.00,          21371213,            118.30,     2528000785.75  
05 FEB 2026,OMAXE,EQ,OMAXE LIMITED            ,Listed    ,05 FEB 2026,              10.00,         182900540,             79.35,    14514986854.40     
05 FEB 2026,OMFREIGHT,EQ,OM FREIGHT FORWARDERS LTD,Listed    ,05 FEB 2026,              10.00,          33675442,             91.85,     3093089347.70 
05 FEB 2026,OMFURN,SM,OMFURN INDIA LIMITED     ,Listed    ,05 FEB 2026,              10.00,          11774400,             48.30,      568703520.00    
05 FEB 2026,OMINFRAL,EQ,OM INFRA LIMITED         ,Listed    ,05 FEB 2026,               1.00,          96303809,             91.45,     8807946371.15  
05 FEB 2026,OMKARCHEM,BZ,OMKAR SPL CHEM LTD       ,Listed    ,05 FEB 2026,              10.00,          20578004,              5.10,      104536260.30 
05 FEB 2026,ONDOOR,SM,ON DOOR CONCEPTS LIMITED ,Listed    ,05 FEB 2026,              10.00,           5648612,            118.50,      669360522.00    
05 FEB 2026,ONELIFECAP,BE,ONELIFE CAP ADVISORS LTD ,Listed    ,05 FEB 2026,              10.00,          13360000,             14.50,      193987200.00
05 FEB 2026,ONEPOINT,EQ,ONE POINT ONE SOL LTD    ,Listed    ,05 FEB 2026,               2.00,         262920863,             49.55,    13032987178.90  
05 FEB 2026,ONESOURCE,EQ,ONESOURCE SPECL PHARMA L ,Listed    ,05 FEB 2026,               1.00,         114585136,           1162.10,   133159386545.60 
05 FEB 2026,ONGC,EQ,OIL AND NATURAL GAS CORP.,Listed    ,05 FEB 2026,               5.00,       12580279206,            269.20,  3386611162255.20      
05 FEB 2026,ONMOBILE,EQ,ONMOBILE GLOBAL LTD.     ,Listed    ,05 FEB 2026,              10.00,         106321351,             51.75,     5504256341.25  
05 FEB 2026,ONWARDTEC,EQ,ONWARD TECHNOLOGIES LTD  ,Listed    ,05 FEB 2026,              10.00,          22742970,            316.85,     7206110044.50 
05 FEB 2026,ONYX,SM,ONYX BIOTEC LIMITED      ,Listed    ,04 FEB 2026,              10.00,          18132200,             37.00,      670891400.00      
05 FEB 2026,OPTIEMUS,EQ,OPTIEMUS INFRACOM LTD    ,Listed    ,05 FEB 2026,              10.00,          88209626,            420.70,    37109789658.20  
05 FEB 2026,OPTIVALUE,SM,OPTIVALUE TEK CONSULT LTD,Listed    ,05 FEB 2026,              10.00,          23411400,             79.00,     1849500600.00 
05 FEB 2026,ORBTEXP,EQ,ORBIT EXPORTS LIMITED    ,Listed    ,05 FEB 2026,              10.00,          26511152,            183.80,     4872749737.60   
05 FEB 2026,ORCHASP,EQ,ORCHASP LIMITED          ,Listed    ,05 FEB 2026,               2.00,         319550366,              2.60,      824439944.30   
05 FEB 2026,ORCHPHARMA,EQ,ORCHID PHARMA LIMITED    ,Listed    ,05 FEB 2026,              10.00,          50719105,            685.75,    34780626253.75
05 FEB 2026,ORIANA,SM,ORIANA POWER LIMITED     ,Listed    ,05 FEB 2026,              10.00,          20319150,           2015.55,    40954262782.50    
05 FEB 2026,ORICONENT,BE,ORICON ENTERPRISES LTD   ,Listed    ,05 FEB 2026,               2.00,         157047715,             65.00,    10209671952.15 
05 FEB 2026,ORIENTALTL,EQ,ORIENTAL TRIMEX LTD      ,Listed    ,05 FEB 2026,              10.00,          73507265,              7.40,      544688833.65
05 FEB 2026,ORIENTBELL,EQ,ORIENT BELL LIMITED      ,Listed    ,05 FEB 2026,              10.00,          14697476,            271.75,     3994039103.00
05 FEB 2026,ORIENTCEM,EQ,ORIENT CEMENT LTD.       ,Listed    ,05 FEB 2026,               1.00,         205459873,            163.30,    33547488063.45 
05 FEB 2026,ORIENTCER,EQ,ORIENT CERATECH LIMITED  ,Listed    ,05 FEB 2026,               1.00,         119639200,             43.35,     5186359320.00 
05 FEB 2026,ORIENTELEC,EQ,ORIENT ELECTRIC LIMITED  ,Listed    ,05 FEB 2026,               1.00,         213365899,            170.65,    36406623346.35
05 FEB 2026,ORIENTHOT,EQ,ORIENT HOTELS LTD        ,Listed    ,05 FEB 2026,               1.00,         178599180,            106.50,    19020812670.00 
05 FEB 2026,ORIENTLTD,EQ,ORIENT PRESS LIMITED     ,Listed    ,05 FEB 2026,              10.00,          10000000,             62.10,      620800000.00 
05 FEB 2026,ORIENTPPR,EQ,ORIENT PAPER AND INDS LTD,Listed    ,05 FEB 2026,               1.00,         212185822,             20.50,     4351931209.20 
05 FEB 2026,ORIENTTECH,EQ,ORIENT TECHNOLOGIES LTD  ,Listed    ,05 FEB 2026,              10.00,          45805916,            336.15,    15397658663.40
05 FEB 2026,ORISSAMINE,EQ,ORISSA MIN DEV CO LTD    ,Listed    ,05 FEB 2026,               1.00,           6000000,           4504.60,    27027600000.00
05 FEB 2026,ORKLAINDIA,EQ,ORKLA INDIA LIMITED      ,Listed    ,05 FEB 2026,               1.00,         136989230,            560.85,    76830409645.50
05 FEB 2026,ORTEL,BZ,ORTEL COMMUNICATIONS LTD ,Listed    ,05 FEB 2026,              10.00,          32976900,              1.40,       46167660.00     
05 FEB 2026,ORTINGLOBE,BE,ORTIN GLOBAL LIMITED     ,Listed    ,05 FEB 2026,              10.00,           8131392,             12.05,       97820645.75
05 FEB 2026,OSEINTRUST,IV,ORIENTAL INFRATRUST      ,Listed    ,Not Traded ,             100.00,         583483081,             83.50,    48720837263.50
05 FEB 2026,OSELDEVICE,ST,OSEL DEVICES LIMITED     ,Listed    ,05 FEB 2026,              10.00,          17694600,            515.10,     9114488460.00
05 FEB 2026,OSIAHYPER,EQ,OSIA HYPER RETAIL LIMITED,Listed    ,05 FEB 2026,               1.00,         164573900,             14.05,     2313909034.00 
05 FEB 2026,OSWALAGRO,EQ,OSWAL AGRO MILLS LTD     ,Listed    ,05 FEB 2026,              10.00,         134234776,             52.65,     7066118608.65 
05 FEB 2026,OSWALGREEN,EQ,OSWAL GREENTECH LIMITED  ,Listed    ,05 FEB 2026,              10.00,         256809159,             29.65,     7609255381.15
05 FEB 2026,OSWALPUMPS,EQ,OSWAL PUMPS LIMITED      ,Listed    ,05 FEB 2026,               1.00,         113977414,            381.55,    43488082311.70
05 FEB 2026,OSWALSEEDS,EQ,SHREEOSWAL S AND CHE LTD ,Listed    ,05 FEB 2026,               2.00,          91470000,             13.25,     1212892200.00
05 FEB 2026,OWAIS,SM,OWAIS METAL & MINERAL    ,Listed    ,05 FEB 2026,              10.00,          18182398,            236.50,     4300137127.00     
05 FEB 2026,PACEDIGITK,EQ,PACE DIGITEK LIMITED     ,Listed    ,05 FEB 2026,               2.00,         215851327,            190.40,    41095934147.55
05 FEB 2026,PAGEIND,EQ,PAGE INDUSTRIES LTD      ,Listed    ,05 FEB 2026,              10.00,          11153874,          35640.00,   397524069360.00   
05 FEB 2026,PAISALO,EQ,PAISALO DIGITAL LIMITED  ,Listed    ,05 FEB 2026,               1.00,         909521874,             35.90,    32642740057.85   
05 FEB 2026,PAKKA,EQ,PAKKA LIMITED            ,Listed    ,05 FEB 2026,              10.00,          44948100,             90.05,     4047576405.00     
05 FEB 2026,PALASHSECU,EQ,PALASH SECURITIES LTD    ,Listed    ,05 FEB 2026,              10.00,          10003102,             96.65,      966799808.30
05 FEB 2026,PALREDTEC,EQ,PALRED TECHNOLOGIES LTD  ,Listed    ,05 FEB 2026,              10.00,          12232566,             37.65,      460311458.60 
05 FEB 2026,PANACEABIO,EQ,PANACEA BIOTEC LTD       ,Listed    ,05 FEB 2026,               1.00,          61250746,            372.00,    22785277512.00
05 FEB 2026,PANACHE,EQ,PANACHE DIGILIFE LIMITED ,Listed    ,05 FEB 2026,              10.00,          15228000,            342.55,     5216351400.00   
05 FEB 2026,PANAMAPET,EQ,PANAMA PETROCHEM LTD     ,Listed    ,05 FEB 2026,               2.00,          60493598,            296.45,    17933327127.10 
05 FEB 2026,PANSARI,BE,PANSARI DEVELOPERS LTD   ,Listed    ,05 FEB 2026,              10.00,          17446800,            310.00,     5408508000.00   
05 FEB 2026,PAR,EQ,PAR DRUGS AND CHEM LTD   ,Listed    ,05 FEB 2026,              10.00,          12304636,             90.95,     1118860551.50       
05 FEB 2026,PARACABLES,EQ,PARAMOUNT COMM LTD       ,Listed    ,05 FEB 2026,               2.00,         305209814,             39.10,    11939807923.70
05 FEB 2026,PARADEEP,EQ,PARADEEP PHOSPHATES LTD  ,Listed    ,05 FEB 2026,              10.00,        1037968989,            125.10,   129829161144.10  
05 FEB 2026,PARAGMILK,EQ,PARAG MILK FOODS LTD.    ,Listed    ,05 FEB 2026,              10.00,         125109554,            241.95,    30270256590.30 
05 FEB 2026,PARAGON,SM,PARAGON FINE S.C. LTD.   ,Listed    ,05 FEB 2026,              10.00,          19566000,             42.10,      823728600.00   
05 FEB 2026,PARAMATRIX,SM,PARAMATRIX TECHNOLOGIES L,Listed    ,03 FEB 2026,              10.00,          11048000,             75.05,      829152400.00
05 FEB 2026,PARAMOUNT,SM,PARAMOUNT DYE TEC LIMITED,Listed    ,05 FEB 2026,              10.00,           6942651,             42.70,      296451197.70 
05 FEB 2026,PARAMPARA,SM,PARAMPARA DAIRY DLGHT LTD,Listed    ,28 JAN 2026,              10.00,          10500000,              9.80,      102900000.00 
05 FEB 2026,PARAS,EQ,PARAS DEF AND SPCE TECH L,Listed    ,05 FEB 2026,               5.00,          80587330,            653.55,    52667849521.50     
05 FEB 2026,PARASPETRO,BE,PARAS PETROFILS LTD.     ,Listed    ,05 FEB 2026,               1.00,         334221000,              2.35,      788761560.00
05 FEB 2026,PARIN,SM,PARIN ENTERPRISES LIMITED,Listed    ,05 FEB 2026,              10.00,          11118000,            661.30,     7352333400.00     
05 FEB 2026,PARKHOSPS,EQ,PARK MEDI WORLD LIMITED  ,Listed    ,05 FEB 2026,               2.00,         431930864,            155.50,    67173887969.30 
05 FEB 2026,PARKHOTELS,EQ,PARKHOTELS               ,Listed    ,05 FEB 2026,               1.00,         213374246,            125.05,    26680315719.85
05 FEB 2026,PARSVNATH,EQ,PARSVNATH DEVELOPER LTD  ,Listed    ,05 FEB 2026,               5.00,         435181170,              8.90,     3873112413.00 
05 FEB 2026,PARTH,SM,PARTH ELEC & ENG LTD     ,Listed    ,05 FEB 2026,              10.00,          13667955,            221.05,     3021301452.75     
05 FEB 2026,PARTYCRUS,SM,PARTY CRUISERS LIMITED   ,Listed    ,05 FEB 2026,              10.00,          11940601,             78.90,      942113418.90 
05 FEB 2026,PASHUPATI,EQ,PASHUPATI COTSPIN LIMITED,Listed    ,05 FEB 2026,              10.00,          15784000,            799.90,    12625621600.00 
05 FEB 2026,PASUPTAC,EQ,PASUPATI ACRYLON LIMITED ,Listed    ,05 FEB 2026,              10.00,          89133121,             49.35,     4399610852.55  
05 FEB 2026,PATANJALI,EQ,PATANJALI FOODS LIMITED  ,Listed    ,05 FEB 2026,               2.00,        1087828245,            515.50,   560775460297.50 
05 FEB 2026,PATELENG,EQ,PATEL ENGINEERING LTD.   ,Listed    ,05 FEB 2026,               1.00,         992141937,             29.00,    28772116173.00  
05 FEB 2026,PATELRMART,EQ,PATEL RETAIL LIMITED     ,Listed    ,05 FEB 2026,              10.00,          33400528,            204.25,     6822057844.00
05 FEB 2026,PATILAUTOM,SM,PATIL AUTOMATION LIMITED ,Listed    ,05 FEB 2026,              10.00,          21820800,            137.45,     2999268960.00
05 FEB 2026,PATINTLOG,EQ,PATEL INT. LOG. LTD      ,Listed    ,05 FEB 2026,              10.00,          69585746,             12.15,      846162671.35 
05 FEB 2026,PATTECH,SM,PATTECH FITWELL TUB COM L,Listed    ,02 FEB 2026,              10.00,           9397187,            106.40,      999860696.80   
05 FEB 2026,PAUSHAKLTD,EQ,PAUSHAK LIMITED          ,Listed    ,05 FEB 2026,               5.00,          24656912,            469.40,    11573954492.80
05 FEB 2026,PAVNAIND,EQ,PAVNA INDUSTRIES LIMITED ,Listed    ,05 FEB 2026,               1.00,         139530000,             18.85,     2631535800.00  
05 FEB 2026,PAYTM,EQ,ONE 97 COMMUNICATIONS LTD,Listed    ,05 FEB 2026,               1.00,         639539256,           1211.70,   774929716495.20     
05 FEB 2026,PCBL,EQ,PCBL CHEMICAL LIMITED    ,Listed    ,05 FEB 2026,               1.00,         393462604,            281.70,   110838415546.80      
05 FEB 2026,PCCL,SM,PETRO CARBON AND CHEMI L ,Listed    ,05 FEB 2026,              10.00,          24700000,            225.05,     5558735000.00      
05 FEB 2026,PCJEWELLER,EQ,PC JEWELLER LTD          ,Listed    ,05 FEB 2026,               1.00,        7248623705,             10.10,    73211099420.50
05 FEB 2026,PDMJEPAPER,EQ,PUDUMJEE PAPER PRO. LTD  ,Listed    ,05 FEB 2026,               1.00,          94950000,             81.60,     7746021000.00
05 FEB 2026,PDSL,EQ,PDS LIMITED              ,Listed    ,05 FEB 2026,               2.00,         141378383,            349.25,    49376400262.75      
05 FEB 2026,PEARLPOLY,EQ,PEARL POLYMERS LTD       ,Listed    ,05 FEB 2026,              10.00,          16834932,             19.05,      321042153.25 
05 FEB 2026,PELATRO,SM,PELATRO LIMITED          ,Listed    ,04 FEB 2026,              10.00,          10597399,            326.50,     3460050773.50   
05 FEB 2026,PENIND,EQ,PENNAR INDUSTRIES LTD    ,Listed    ,05 FEB 2026,               5.00,         134946231,            176.15,    23773477515.25    
05 FEB 2026,PENINLAND,EQ,PENINSULA LAND LIMITED   ,Listed    ,05 FEB 2026,               2.00,         331728220,             20.75,     6886677847.20 
05 FEB 2026,PENTAGON,SM,PENTAGON RUBBER LIMITED  ,Listed    ,03 FEB 2026,              10.00,           7710000,             67.50,      520425000.00  
05 FEB 2026,PERFECT,SZ,PERFECT INFRAENGINEER LTD,Listed    ,05 FEB 2026,              10.00,          17495778,              3.10,       54236911.80   
05 FEB 2026,PERSISTENT,EQ,PERSISTENT SYSTEMS LTD   ,Listed    ,05 FEB 2026,               5.00,         157750000,           5980.50,   943423875000.00
05 FEB 2026,PETRONET,EQ,PETRONET LNG LIMITED     ,Listed    ,05 FEB 2026,              10.00,        1500000088,            298.85,   448275026298.80  
05 FEB 2026,PFC,EQ,POWER FIN CORP LTD.      ,Listed    ,05 FEB 2026,              10.00,        3300101760,            415.00,  1369542230400.00       
05 FEB 2026,PFIZER,EQ,PFIZER LTD               ,Listed    ,05 FEB 2026,              10.00,          45747732,           4697.30,   214890821523.60    
05 FEB 2026,PFOCUS,EQ,PRIME FOCUS LIMITED      ,Listed    ,05 FEB 2026,               1.00,         775990547,            267.40,   207484352456.85    
05 FEB 2026,PFS,EQ,PTC INDIA FIN SERV LTD   ,Listed    ,05 FEB 2026,              10.00,         642283335,             34.05,    21856901890.05       
05 FEB 2026,PGEL,EQ,PG ELECTROPLAST LTD      ,Listed    ,05 FEB 2026,               1.00,         284964158,            584.95,   166689784222.10      
05 FEB 2026,PGHH,EQ,P&G HYGIENE & HEALTH CARE,Listed    ,05 FEB 2026,              10.00,          32460736,          11826.00,   383880663936.00      
05 FEB 2026,PGHL,EQ,PROCTER & GAMBLE HEALTH L,Listed    ,05 FEB 2026,              10.00,          16599382,           5244.00,    87047159208.00      
05 FEB 2026,PGIL,EQ,PEARL GLOBAL IND LIMITED ,Listed    ,05 FEB 2026,               5.00,          46036317,           1877.80,    86446996062.60      
05 FEB 2026,PGINVIT,IV,POWERGRID INFRA. INVITS  ,Listed    ,05 FEB 2026,             100.00,         909999200,             93.00,    84620825608.00   
05 FEB 2026,PHANTOMFX,SM,PHANTOM DIGITAL EFF LTD  ,Listed    ,05 FEB 2026,              10.00,          15922800,            203.50,     3240289800.00 
05 FEB 2026,PHOENIXLTD,EQ,THE PHOENIX MILLS LTD    ,Listed    ,05 FEB 2026,               2.00,         357591260,           1709.00,   611123463340.00
05 FEB 2026,PHOGLOBAL,SM,PHOENIX OVERSEAS LIMITED ,Listed    ,05 FEB 2026,              10.00,          19346018,             20.50,      396593369.00 
05 FEB 2026,PICCADIL,EQ,PICCADILY AGRO INDUSTRI L,Listed    ,05 FEB 2026,              10.00,          97860769,            577.10,    56475449789.90  
05 FEB 2026,PIDILITIND,EQ,PIDILITE INDUSTRIES LTD  ,Listed    ,05 FEB 2026,               1.00,        1017714032,           1469.60,  1495632541427.20
05 FEB 2026,PIGL,EQ,POWER INSTRUMENT (G) LTD ,Listed    ,05 FEB 2026,              10.00,          17832900,            123.05,     2194338345.00      
05 FEB 2026,PIIND,EQ,PI INDUSTRIES LTD        ,Listed    ,05 FEB 2026,               1.00,         151718118,           3141.80,   476667983132.40     
05 FEB 2026,PILANIINVS,EQ,PILANI INV & IND COR LTD ,Listed    ,05 FEB 2026,              10.00,          11072250,           4610.20,    51045286950.00
05 FEB 2026,PILITA,EQ,PIL ITALICA LIFESTYLE LTD,Listed    ,05 FEB 2026,               1.00,         235000000,              9.00,     2110300000.00    
05 FEB 2026,PINELABS,EQ,PINE LABS LIMITED        ,Listed    ,05 FEB 2026,               1.00,        1148276377,            219.40,   251931837113.80  
05 FEB 2026,PIONEEREMB,EQ,PIONEER EMBROIDERIES LTD ,Listed    ,05 FEB 2026,              10.00,          30807192,             28.10,      865374023.30
05 FEB 2026,PIRAMALFIN,EQ,PIRAMAL FINANCE LIMITED  ,Listed    ,05 FEB 2026,               2.00,         226677700,           1689.60,   382994641920.00
05 FEB 2026,PITTIENG,EQ,PITTI ENGINEERING LIMITED,Listed    ,05 FEB 2026,               5.00,          37653588,            900.20,    33895759917.60  
05 FEB 2026,PIXTRANS,EQ,PIX TRANSMISSIONS LIMITED,Listed    ,05 FEB 2026,              10.00,          13625200,           1476.20,    20113520240.00  
05 FEB 2026,PKTEA,EQ,THE P K TEA PROD CO LTD  ,Listed    ,05 FEB 2026,              10.00,           3095879,            705.00,     2182594695.00     
05 FEB 2026,PLADAINFO,SM,PLADA INFOTECH SERVICES L,Listed    ,01 FEB 2026,              10.00,           8574000,             13.90,      119178600.00 
05 FEB 2026,PLASTIBLEN,EQ,PLASTIBLENDS INDIA LTD   ,Listed    ,05 FEB 2026,               5.00,          25989200,            158.55,     4121107444.00
05 FEB 2026,PLATIND,EQ,PLATINUM INDUSTRIES LTD  ,Listed    ,05 FEB 2026,              10.00,          54924873,            229.95,    12631073043.80   
05 FEB 2026,PLAZACABLE,EQ,PLAZA WIRES LIMITED      ,Listed    ,05 FEB 2026,              10.00,          43752078,             40.00,     1750520640.80
05 FEB 2026,PNB,EQ,PUNJAB NATIONAL BANK     ,Listed    ,05 FEB 2026,               2.00,       11492943268,            124.10,  1426274259558.80       
05 FEB 2026,PNBGILTS,EQ,PNB GILTS LIMITED        ,Listed    ,05 FEB 2026,              10.00,         180010134,             80.35,    14463814266.90  
05 FEB 2026,PNBHOUSING,EQ,PNB HOUSING FIN LTD.     ,Listed    ,05 FEB 2026,              10.00,         260508563,            846.40,   220494447723.20
05 FEB 2026,PNC,EQ,PRITISH NANDY COMMUNICATI,Listed    ,05 FEB 2026,              10.00,          14467000,             27.55,      398565850.00       
05 FEB 2026,PNCINFRA,EQ,PNC INFRATECH LTD.       ,Listed    ,05 FEB 2026,               2.00,         256539165,            232.50,    59650486645.80  
05 FEB 2026,PNGJL,EQ,P N GADGIL JEWELLERS LTD ,Listed    ,05 FEB 2026,              10.00,         135708333,            554.40,    75236699815.20     
05 FEB 2026,POCL,EQ,PONDY OXIDES & CHEM LTD  ,Listed    ,05 FEB 2026,               5.00,          30511279,           1249.60,    38126894238.40      
05 FEB 2026,PODDARMENT,EQ,PODDAR PIGMENTS LIMITED  ,Listed    ,05 FEB 2026,              10.00,          10610000,            247.20,     2622579800.00
05 FEB 2026,POKARNA,EQ,POKARNA LIMITED          ,Listed    ,05 FEB 2026,               2.00,          31004000,           1106.95,    34319877800.00   
05 FEB 2026,POLICYBZR,EQ,PB FINTECH LIMITED       ,Listed    ,05 FEB 2026,               2.00,         462674740,           1552.80,   718441336272.00 
05 FEB 2026,POLYCAB,EQ,POLYCAB INDIA LIMITED    ,Listed    ,05 FEB 2026,              10.00,         150538473,           7536.50,  1134533201764.50   
05 FEB 2026,POLYMED,EQ,POLY MEDICURE LIMITED    ,Listed    ,05 FEB 2026,               5.00,         101359490,           1502.50,   152292633725.00   
05 FEB 2026,POLYPLEX,EQ,POLYPLEX CORPORATION LTD ,Listed    ,05 FEB 2026,              10.00,          31392462,            861.55,    27046175636.10  
05 FEB 2026,POLYSIL,ST,POLYSIL IRRIGATION SYST L,Listed    ,05 FEB 2026,              10.00,          22505090,            212.00,     4771079080.00   
05 FEB 2026,PONNIERODE,EQ,PONNIE SUGARS (ERODE) LTD,Listed    ,05 FEB 2026,              10.00,           8598418,            258.30,     2220971369.40
05 FEB 2026,POONAWALLA,EQ,POONAWALLA FINCORP LTD   ,Listed    ,05 FEB 2026,               2.00,         812586815,            410.05,   333201223490.75
05 FEB 2026,POSITRON,SM,POSITRON ENERGY LIMITED  ,Listed    ,05 FEB 2026,              10.00,           7600400,            181.50,     1379472600.00  
05 FEB 2026,POWERGRID,EQ,POWER GRID CORP. LTD.    ,Listed    ,05 FEB 2026,              10.00,        9300603819,            289.35,  2691129715027.65 
05 FEB 2026,POWERINDIA,EQ,HITACHI ENERGY INDIA LTD ,Listed    ,05 FEB 2026,               2.00,          44572363,          19199.00,   855744797237.00
05 FEB 2026,POWERMECH,EQ,POWER MECH PROJECTS LTD. ,Listed    ,05 FEB 2026,              10.00,          31616292,           2153.40,    68082523192.80 
05 FEB 2026,PPAP,EQ,PPAP AUTOMOTIVE LIMITED  ,Listed    ,05 FEB 2026,              10.00,          14115070,            193.35,     2729148784.50      
05 FEB 2026,PPL,EQ,PRAKASH PIPES LIMITED    ,Listed    ,05 FEB 2026,              10.00,          23918354,            225.10,     5384021485.40       
05 FEB 2026,PPLPHARMA,EQ,PIRAMAL PHARMA LIMITED   ,Listed    ,05 FEB 2026,              10.00,        1329248130,            158.60,   210818753418.00 
05 FEB 2026,PPSL,SM,PICTUREPOST STUDIOS LTD  ,Listed    ,04 FEB 2026,               1.00,          29300000,              9.05,      265165000.00      
05 FEB 2026,PRABHA,EQ,PRABHA ENERGY LIMITED    ,Listed    ,05 FEB 2026,               1.00,         136905531,            165.90,    22709889482.30    
05 FEB 2026,PRAENG,EQ,PRAJAY ENG. SYN. LTD.    ,Listed    ,05 FEB 2026,              10.00,          69935791,             21.85,     1526698317.55    
05 FEB 2026,PRAJIND,EQ,PRAJ INDUSTRIES LTD      ,Listed    ,05 FEB 2026,               2.00,         183813088,            286.25,    52616496440.00   
05 FEB 2026,PRAKASH,EQ,PRAKASH INDUSTRIES LTD   ,Listed    ,05 FEB 2026,              10.00,         179081839,            130.05,    23287802343.55   
05 FEB 2026,PRAKASHSTL,BE,PRAKASH STEELAGE LTD     ,Listed    ,05 FEB 2026,               1.00,         175000390,              4.70,      822501833.00
05 FEB 2026,PRAMARA,SM,PRAMARA PROMOTIONS LTD   ,Listed    ,05 FEB 2026,              10.00,          13944168,            357.25,     4981554018.00   
05 FEB 2026,PRANIK,SM,PRANIK LOGISTICS LIMITED ,Listed    ,05 FEB 2026,              10.00,          11010150,             50.20,      552709530.00    
05 FEB 2026,PRATHAM,SM,PRATHAM EPC PROJECTS LTD ,Listed    ,05 FEB 2026,              10.00,          18212489,            129.80,     2363981072.20   
05 FEB 2026,PRAXIS,EQ,PRAXIS HOME RETAIL LTD   ,Listed    ,05 FEB 2026,               5.00,         184910684,              7.55,     1397924771.05    
05 FEB 2026,PRECAM,EQ,PRECISION CAMSHAFTS LTD. ,Listed    ,05 FEB 2026,              10.00,          94985835,            150.85,    14328613209.75    
05 FEB 2026,PRECISION,SM,PRECISION METALIKS LTD   ,Listed    ,05 FEB 2026,              10.00,          22959066,              8.85,      203187734.10 
05 FEB 2026,PRECOT,EQ,PRECOT LIMITED           ,Listed    ,05 FEB 2026,              10.00,          12000000,            473.50,     5682000000.00    
05 FEB 2026,PRECWIRE,EQ,PRECISION WIRES INDIA LTD,Listed    ,05 FEB 2026,               1.00,         182807975,            248.20,    45372939395.00  
05 FEB 2026,PREMEXPLN,EQ,PREMIER EXPLOSIVES LTD   ,Listed    ,05 FEB 2026,               2.00,          53761195,            482.10,    25918272109.50 
05 FEB 2026,PREMIER,BE,PREMIER LIMITED          ,Listed    ,05 FEB 2026,              10.00,          30372570,              3.05,       92636338.50   
05 FEB 2026,PREMIERENE,EQ,PREMIER ENERGIES LIMITED ,Listed    ,05 FEB 2026,               1.00,         452994368,            787.05,   356529217334.40
05 FEB 2026,PREMIERPOL,EQ,PREMIER POLYFILM LTD     ,Listed    ,05 FEB 2026,               1.00,         104742475,             51.45,     5390047763.50
05 FEB 2026,PREMIUM,SM,PREMIUM PLAST LIMITED    ,Listed    ,05 FEB 2026,              10.00,          19097100,             36.20,      691315020.00   
05 FEB 2026,PRESSTONIC,SM,PRESSTONIC ENGINEERING L ,Listed    ,05 FEB 2026,              10.00,          15414960,             44.40,      684424224.00
05 FEB 2026,PRESTIGE,EQ,PRESTIGE ESTATE LTD      ,Listed    ,05 FEB 2026,              10.00,         430730232,           1526.80,   657638918217.60  
05 FEB 2026,PRICOLLTD,EQ,PRICOL LIMITED           ,Listed    ,05 FEB 2026,               1.00,         121881498,            584.75,    71270205955.50 
05 FEB 2026,PRIMECAB,SM,PRIME CABLE INDUSTRIES L ,Listed    ,05 FEB 2026,               5.00,          18324060,             86.00,     1575869160.00  
05 FEB 2026,PRIMESECU,EQ,PRIME SECURITIES LIMITED ,Listed    ,05 FEB 2026,               5.00,          33900325,            284.25,     9636167381.25 
05 FEB 2026,PRIMO,EQ,PRIMO CHEMICALS LIMITED  ,Listed    ,05 FEB 2026,               2.00,         242343220,             21.85,     5300046221.40     
05 FEB 2026,PRINCEPIPE,EQ,PRINCE PIPES FITTINGS LTD,Listed    ,05 FEB 2026,              10.00,         110561079,            262.10,    28978058805.90
05 FEB 2026,PRITI,EQ,PRITI INTERNATIONAL LTD  ,Listed    ,05 FEB 2026,              10.00,          13353328,             52.55,      701583853.10     
05 FEB 2026,PRITIKA,SM,PRITIKA ENG COMPO LTD    ,Listed    ,05 FEB 2026,               5.00,          26365030,             62.55,     1649132626.50   
05 FEB 2026,PRITIKAUTO,EQ,PRITIKA AUTO INDUS LTD   ,Listed    ,05 FEB 2026,               2.00,         166512667,             14.10,     2351158858.05
05 FEB 2026,PRIVISCL,EQ,PRIVI SPECIALITY CHE LTD ,Listed    ,05 FEB 2026,              10.00,          39062706,           2823.20,   110281831579.20  
05 FEB 2026,PRIZOR,SM,PRIZOR VIZTECH LIMITED   ,Listed    ,05 FEB 2026,              10.00,          10691203,            273.65,     2925647700.95    
05 FEB 2026,PRLIND,SM,PREMIER ROADLINES LIMITED,Listed    ,05 FEB 2026,              10.00,          22862547,             63.05,     1441483588.35    
05 FEB 2026,PROFX,SM,PRO FX TECH LIMITED      ,Listed    ,05 FEB 2026,              10.00,          17503686,             64.10,     1121986272.60     
05 FEB 2026,PROLIFE,SM,PROLIFE INDUSTRIES LTD   ,Listed    ,30 JAN 2026,              10.00,           4094080,             60.80,      248920064.00   
05 FEB 2026,PROPEQUITY,SM,P. E. ANALYTICS LIMITED  ,Listed    ,05 FEB 2026,              10.00,          10482104,            199.00,     2085938696.00
05 FEB 2026,PROSTARM,EQ,PROSTARM INFO SYSTEMS LTD,Listed    ,05 FEB 2026,              10.00,          58874592,            162.40,     9562411232.65  
05 FEB 2026,PROTEAN,EQ,PROTEAN EGOV TECHNO LTD  ,Listed    ,05 FEB 2026,              10.00,          40608693,            623.45,    25317489650.85   
05 FEB 2026,PROV,SM,PROVENTUS AGROCOM LIMITED,Listed    ,05 FEB 2026,              10.00,           3446691,           1200.00,     4136029200.00      
05 FEB 2026,PROZONER,BE,PROZONE REALTY LIMITED   ,Listed    ,05 FEB 2026,               2.00,         152602883,             49.15,     7500431699.45  
05 FEB 2026,PRSMJOHNSN,EQ,PRISM JOHNSON LIMITED    ,Listed    ,05 FEB 2026,              10.00,         503356580,            122.40,    61610845392.00
05 FEB 2026,PRUDENT,EQ,PRUDENT CORP ADV SER LTD ,Listed    ,05 FEB 2026,               5.00,          41406680,           2530.50,   104779603740.00   
05 FEB 2026,PRUDMOULI,EQ,PRUDENTIAL SUGAR CORPORAT,Listed    ,05 FEB 2026,              10.00,          32252000,             17.90,      577633320.00 
05 FEB 2026,PSB,EQ,PUNJAB & SIND BANK       ,Listed    ,05 FEB 2026,              10.00,        7095585220,             27.25,   193354697245.00       
05 FEB 2026,PSFL,SM,PARAMOUNT SPECIALI FORG L,Listed    ,05 FEB 2026,              10.00,          19682000,             28.00,      551096000.00      
05 FEB 2026,PSPPROJECT,EQ,PSP PROJECTS LIMITED     ,Listed    ,05 FEB 2026,              10.00,          39641791,            769.60,    30508322353.60
05 FEB 2026,PSRAJ,ST,P S RAJ STEELS LIMITED   ,Listed    ,05 FEB 2026,              10.00,           7538314,            293.45,     2212118243.30     
05 FEB 2026,PTC,EQ,PTC INDIA LIMITED        ,Listed    ,05 FEB 2026,              10.00,         296008321,            180.70,    53488703604.70       
05 FEB 2026,PTCIL,EQ,PTC INDUSTRIES LIMITED   ,Listed    ,05 FEB 2026,              10.00,          14992549,          17467.00,   261874853383.00     
05 FEB 2026,PTL,EQ,PTL ENTERPRISES LTD      ,Listed    ,05 FEB 2026,               1.00,         132377000,             42.55,     5632641350.00       
05 FEB 2026,PULZ,SM,PULZ ELECTRONICS LIMITED ,Listed    ,04 FEB 2026,              10.00,          21808000,             26.70,      582273600.00      
05 FEB 2026,PUNJABCHEM,EQ,PUNJAB CHEM & CROP PROT L,Listed    ,05 FEB 2026,              10.00,          12262185,           1141.80,    14000962833.00
05 FEB 2026,PURPLEUTED,SM,PURPLE UNITED SALES LTD  ,Listed    ,05 FEB 2026,              10.00,           9609800,            385.80,     3707460840.00
05 FEB 2026,PURVA,EQ,PURAVANKARA LIMITED      ,Listed    ,05 FEB 2026,               5.00,         237149686,            238.55,    56569686098.45     
05 FEB 2026,PURVFLEXI,SM,PURV FLEXIPACK LIMITED   ,Listed    ,05 FEB 2026,              10.00,          20982750,             69.00,     1447809750.00 
05 FEB 2026,PUSHPA,SM,PUSHPA JEWELLERS LIMITED ,Listed    ,05 FEB 2026,              10.00,          24222912,             89.00,     2155839168.00    
05 FEB 2026,PVP,EQ,PVP VENTURES LIMITED     ,Listed    ,05 FEB 2026,              10.00,         260403681,             30.25,     7872003276.65       
05 FEB 2026,PVRINOX,EQ,PVR INOX LIMITED         ,Listed    ,05 FEB 2026,              10.00,          98199962,            986.70,    96893902505.40   
05 FEB 2026,PVSL,EQ,POPULAR VEHICLES N SER L ,Listed    ,05 FEB 2026,               2.00,          71198198,            117.75,     8385011778.45      
05 FEB 2026,PWL,EQ,PHYSICSWALLAH LIMITED    ,Listed    ,05 FEB 2026,               1.00,        2859692500,            121.55,   347624220300.00       
05 FEB 2026,PYRAMID,EQ,PYRAMID TECHNOPLAST LTD  ,Listed    ,05 FEB 2026,              10.00,          36784800,            156.30,     5750199936.00   
05 FEB 2026,QFIL,SM,QUALITY FOILS (INDIA) LTD,Listed    ,04 FEB 2026,              10.00,           2854000,             55.65,      158825100.00      
05 FEB 2026,QMSMEDI,SM,QMS MEDICAL ALLIED S LTD ,Listed    ,05 FEB 2026,              10.00,          19337500,             87.35,     1689130625.00   
05 FEB 2026,QPOWER,EQ,QUALITY POWER ELEC EQUP L,Listed    ,05 FEB 2026,              10.00,          77444100,            816.65,    63244724265.00    
05 FEB 2026,QUADFUTURE,EQ,QUADRANT FUTURE TEK LTD  ,Listed    ,05 FEB 2026,              10.00,          40000000,            295.70,    11828000000.00
05 FEB 2026,QUADPRO,SM,QUADPRO ITES LIMITED     ,Listed    ,05 FEB 2026,               2.00,          50550000,              2.10,      106155000.00   
05 FEB 2026,QUESS,EQ,QUESS CORP LIMITED       ,Listed    ,05 FEB 2026,              10.00,         149202689,            219.05,    32682849025.45     
05 FEB 2026,QUESTLAB,SM,QUEST LABORATORIES LTD   ,Listed    ,05 FEB 2026,              10.00,          16387200,             99.95,     1637900640.00  
05 FEB 2026,QUICKHEAL,EQ,QUICK HEAL TECH LTD      ,Listed    ,05 FEB 2026,              10.00,          54199570,            185.00,    10027462445.70 
05 FEB 2026,QUICKTOUCH,SM,QUICKTOUCH TECHNOLOGIES L,Listed    ,05 FEB 2026,              10.00,          12815996,             35.80,      458812656.80
05 FEB 2026,QVCEL,SM,QVC EXPORTS LIMITED      ,Listed    ,05 FEB 2026,              10.00,          10451292,             25.65,      268075639.80     
05 FEB 2026,RACE,EQ,RACE ECO CHAIN LIMITED   ,Listed    ,05 FEB 2026,              10.00,          17257200,            103.70,     1789226496.00      
05 FEB 2026,RACLGEAR,EQ,RACL GEARTECH LIMITED    ,Listed    ,05 FEB 2026,              10.00,          11788080,           1040.60,    12266676048.00  
05 FEB 2026,RADAAN,EQ,RADAAN MEDIAWORKS (I) LTD,Listed    ,05 FEB 2026,               2.00,          54161540,              3.10,      166817543.20    
05 FEB 2026,RADHIKAJWE,EQ,RADHIKA JEWELTECH LIMITED,Listed    ,05 FEB 2026,               2.00,         118000000,             68.65,     8100700000.00
05 FEB 2026,RADIANTCMS,EQ,RADIANT CASH MGMT SER LTD,Listed    ,05 FEB 2026,               1.00,         106707906,             45.95,     4905362438.80
05 FEB 2026,RADICO,EQ,RADICO KHAITAN LTD       ,Listed    ,05 FEB 2026,               2.00,         133893489,           2767.20,   370510062760.80    
05 FEB 2026,RADIOCITY,EQ,MUSIC BROADCAST LIMITED  ,Listed    ,05 FEB 2026,               2.00,         345685625,              6.20,     2150164587.50 
05 FEB 2026,RADIOWALLA,SM,RADIOWALLA NETWORK LTD   ,Listed    ,05 FEB 2026,              10.00,           7048236,             53.00,      373556508.00
05 FEB 2026,RAILTEL,EQ,RAILTEL CORP OF IND LTD  ,Listed    ,05 FEB 2026,              10.00,         320938407,            330.80,   106166425035.60   
05 FEB 2026,RAIN,EQ,RAIN INDUSTRIES LIMITED  ,Listed    ,05 FEB 2026,               2.00,         336345679,            164.30,    55258231602.90      
05 FEB 2026,RAINBOW,EQ,RAINBOW CHILDRENS MED LTD,Listed    ,05 FEB 2026,              10.00,         101559156,           1128.30,   114589195714.80   
05 FEB 2026,RAJESHEXPO,BZ,RAJESH EXPORTS LTD       ,Listed    ,05 FEB 2026,               1.00,         295259959,            180.55,    53306232997.85
05 FEB 2026,RAJINDLTD,SM,RAJPUTANA INDUSTRIES LTD ,Listed    ,05 FEB 2026,              10.00,          22215000,             75.80,     1683897000.00 
05 FEB 2026,RAJMET,EQ,RAJNANDINI METAL LIMITED ,Listed    ,05 FEB 2026,               1.00,         276480000,              4.00,     1108684800.00    
05 FEB 2026,RAJOOENG,EQ,RAJOO ENGINEERS LIMITED  ,Listed    ,05 FEB 2026,               1.00,         178675293,             65.50,    11699658185.65  
05 FEB 2026,RAJPUTANA,SM,RAJPUTANA BIODIESEL LTD  ,Listed    ,05 FEB 2026,              10.00,           7033500,            230.50,     1621221750.00 
05 FEB 2026,RAJRATAN,EQ,RAJRATAN GLOBAL WIRE LTD ,Listed    ,05 FEB 2026,               2.00,          50771000,            460.75,    23392738250.00  
05 FEB 2026,RAJRILTD,BE,RAJ RAYON INDUSTRIES LTD ,Listed    ,05 FEB 2026,               1.00,         556082495,             21.45,    11916847867.85  
05 FEB 2026,RAJSREESUG,EQ,RAJSHREE SUGAR & CHEMICAL,Listed    ,05 FEB 2026,              10.00,          33135606,             29.75,      985452922.45
05 FEB 2026,RAJTV,EQ,RAJ TV NETWORK LTD       ,Listed    ,05 FEB 2026,               5.00,          51913344,             40.80,     2118064435.20     
05 FEB 2026,RALLIS,EQ,RALLIS INDIA LTD         ,Listed    ,05 FEB 2026,               1.00,         194468890,            273.20,    53128900748.00    
05 FEB 2026,RAMANEWS,EQ,SHREE RAMA NEWSPRINT LTD ,Listed    ,05 FEB 2026,              10.00,         147522032,             30.50,     4499421976.00  
05 FEB 2026,RAMAPHO,EQ,RAMA PHOSPHATES LIMITED  ,Listed    ,05 FEB 2026,               5.00,          35386426,            162.15,     5737555111.65   
05 FEB 2026,RAMASTEEL,EQ,RAMA STEEL TUBES LIMITED ,Listed    ,05 FEB 2026,               1.00,        1636040979,              7.80,    12728398816.60 
05 FEB 2026,RAMCOCEM,EQ,THE RAMCO CEMENTS LIMITED,Listed    ,05 FEB 2026,               1.00,         236292380,           1161.40,   274429970132.00  
05 FEB 2026,RAMCOIND,EQ,RAMCO INDUSTRIES LIMITED ,Listed    ,05 FEB 2026,               1.00,          86841560,            320.55,    27837062058.00  
05 FEB 2026,RAMCOSYS,EQ,RAMCO SYSTEMS LTD.       ,Listed    ,05 FEB 2026,              10.00,          37411925,            568.25,    21259326381.25  
05 FEB 2026,RAMKY,EQ,RAMKY INFRA LTD          ,Listed    ,05 FEB 2026,              10.00,          69197791,            465.90,    32239250826.90     
05 FEB 2026,RAMRAT,EQ,RAM RATNA WIRES LIMITED  ,Listed    ,05 FEB 2026,               5.00,          93349072,            296.25,    27654662580.00    
05 FEB 2026,RANASUG,EQ,RANA SUGARS LTD.         ,Listed    ,05 FEB 2026,              10.00,         153567820,             11.00,     1692317376.40   
05 FEB 2026,RANEHOLDIN,EQ,RANE HOLDINGS LIMITED    ,Listed    ,05 FEB 2026,              10.00,          14277809,           1382.00,    19731932038.00
05 FEB 2026,RAPIDFLEET,SM,RAPID FLEET MGT SERVICE L,Listed    ,30 JAN 2026,              10.00,           7434800,            180.00,     1338264000.00
05 FEB 2026,RAPPID,SM,RAPPID VALVES (INDIA) LTD,Listed    ,05 FEB 2026,              10.00,           5191984,            280.00,     1453755520.00    
05 FEB 2026,RATEGAIN,EQ,RATEGAIN TRAVEL TECHN LTD,Listed    ,05 FEB 2026,               1.00,         118102036,            605.40,    71498972594.40  
05 FEB 2026,RATNAMANI,EQ,RATNAMANI MET & TUB LTD. ,Listed    ,05 FEB 2026,               2.00,          70092000,           2032.20,   142440962400.00 
05 FEB 2026,RATNAVEER,EQ,RATNAVEER PRECISION ENG L,Listed    ,05 FEB 2026,              10.00,          65842491,            154.65,    10182541233.15 
05 FEB 2026,RAYMOND,EQ,RAYMOND LTD              ,Listed    ,05 FEB 2026,              10.00,          66573731,            405.40,    26988990547.40   
05 FEB 2026,RAYMONDLSL,EQ,RAYMOND LIFESTYLE LIMITED,Listed    ,05 FEB 2026,               2.00,          60923629,            997.40,    60765227564.60
05 FEB 2026,RAYMONDREL,EQ,RAYMOND REALTY LIMITED   ,Listed    ,05 FEB 2026,              10.00,          66573731,            469.25,    31239723271.75
05 FEB 2026,RBA,EQ,RESTAURANT BRAND ASIA LTD,Listed    ,05 FEB 2026,              10.00,         582450070,             64.30,    37451539501.00       
05 FEB 2026,RBLBANK,EQ,RBL BANK LIMITED         ,Listed    ,05 FEB 2026,              10.00,         616977364,            304.40,   187807909601.60   
05 FEB 2026,RBMINFRA,SM,RBM INFRACON LIMITED     ,Listed    ,05 FEB 2026,              10.00,          10103000,            410.30,     4145260900.00  
05 FEB 2026,RBS,SM,RAMDEVBABA SOLVENT LTD   ,Listed    ,05 FEB 2026,              10.00,          22861350,             87.50,     2000368125.00       
05 FEB 2026,RBZJEWEL,EQ,RBZ JEWELLERS LIMITED    ,Listed    ,05 FEB 2026,              10.00,          40000000,            140.15,     5605600000.00  
05 FEB 2026,RCDL,SM,RAJGOR CASTOR DERIVATI L ,Listed    ,05 FEB 2026,              10.00,          23915852,             23.60,      564414107.20      
05 FEB 2026,RCF,EQ,RASHTRIYA CHEMICALS & FER,Listed    ,05 FEB 2026,              10.00,         551688100,            134.70,    74323420832.00       
05 FEB 2026,RCOM,BE,RELIANCE COMMUNICATIONS L,Listed    ,05 FEB 2026,               5.00,        2765533050,              1.10,     3014431024.50      
05 FEB 2026,READYMIX,SM,READYMIX CONSTRU MACHI L ,Listed    ,05 FEB 2026,              10.00,          10958500,             95.25,     1043797125.00  
05 FEB 2026,RECLTD,EQ,REC LIMITED              ,Listed    ,05 FEB 2026,              10.00,        2633224000,            382.10,  1006154890400.00    
05 FEB 2026,REDINGTON,EQ,REDINGTON LIMITED        ,Listed    ,05 FEB 2026,               2.00,         781774431,            267.25,   208929216684.75 
05 FEB 2026,REDTAPE,EQ,REDTAPE LIMITED          ,Listed    ,05 FEB 2026,               2.00,         552807600,            124.65,    68912995416.00   
05 FEB 2026,REFEX,EQ,REFEX INDUSTRIES LIMITED ,Listed    ,05 FEB 2026,               2.00,         137129532,            232.75,    31914155982.35     
05 FEB 2026,REFRACTORY,SM,REFRACTORY SHAPES LIMITED,Listed    ,05 FEB 2026,              10.00,          21800000,             46.15,     1006070000.00
05 FEB 2026,REGAAL,EQ,REGAAL RESOURCES LIMITED ,Listed    ,05 FEB 2026,               5.00,         102723460,             60.00,     6164434834.60    
05 FEB 2026,REGENCERAM,EQ,REGENCY CERAMICS LTD.    ,Listed    ,05 FEB 2026,              10.00,          26441586,             45.70,     1208116064.35
05 FEB 2026,RELAXO,EQ,RELAXO FOOT LTD.         ,Listed    ,05 FEB 2026,               1.00,         248938586,            372.65,    92766964072.90    
05 FEB 2026,RELCHEMQ,EQ,RELIANCE CHEMOTEX IND LTD,Listed    ,05 FEB 2026,              10.00,           7543563,            127.55,      962106025.00  
05 FEB 2026,RELIABLE,BE,RELIABLE DATA SERVICE LTD,Listed    ,05 FEB 2026,              10.00,          10320000,            163.40,     1686494400.00  
05 FEB 2026,RELIANCE,EQ,RELIANCE INDUSTRIES LTD  ,Listed    ,05 FEB 2026,              10.00,       13532472634,           1443.40, 19532770999915.60  
05 FEB 2026,RELIGARE,EQ,RELIGARE ENTER. LTD.     ,Listed    ,05 FEB 2026,              10.00,         330754663,            253.25,    83763618404.75  
05 FEB 2026,RELINFRA,BE,RELIANCE INFRASTRUCTU LTD,Listed    ,05 FEB 2026,              10.00,         408631194,            126.05,    51499789379.80  
05 FEB 2026,RELTD,EQ,RAVINDRA ENERGY LIMITED  ,Listed    ,05 FEB 2026,              10.00,         178554463,            149.05,    26613542710.15     
05 FEB 2026,REMSONSIND,EQ,REMSONS INDUSTRIES LTD   ,Listed    ,05 FEB 2026,               2.00,          34878785,            111.35,     3883055134.05
05 FEB 2026,REMUS,SM,REMUS PHARMACEUTICALS L  ,Listed    ,05 FEB 2026,              10.00,          11784000,            658.00,     7753872000.00     
05 FEB 2026,RENUKA,EQ,SHREE RENUKA SUGARS LTD  ,Listed    ,05 FEB 2026,               1.00,        2128489773,             24.80,    52786546370.40    
05 FEB 2026,REPCOHOME,EQ,REPCO HOME FINANCE LTD   ,Listed    ,05 FEB 2026,              10.00,          62561362,            405.60,    25374888427.20 
05 FEB 2026,REPL,EQ,RUDRABHISHEK ENTERP LTD  ,Listed    ,05 FEB 2026,              10.00,          18122500,             98.40,     1783254000.00      
05 FEB 2026,REPRO,EQ,REPRO INDIA LIMITED      ,Listed    ,05 FEB 2026,              10.00,          14345338,            421.10,     6040821831.80     
05 FEB 2026,RESPONIND,EQ,RESPONSIVE INDUSTRIES LTD,Listed    ,05 FEB 2026,               1.00,         266608544,            189.10,    50415675670.40 
05 FEB 2026,RETAIL,EQ,JHS SVENDGAARD RETAIL V L,Listed    ,05 FEB 2026,              10.00,           7404600,             24.90,      184522632.00    
05 FEB 2026,REXPIPES,SM,REX PIPES AND CABLES LTD ,Listed    ,05 FEB 2026,              10.00,           9450000,            149.75,     1415137500.00  
05 FEB 2026,REXPRO,SM,REXPRO ENTERPRISES LTD   ,Listed    ,05 FEB 2026,              10.00,          11206460,             47.70,      534548142.00    
05 FEB 2026,RGL,EQ,RENAISSANCE GLOBAL LTD   ,Listed    ,05 FEB 2026,               2.00,         107325471,            118.20,    12683724162.80       
05 FEB 2026,RHETAN,EQ,RHETAN TMT LIMITED       ,Listed    ,05 FEB 2026,               1.00,         796875000,             26.00,    20734687500.00    
05 FEB 2026,RHFL,BZ,RELIANCE HOME FINANCE LTD,Listed    ,05 FEB 2026,              10.00,         484555683,              2.80,     1351910355.55      
05 FEB 2026,RHIM,EQ,RHI MAGNESITA INDIA LTD  ,Listed    ,05 FEB 2026,               1.00,         206501426,            439.70,    90798677012.20      
05 FEB 2026,RHL,EQ,ROBUST HOTELS LIMITED    ,Listed    ,05 FEB 2026,              10.00,          17291696,            184.50,     3190317912.00       
05 FEB 2026,RICHA,ST,RICHA INFO SYSTEMS LTD   ,Listed    ,05 FEB 2026,              10.00,          13502220,             69.25,      935028735.00     
05 FEB 2026,RICOAUTO,EQ,RICO AUTO INDUSTRIES LTD ,Listed    ,05 FEB 2026,               1.00,         135285000,            127.90,    17305657200.00  
05 FEB 2026,RIIL,EQ,RELIANCE INDUSTRIAL INFRA,Listed    ,05 FEB 2026,              10.00,          15100000,            731.75,    11049425000.00      
05 FEB 2026,RILINFRA,SM,RACHANA INFRA LTD        ,Listed    ,05 FEB 2026,              10.00,          18605000,             34.70,      645593500.00  
05 FEB 2026,RISHABH,EQ,RISHABH INSTRUMENTS LTD  ,Listed    ,05 FEB 2026,              10.00,          38469424,            423.30,    16284107179.20   
05 FEB 2026,RITCO,EQ,RITCO LOGISTICS LIMITED  ,Listed    ,05 FEB 2026,              10.00,          28622757,            239.35,     6851143115.50     
05 FEB 2026,RITES,EQ,RITES LIMITED            ,Listed    ,05 FEB 2026,              10.00,         480603774,            222.55,   106948757828.20     
05 FEB 2026,RITEZONE,SM,RITE ZONE CHEMCON IND LTD,Listed    ,05 FEB 2026,              10.00,           4230270,             20.25,       85662967.50  
05 FEB 2026,RKDL,EQ,RAVI KUMAR DIST. LTD.    ,Listed    ,05 FEB 2026,              10.00,          24000000,             20.15,      484080000.00      
05 FEB 2026,RKEC,EQ,RKEC PROJECTS LIMITED    ,Listed    ,05 FEB 2026,              10.00,          25820600,             43.30,     1118548392.00      
05 FEB 2026,RKFORGE,EQ,RAMKRISHNA FORGINGS LTD  ,Listed    ,05 FEB 2026,               2.00,         181030604,            562.55,   101838766280.20   
05 FEB 2026,RKSWAMY,EQ,R K SWAMY LIMITED        ,Listed    ,05 FEB 2026,               5.00,          50477241,            110.80,     5593887847.60   
05 FEB 2026,RMDRIP,EQ,R M DRIP & SPRINK SYS LTD,Listed    ,05 FEB 2026,               1.00,         249800000,            110.30,    27550442000.00    
05 FEB 2026,RML,EQ,RANE (MADRAS) LIMITED    ,Listed    ,05 FEB 2026,              10.00,          27637137,            839.40,    23198612797.80       
05 FEB 2026,RNBDENIMS,EQ,R&B DENIMS LIMITED       ,Listed    ,05 FEB 2026,               2.00,          89973440,            166.30,    14961683337.60 
05 FEB 2026,RNFI,SM,RNFI SERVICES LIMITED    ,Listed    ,05 FEB 2026,              10.00,          25060651,            301.00,     7543255951.00      
05 FEB 2026,RNPL,ST,RENOL POLYCHEM LIMITED   ,Listed    ,05 FEB 2026,              10.00,           7944000,            145.15,     1153071600.00      
05 FEB 2026,ROADSTAR,IV,ROADSTAR INFRA INVT TRUST,Listed    ,Not Traded ,             100.00,         455477143,            100.00,    45547714300.00  
05 FEB 2026,ROCKINGDCE,ST,ROCKINGDEALS CIRCU ECO L ,Listed    ,05 FEB 2026,              10.00,           5659000,            224.00,     1267616000.00
05 FEB 2026,ROCKPP,X1,ROCKINGDCE RS.5 PPD UP   ,Listed    ,27 JAN 2026,              10.00,           2640000,             73.70,      194568000.00    
05 FEB 2026,ROHLTD,EQ,ROYAL ORCHID HOTELS LTD  ,Listed    ,05 FEB 2026,              10.00,          27425215,            371.10,    10177497286.50    
05 FEB 2026,ROLEXRINGS,EQ,ROLEX RINGS LIMITED      ,Listed    ,05 FEB 2026,               1.00,         272333120,            125.80,    34254059833.60
05 FEB 2026,ROLLT,BE,ROLLATAINERS LIMITED     ,Listed    ,05 FEB 2026,               1.00,         250130000,              1.25,      312662500.00     
05 FEB 2026,ROML,EQ,RAJ OIL MILLS LIMITED    ,Listed    ,05 FEB 2026,              10.00,          14988684,             44.55,      667745872.20      
05 FEB 2026,ROSSARI,EQ,ROSSARI BIOTECH LIMITED  ,Listed    ,05 FEB 2026,               2.00,          55381366,            527.90,    29235823111.40   
05 FEB 2026,ROSSELLIND,EQ,ROSSELL INDIA LIMITED    ,Listed    ,05 FEB 2026,               2.00,          62428270,             43.40,     2708762635.30
05 FEB 2026,ROSSTECH,EQ,ROSSELL TECHSYS LIMITED  ,Listed    ,05 FEB 2026,               2.00,          37696475,            733.90,    27665443002.50  
05 FEB 2026,ROTO,EQ,ROTO PUMPS LIMITED       ,Listed    ,05 FEB 2026,               1.00,         188445660,             58.20,    10969421868.60      
05 FEB 2026,ROUTE,EQ,ROUTE MOBILE LIMITED     ,Listed    ,05 FEB 2026,              10.00,          62997582,            580.20,    36551197076.40     
05 FEB 2026,ROXHITECH,SM,ROX HI TECH LIMITED      ,Listed    ,05 FEB 2026,              10.00,          22836350,             34.25,      782144987.50 
05 FEB 2026,ROYALARC,SM,ROYAL ARC ELECTRODES LTD ,Listed    ,28 JAN 2026,              10.00,          11100200,            164.00,     1820432800.00  
05 FEB 2026,RPEL,EQ,RAGHAV PRODUCTIVITY ENH L,Listed    ,05 FEB 2026,              10.00,          45911960,            755.25,    34675007790.00      
05 FEB 2026,RPGLIFE,EQ,RPG LIFE SCIENCES LTD    ,Listed    ,05 FEB 2026,               8.00,          16539015,           2001.20,    33097876818.00   
05 FEB 2026,RPOWER,EQ,RELIANCE POWER LTD.      ,Listed    ,05 FEB 2026,              10.00,        4135770966,             28.10,   116297879563.90    
05 FEB 2026,RPPINFRA,EQ,R.P.P INFRA PROJECTS LTD ,Listed    ,05 FEB 2026,              10.00,          49585918,             87.70,     4349676726.95  
05 FEB 2026,RPPL,EQ,RAJSHREE POLYPACK LTD    ,Listed    ,05 FEB 2026,               5.00,          74244000,             18.65,     1385393040.00      
05 FEB 2026,RPSGVENT,EQ,RPSG VENTURES LIMITED    ,Listed    ,05 FEB 2026,              10.00,          33086409,            706.75,    23383819560.75  
05 FEB 2026,RPTECH,EQ,RASHI PERIPHERALS LIMITED,Listed    ,05 FEB 2026,               5.00,          65899665,            383.00,    25239571695.00    
05 FEB 2026,RRKABEL,EQ,R R KABEL LIMITED        ,Listed    ,05 FEB 2026,               5.00,         113089201,           1474.10,   166704791194.10   
05 FEB 2026,RSSOFTWARE,EQ,R. S. SOFTWARE (INDIA) LI,Listed    ,05 FEB 2026,               5.00,          25831211,             38.95,     1006125668.45
05 FEB 2026,RSWM,EQ,RSWM LIMITED             ,Listed    ,05 FEB 2026,              10.00,          47101684,            160.45,     7556523164.10      
05 FEB 2026,RSYSTEMS,EQ,R SYS INTERNATIONAL LTD  ,Listed    ,05 FEB 2026,               1.00,         118398927,            357.45,    42321696456.15  
05 FEB 2026,RTL,SM,RAMA TELECOM LIMITED     ,Listed    ,05 FEB 2026,              10.00,          13199349,             65.15,      859937587.35       
05 FEB 2026,RTNINDIA,EQ,RATTANINDIA ENT LIMITED  ,Listed    ,05 FEB 2026,               2.00,        1382269592,             36.85,    50950457161.10  
05 FEB 2026,RTNPOWER,EQ,RATTANINDIA POWER LIMITED,Listed    ,05 FEB 2026,              10.00,        5370105860,              9.10,    48867963326.00  
05 FEB 2026,RUBFILA,EQ,RUBFILA INTERNATIONAL LTD,Listed    ,05 FEB 2026,               5.00,          54267529,             72.35,     3925713047.85   
05 FEB 2026,RUBICON,EQ,RUBICON RESEARCH LIMITED ,Listed    ,05 FEB 2026,               1.00,         164750309,            790.20,   130185694171.80   
05 FEB 2026,RUBYMILLS,EQ,THE RUBY MILLS LTD       ,Listed    ,05 FEB 2026,               5.00,          33440000,            207.65,     6943481600.00 
05 FEB 2026,RUCHINFRA,EQ,RUCHI INFRASTRUCTURE LTD ,Listed    ,05 FEB 2026,               1.00,         236024942,              6.05,     1427950899.10 
05 FEB 2026,RUCHIRA,EQ,RUCHIRA PAPERS LIMITED   ,Listed    ,05 FEB 2026,              10.00,          29844984,            123.30,     3679588077.35   
05 FEB 2026,RUDRA,EQ,RUDRA GLOBAL INFRA PROD L,Listed    ,05 FEB 2026,               5.00,         100343828,             18.85,     1892484596.10     
05 FEB 2026,RULKA,SM,RULKA ELECTRICALS LIMITED,Listed    ,05 FEB 2026,              10.00,           4258400,            102.50,      436486000.00     
05 FEB 2026,RUPA,EQ,RUPA & COMPANY LTD       ,Listed    ,05 FEB 2026,               1.00,          79524560,            150.70,    11983555946.40      
05 FEB 2026,RUSHIL,EQ,RUSHIL DECOR LIMITED     ,Listed    ,05 FEB 2026,               1.00,         293416820,             20.10,     5894743913.80    
05 FEB 2026,RUSTOMJEE,EQ,KEYSTONE REALTORS LIMITED,Listed    ,05 FEB 2026,              10.00,         126222385,            469.70,    59286654234.50 
05 FEB 2026,RVHL,EQ,RAVINDER HEIGHTS LIMITED ,Listed    ,05 FEB 2026,               1.00,          61325746,             46.30,     2838155524.90      
05 FEB 2026,RVNL,EQ,RAIL VIKAS NIGAM LIMITED ,Listed    ,05 FEB 2026,              10.00,        2085020100,            316.60,   660117363660.00      
05 FEB 2026,RVTH,EQ,REVATHI EQUIPMENT INDIA L,Listed    ,05 FEB 2026,              10.00,           3066943,            622.50,     1909172017.50      
05 FEB 2026,S&SPOWER,EQ,S&S POWER SWITCHGEARS LTD,Listed    ,05 FEB 2026,              10.00,          12341550,            257.65,     3179800357.50  
05 FEB 2026,SAAKSHI,SM,SAAKSHI MEDTEC N PANELS L,Listed    ,05 FEB 2026,              10.00,          17656000,            195.15,     3445568400.00   
05 FEB 2026,SAATVIKGL,EQ,SAATVIK GREEN ENERGY LTD ,Listed    ,05 FEB 2026,               2.00,         127105004,            430.75,    54750480473.00 
05 FEB 2026,SABAR,ST,SABAR FLEX INDIA LIMITED ,Listed    ,03 FEB 2026,              10.00,          17250207,              5.50,       94876138.50     
05 FEB 2026,SABEVENTS,BE,SAB EVENTS & GOVERNANCE  ,Listed    ,05 FEB 2026,              10.00,          10483711,             14.50,      152118646.60 
05 FEB 2026,SABTNL,BE,SRI ADHIKARI BRO TELE N L,Listed    ,05 FEB 2026,              10.00,          25373056,           1890.80,    47975374284.80    
05 FEB 2026,SACHEEROME,ST,SACHEEROME LIMITED       ,Listed    ,05 FEB 2026,              10.00,          22372800,            370.00,     8277936000.00
05 FEB 2026,SADBHAV,BE,SADBHAV ENGINEERING LTD  ,Listed    ,05 FEB 2026,               1.00,         171570800,              6.35,     1091190288.00   
05 FEB 2026,SADBHIN,EQ,SADBHAV INFRA PROJ LTD.  ,Listed    ,05 FEB 2026,              10.00,         352225216,              3.50,     1232788256.00   
05 FEB 2026,SADHAV,SM,SADHAV SHIPPING LIMITED  ,Listed    ,05 FEB 2026,              10.00,          14352618,            101.90,     1462531774.20    
05 FEB 2026,SADHNANIQ,EQ,SADHANA NITROCHEM LIMITED,Listed    ,05 FEB 2026,               1.00,         329411057,              5.90,     1946819346.85 
05 FEB 2026,SAFARI,EQ,SAFARI IND (INDIA) LTD   ,Listed    ,05 FEB 2026,               2.00,          48992279,           2106.00,   103177739574.00    
05 FEB 2026,SAFEENTP,SM,SAFE ENTER RETAIL FIX LTD,Listed    ,05 FEB 2026,               5.00,          46604478,            225.00,    10486007550.00  
05 FEB 2026,SAGARDEEP,EQ,SAGARDEEP ALLOYS LIMITED ,Listed    ,05 FEB 2026,              10.00,          17057400,             24.85,      424046964.00 
05 FEB 2026,SAGCEM,EQ,SAGAR CEMENTS LIMITED    ,Listed    ,05 FEB 2026,               2.00,         130707548,            189.85,    24814827987.80    
05 FEB 2026,SAGILITY,EQ,SAGILITY LIMITED         ,Listed    ,05 FEB 2026,              10.00,        4681328413,             47.55,   222690792606.40  
05 FEB 2026,SAHAJSOLAR,SM,SAHAJ SOLAR LIMITED      ,Listed    ,05 FEB 2026,              10.00,          21972020,            142.75,     3136505855.00
05 FEB 2026,SAHANA,SM,SAHANA SYSTEM LIMITED    ,Listed    ,05 FEB 2026,              10.00,           8837104,            889.55,     7861045863.20    
05 FEB 2026,SAHASRA,SM,SAHASRA ELECTRONIC SOLU L,Listed    ,05 FEB 2026,              10.00,          24992763,            290.75,     7266645842.25   
05 FEB 2026,SAHYADRI,EQ,SAHYADRI INDUSTRIES LTD  ,Listed    ,05 FEB 2026,              10.00,          10946300,            257.55,     2819219565.00  
05 FEB 2026,SAIFL,SM,SAMEERA AGRO AND INFRA L ,Listed    ,05 FEB 2026,              10.00,          26949800,             11.45,      308575210.00     
05 FEB 2026,SAIL,EQ,STEEL AUTHORITY OF INDIA ,Listed    ,05 FEB 2026,              10.00,        4130525289,            158.50,   654688258306.50      
05 FEB 2026,SAILIFE,EQ,SAI LIFE SCIENCES LIMITED,Listed    ,05 FEB 2026,               1.00,         210342083,            810.85,   170555878000.55   
05 FEB 2026,SAJHOTELS,SM,SAJ HOTELS LIMITED       ,Listed    ,05 FEB 2026,              10.00,          16125000,             47.50,      765937500.00 
05 FEB 2026,SAKAR,EQ,SAKAR HEALTHCARE LIMITED ,Listed    ,05 FEB 2026,              10.00,          22249910,            434.75,     9673148372.50     
05 FEB 2026,SAKHTISUG,EQ,SAKTHI SUGARS LTD        ,Listed    ,05 FEB 2026,              10.00,         118849036,             17.35,     2060842284.25 
05 FEB 2026,SAKSOFT,EQ,SAKSOFT LIMITED          ,Listed    ,05 FEB 2026,               1.00,         132551250,            166.45,    22064481075.00   
05 FEB 2026,SAKUMA,EQ,SAKUMA EXPORTS LIMITED   ,Listed    ,05 FEB 2026,               1.00,        1567718640,              1.95,     3057051348.00    
05 FEB 2026,SALASAR,EQ,SALASAR TECHNO ENGG. LTD.,Listed    ,05 FEB 2026,               1.00,        1747950290,              8.45,    14752700447.60   
05 FEB 2026,SALONA,EQ,SALONA COTSPIN LTD.      ,Listed    ,05 FEB 2026,              10.00,           5262400,            258.55,     1360646144.00    
05 FEB 2026,SALSTEEL,BE,S.A.L. STEEL LTD.        ,Listed    ,05 FEB 2026,              10.00,          84966700,             43.35,     3681607111.00  
05 FEB 2026,SALZERELEC,EQ,SALZER ELECTRONICS LTD   ,Listed    ,05 FEB 2026,              10.00,          17682737,            620.15,    10965949350.55
05 FEB 2026,SAMAY,SM,SAMAY PROJECT SERVICES L ,Listed    ,05 FEB 2026,              10.00,          15349320,             47.05,      722185506.00     
05 FEB 2026,SAMBHAAV,BE,SAMBHAAV MEDIA LTD       ,Listed    ,05 FEB 2026,               1.00,         191110840,              7.80,     1490664552.00  
05 FEB 2026,SAMBHV,EQ,SAMBHV STEEL TUBES LTD   ,Listed    ,05 FEB 2026,              10.00,         294671429,             91.85,    27065570753.65    
05 FEB 2026,SAMHI,EQ,SAMHI HOTELS LIMITED     ,Listed    ,05 FEB 2026,               1.00,         221206154,            168.25,    37222359533.60     
05 FEB 2026,SAMMAANCAP,EQ,SAMMAAN CAPITAL LIMITED  ,Listed    ,05 FEB 2026,               2.00,         828362949,            145.75,   120750467075.75
05 FEB 2026,SAMPANN,EQ,SAMPANN UTPADAN INDIA LTD,Listed    ,05 FEB 2026,              10.00,          40610000,             33.95,     1378709500.00   
05 FEB 2026,SANATHAN,EQ,SANATHAN TEXTILES LIMITED,Listed    ,05 FEB 2026,              10.00,          84404059,            439.90,    37129345554.10  
05 FEB 2026,SANCO,BZ,SANCO INDUSTRIES LIMITED ,Listed    ,05 FEB 2026,              10.00,          13082000,              2.70,       35583040.00     
05 FEB 2026,SANDESH,EQ,SANDESH LTD              ,Listed    ,05 FEB 2026,              10.00,           7569421,           1029.90,     7795746687.90   
05 FEB 2026,SANDHAR,EQ,SANDHAR TECHNOLOGIES LTD ,Listed    ,05 FEB 2026,              10.00,          60190708,            541.55,    32596277917.40   
05 FEB 2026,SANDUMA,EQ,SANDUR MANG & IRON ORES L,Listed    ,05 FEB 2026,              10.00,         486104814,            212.95,   103511159093.15   
05 FEB 2026,SANGAMIND,EQ,SANGAM (INDIA) LTD       ,Listed    ,05 FEB 2026,              10.00,          50246559,            479.35,    24085688056.65 
05 FEB 2026,SANGANI,SM,SANGANI HOSPITALS LIMITED,Listed    ,05 FEB 2026,              10.00,          13776990,             50.50,      695737995.00   
05 FEB 2026,SANGHIIND,EQ,SANGHI INDUSTRIES LTD    ,Listed    ,05 FEB 2026,              10.00,         258326000,             63.05,    16284871040.00 
05 FEB 2026,SANGHVIMOV,EQ,SANGHVI MOVERS LTD       ,Listed    ,05 FEB 2026,               1.00,          86576000,            327.45,    28349311200.00
05 FEB 2026,SANGINITA,EQ,SANGINITA CHEMICALS LTD  ,Listed    ,05 FEB 2026,              10.00,          25901550,             11.40,      295277670.00 
05 FEB 2026,SANOFI,EQ,SANOFI INDIA LIMITED     ,Listed    ,05 FEB 2026,              10.00,          23030622,           4009.00,    92329763598.00    
05 FEB 2026,SANOFICONR,EQ,SANOFI CONS HEALTHC IND L,Listed    ,05 FEB 2026,              10.00,          23030622,           4331.80,    99764048379.60
05 FEB 2026,SANSERA,EQ,SANSERA ENGINEERING LTD  ,Listed    ,05 FEB 2026,               2.00,          62224268,           1895.60,   117952322420.80   
05 FEB 2026,SANSTAR,EQ,SANSTAR LIMITED          ,Listed    ,05 FEB 2026,               2.00,         182244250,             89.45,    16303570605.00   
05 FEB 2026,SANWARIA,BZ,SANWARIA CONSUMER LIMITED,Listed    ,05 FEB 2026,               1.00,         736100000,              0.30,      228191000.00  
05 FEB 2026,SAPPHIRE,EQ,SAPPHIRE FOODS INDIA LTD ,Listed    ,05 FEB 2026,               2.00,         321382905,            217.45,    69891140350.35  
05 FEB 2026,SARDAEN,EQ,SARDA ENERGY & MIN LTD   ,Listed    ,05 FEB 2026,               1.00,         352381270,            529.45,   186568263401.50   
05 FEB 2026,SAREGAMA,EQ,SAREGAMA INDIA LIMITED   ,Listed    ,05 FEB 2026,               1.00,         192809490,            333.50,    64301964915.00  
05 FEB 2026,SARLAPOLY,EQ,SARLA PERF. FIBERS LTD   ,Listed    ,05 FEB 2026,               1.00,          83503000,             80.80,     6746207370.00 
05 FEB 2026,SAROJA,SM,SAROJA PHARMA INDUS IND L,Listed    ,04 FEB 2026,              10.00,           4020486,             36.05,      144938520.30    
05 FEB 2026,SARTELE,SM,SAR TELEVENTURE LIMITED  ,Listed    ,05 FEB 2026,               2.00,          47107500,            203.45,     9584020875.00   
05 FEB 2026,SARVESHWAR,EQ,SARVESHWAR FOODS LIMITED ,Listed    ,05 FEB 2026,               1.00,        1228726469,              4.10,     5013203993.50
05 FEB 2026,SASKEN,EQ,SASKEN TECHNOLOGIES LTD  ,Listed    ,05 FEB 2026,              10.00,          15142801,           1252.80,    18970901092.80    
05 FEB 2026,SASTASUNDR,EQ,SASTASUNDAR VENTURES LTD ,Listed    ,05 FEB 2026,              10.00,          31810500,            299.70,     9533606850.00
05 FEB 2026,SATECH,ST,S A TECH SOFTWARE INDIA L,Listed    ,05 FEB 2026,              10.00,          13057281,             49.60,      647641137.60    
05 FEB 2026,SATIA,EQ,SATIA INDUSTRIES LIMITED ,Listed    ,05 FEB 2026,               1.00,         100000000,             62.20,     6222000000.00     
05 FEB 2026,SATIN,EQ,SATIN CREDIT NET LTD     ,Listed    ,05 FEB 2026,              10.00,         110470965,            159.25,    17592501176.25     
05 FEB 2026,SATIPOLY,SM,SATI POLY PLAST LIMITED  ,Listed    ,05 FEB 2026,              10.00,           4947000,             43.85,      216925950.00  
05 FEB 2026,SATKARTAR,SM,SAT KARTAR SHOPPING LTD  ,Listed    ,05 FEB 2026,              10.00,          15744876,            144.50,     2275134582.00 
05 FEB 2026,SATTVAENGG,SM,SATTVA ENGINEERING CSTN L,Listed    ,05 FEB 2026,              10.00,          17468616,             52.45,      916228909.20
05 FEB 2026,SAURASHCEM,EQ,SAURASHTRA CEMENT LIMITED,Listed    ,05 FEB 2026,              10.00,         111253157,             74.65,     8305048170.05
05 FEB 2026,SAVY,SM,SAVY INFRA AND LOGI LTD  ,Listed    ,05 FEB 2026,              10.00,          20808480,            145.90,     3035957232.00      
05 FEB 2026,SAWALIYA,SM,SAWALIYA FOOD PRODUCTS L ,Listed    ,05 FEB 2026,              10.00,           9918220,            313.55,     3109857881.00  
05 FEB 2026,SBC,EQ,SBC EXPORTS LIMITED      ,Listed    ,05 FEB 2026,               1.00,         476190000,             30.30,    14433318900.00       
05 FEB 2026,SBCL,EQ,SHIVALIK BIMETAL CON. LTD,Listed    ,05 FEB 2026,               2.00,          57604200,            453.60,    26129265120.00      
05 FEB 2026,SBFC,EQ,SBFC FINANCE LIMITED     ,Listed    ,05 FEB 2026,              10.00,        1096472425,             91.00,    99800920123.50      
05 FEB 2026,SBGLP,EQ,SURATWWALA BUS GROUP LTD ,Listed    ,05 FEB 2026,               1.00,         173416440,             31.55,     5469554517.60     
05 FEB 2026,SBICARD,EQ,SBI CARDS & PAY SER LTD  ,Listed    ,05 FEB 2026,              10.00,         951547504,            749.70,   713375163748.80   
05 FEB 2026,SBILIFE,EQ,SBI LIFE INSURANCE CO LTD,Listed    ,05 FEB 2026,              10.00,        1002829838,           2017.80,  2023510047116.40   
05 FEB 2026,SBIN,EQ,STATE BANK OF INDIA      ,Listed    ,05 FEB 2026,               1.00,        9230617586,           1073.50,  9909067978571.00      
05 FEB 2026,SCHAEFFLER,EQ,SCHAEFFLER INDIA LIMITED ,Listed    ,05 FEB 2026,               2.00,         156303670,           3814.20,   596173458114.00
05 FEB 2026,SCHAND,EQ,S CHAND AND COMPANY LTD  ,Listed    ,05 FEB 2026,               5.00,          35272192,            163.55,     5768414279.70    
05 FEB 2026,SCHNEIDER,EQ,SCHNEIDER ELECTRIC INFRA ,Listed    ,05 FEB 2026,               2.00,         239104035,            732.35,   175107840032.25 
05 FEB 2026,SCI,EQ,SHIPPING CORP OF INDIA LT,Listed    ,05 FEB 2026,              10.00,         465799010,            223.25,   103980313002.30       
05 FEB 2026,SCILAL,EQ,SHIPPING CORP OF ILA LTD ,Listed    ,05 FEB 2026,              10.00,         465799010,             45.25,    21068089222.30    
05 FEB 2026,SCML,SM,SHARP CHUCKS N MACHINES L,Listed    ,05 FEB 2026,              10.00,          11509792,            133.00,     1530802336.00      
05 FEB 2026,SCODATUBES,EQ,SCODA TUBES LIMITED      ,Listed    ,05 FEB 2026,              10.00,          59908900,            142.05,     8511257423.00
05 FEB 2026,SCPL,EQ,SHEETAL COOL PRODUCTS LTD,Listed    ,05 FEB 2026,              10.00,          10500000,            334.15,     3508575000.00      
05 FEB 2026,SDBL,EQ,SOM DIST & BREW LTD      ,Listed    ,05 FEB 2026,               2.00,         194988432,             89.00,    17350070679.35      
05 FEB 2026,SDREAMS,SM,S D RETAIL LIMITED       ,Listed    ,05 FEB 2026,              10.00,          18722386,             93.50,     1750543091.00   
05 FEB 2026,SEAMECLTD,EQ,SEAMEC LIMITED           ,Listed    ,05 FEB 2026,              10.00,          25425000,           1256.20,    31938885000.00 
05 FEB 2026,SECMARK,EQ,SECMARK CONSULTANCY LTD  ,Listed    ,05 FEB 2026,              10.00,          10447000,            103.60,     1082309200.00   
05 FEB 2026,SECURKLOUD,BE,SECUREKLOUD TECH LIMITED ,Listed    ,05 FEB 2026,               5.00,          33410605,             22.40,      749065764.10
05 FEB 2026,SEITINVIT,IV,SUSTAINABLE ENERGY INFRA ,Listed    ,30 JAN 2026,             100.00,         324000000,            125.00,    40500000000.00 
05 FEB 2026,SEJALLTD,EQ,SEJAL GLASS LIMITED      ,Listed    ,05 FEB 2026,              10.00,          10100000,            663.35,     6699835000.00  
05 FEB 2026,SEL,SM,SUNGARNER ENERGIES LTD   ,Listed    ,05 FEB 2026,              10.00,           2318750,            200.00,      463750000.00       
05 FEB 2026,SELLOWRAP,SM,SELLOWRAP INDUSTRIES LTD ,Listed    ,05 FEB 2026,              10.00,          13744220,             73.00,     1003328060.00 
05 FEB 2026,SELMC,BE,SEL MANUFACTURING CO LTD ,Listed    ,05 FEB 2026,              10.00,          33134700,             29.65,      982775202.00     
05 FEB 2026,SEMAC,EQ,SEMAC CONSTRUCTION LTD   ,Listed    ,05 FEB 2026,              10.00,           3117308,            269.85,      841205563.80     
05 FEB 2026,SENCO,EQ,SENCO GOLD LIMITED       ,Listed    ,05 FEB 2026,               5.00,         163718332,            313.10,    51260209749.20     
05 FEB 2026,SENORES,EQ,SENORES PHARMACEUTICALS L,Listed    ,05 FEB 2026,              10.00,          46053588,            823.40,    37920524359.20   
05 FEB 2026,SEPC,EQ,SEPC LIMITED             ,Listed    ,05 FEB 2026,              10.00,        1887049362,              8.45,    15964437602.50      
05 FEB 2026,SERVICE,SM,SERVICE CARE LIMITED     ,Listed    ,05 FEB 2026,              10.00,          13328500,             49.95,      665758575.00   
05 FEB 2026,SERVOTECH,EQ,SERVOTECH REN POW SYS LTD,Listed    ,05 FEB 2026,               1.00,         225845348,             85.65,    19345912509.70 
05 FEB 2026,SESHAPAPER,EQ,SESHASAYEE PAPER & BOARDS,Listed    ,05 FEB 2026,               2.00,          63068140,            235.20,    14832995846.60
05 FEB 2026,SETCO,EQ,SETCO AUTOMOTIVE LTD     ,Listed    ,05 FEB 2026,               2.00,         133767275,             16.40,     2191107964.50     
05 FEB 2026,SETL,EQ,STANDARD ENGNG TCNLGY LTD,Listed    ,05 FEB 2026,              10.00,         199491662,            119.55,    23851223108.70      
05 FEB 2026,SETUINFRA,BZ,SETUBANDHAN INFRA LTD    ,Listed    ,05 FEB 2026,               1.00,         125678260,              0.40,       51528086.60 
05 FEB 2026,SEYAIND,BE,SEYA INDUSTRIES LIMITED  ,Listed    ,05 FEB 2026,              10.00,          26570540,             16.30,      432568391.20   
05 FEB 2026,SFL,EQ,SHEELA FOAM LIMITED      ,Listed    ,05 FEB 2026,               5.00,         108710778,            610.55,    66373365507.90       
05 FEB 2026,SFML,SM,SUPREME FACILITY MGMT LTD,Listed    ,05 FEB 2026,              10.00,          24829200,             27.10,      672871320.00      
05 FEB 2026,SGFIN,EQ,SG FINSERVE LIMITED      ,Listed    ,05 FEB 2026,              10.00,          55895000,            348.60,    19484997000.00     
05 FEB 2026,SGIL,EQ,SYNERGY GREEN IND. LTD   ,Listed    ,05 FEB 2026,              10.00,          15543000,            547.15,     8504352450.00      
05 FEB 2026,SGL,EQ,STL GLOBAL LIMITED       ,Listed    ,05 FEB 2026,              10.00,          26990914,             12.25,      330638696.50       
05 FEB 2026,SGMART,EQ,SG MART LIMITED          ,Listed    ,05 FEB 2026,               1.00,         126000000,            366.80,    46216800000.00    
05 FEB 2026,SHADOWFAX,EQ,SHADOWFAX TECHNOLOGIES L ,Listed    ,05 FEB 2026,              10.00,         578133245,            114.15,    65999691249.20 
05 FEB 2026,SHAH,EQ,SHAH METACORP LIMITED    ,Listed    ,05 FEB 2026,               1.00,         885210866,              4.75,     4213603722.15      
05 FEB 2026,SHAHALLOYS,EQ,SHAH ALLOYS LIMITED      ,Listed    ,05 FEB 2026,              10.00,          19797540,             67.50,     1336729900.80
05 FEB 2026,SHAILY,EQ,SHAILY ENG PLASTICS LTD  ,Listed    ,05 FEB 2026,               2.00,          45955093,           2037.30,    93624310968.90    
05 FEB 2026,SHAIVAL,ST,SHAIVAL REALITY LIMITED  ,Listed    ,23 APR 2024,              10.00,          11574000,             30.50,      353007000.00   
05 FEB 2026,SHAKTIPUMP,EQ,SHAKTI PUMPS (I) LTD     ,Listed    ,05 FEB 2026,              10.00,         123397965,            621.50,    76691835247.50
05 FEB 2026,SHALBY,EQ,SHALBY LIMITED           ,Listed    ,05 FEB 2026,              10.00,         108009770,            171.45,    18520435261.90    
05 FEB 2026,SHALPAINTS,EQ,SHALIM PAINTS LTD        ,Listed    ,05 FEB 2026,               2.00,          83711178,             61.15,     5118101422.90
05 FEB 2026,SHANKARA,EQ,SHANKARA BLDG PRODUCT LTD,Listed    ,05 FEB 2026,              10.00,          24249326,            104.35,     2530659661.35  
05 FEB 2026,SHANTHALA,ST,SHANTHALA FMCG PRODUCTS L,Listed    ,05 FEB 2026,              10.00,           6698064,             29.50,      197592888.00 
05 FEB 2026,SHANTI,EQ,SHANTI OVERSEAS INDIA LTD,Listed    ,05 FEB 2026,              10.00,          11106000,              7.15,       79407900.00    
05 FEB 2026,SHANTIGEAR,EQ,SHANTHI GEARS LTD        ,Listed    ,05 FEB 2026,               1.00,          76715853,            453.25,    34771460372.25
05 FEB 2026,SHANTIGOLD,EQ,SHANTI GOLD INTERNATION L,Listed    ,05 FEB 2026,              10.00,          72096000,            202.00,    14561950080.00
05 FEB 2026,SHARDACROP,EQ,SHARDA CROPCHEM LTD.     ,Listed    ,05 FEB 2026,              10.00,          90220495,           1162.70,   104899369536.50
05 FEB 2026,SHARDAMOTR,EQ,SHARDA MOTOR INDS LTD    ,Listed    ,05 FEB 2026,               2.00,          57407706,            899.10,    51615268464.60
05 FEB 2026,SHAREINDIA,EQ,SHARE IND. SECURITIES LTD,Listed    ,05 FEB 2026,               2.00,         217492050,            150.25,    32673830671.50
05 FEB 2026,SHEEL,SM,SHEEL BIOTECH LIMITED    ,Listed    ,05 FEB 2026,              10.00,          20352550,             67.95,     1382955772.50     
05 FEB 2026,SHEETAL,ST,SHEETAL UNIVERSAL LIMITED,Listed    ,05 FEB 2026,              10.00,          11455999,            211.50,     2422943788.50   
05 FEB 2026,SHEKHAWATI,EQ,SHEKHAWATI INDUSTRIES LTD,Listed    ,05 FEB 2026,              10.00,          34470000,             14.80,      510500700.00
05 FEB 2026,SHEMAROO,EQ,SHEMAROO ENTER. LTD.     ,Listed    ,05 FEB 2026,              10.00,          27320299,            104.55,     2856610463.45  
05 FEB 2026,SHERA,SM,SHERA ENERGY LIMITED     ,Listed    ,05 FEB 2026,              10.00,          24439347,            126.95,     3102575101.65     
05 FEB 2026,SHETHJI,SM,SHREEJI GLOBAL FMCG LTD  ,Listed    ,05 FEB 2026,              10.00,          22760000,            113.40,     2580984000.00   
05 FEB 2026,SHIGAN,SM,SHIGAN QUANTUM TECH LTD  ,Listed    ,05 FEB 2026,              10.00,          20327400,             72.00,     1463572800.00    
05 FEB 2026,SHILCTECH,EQ,SHILCHAR TECHNOLOGIES LTD,Listed    ,05 FEB 2026,              10.00,          11440200,           3929.30,    44951977860.00 
05 FEB 2026,SHILPAMED,EQ,SHILPA MEDICARE LTD      ,Listed    ,05 FEB 2026,               1.00,         195581816,            315.90,    61784295674.40 
05 FEB 2026,SHIVALIK,EQ,SHIVALIK RASAYAN LIMITED ,Listed    ,05 FEB 2026,               5.00,          15750365,            295.90,     4660533003.50  
05 FEB 2026,SHIVAMAUTO,EQ,SHIVAM AUTO.LTD          ,Listed    ,05 FEB 2026,               2.00,         131495219,             22.10,     2903414435.50
05 FEB 2026,SHIVAMILLS,EQ,SHIVA MILLS LIMITED      ,Listed    ,05 FEB 2026,              10.00,           8641808,             58.35,      504076660.65
05 FEB 2026,SHIVASHRIT,SM,SHIVASHRIT FOODS LIMITED ,Listed    ,05 FEB 2026,              10.00,          18269000,            128.85,     2353960650.00
05 FEB 2026,SHIVATEX,EQ,SHIVA TEXYARN LIMITED    ,Listed    ,05 FEB 2026,              10.00,          12962713,            175.30,     2272363588.90  
05 FEB 2026,SHIVAUM,EQ,SHIV AUM STEELS LIMITED  ,Listed    ,04 FEB 2026,              10.00,          13600400,            310.95,     4229044380.00   
05 FEB 2026,SHK,EQ,S H KELKAR AND CO. LTD.  ,Listed    ,05 FEB 2026,              10.00,         138420801,            161.55,    22359111985.55       
05 FEB 2026,SHKSIL,SM,SHRI HARE-KRI SPO IRON L ,Listed    ,05 FEB 2026,              10.00,          19191050,             46.75,      897181587.50    
05 FEB 2026,SHOPERSTOP,EQ,SHOPPERS STOP LIMITED    ,Listed    ,05 FEB 2026,               5.00,         110112105,            391.60,    43119900318.00
05 FEB 2026,SHRADHA,EQ,SHRADHA INFRAPROJECTS LTD,Listed    ,05 FEB 2026,               2.00,          80997568,             38.95,     3154045297.90   
05 FEB 2026,SHREDIGCEM,EQ,SHREE DIGVIJAY CEM CO LTD,Listed    ,05 FEB 2026,              10.00,         147869278,             75.60,    11175960031.25
05 FEB 2026,SHREECEM,EQ,SHREE CEMENT LIMITED     ,Listed    ,05 FEB 2026,              10.00,          36080748,          27225.00,   982298364300.00  
05 FEB 2026,SHREEJISPG,EQ,SHREEJI SHIPPING GLOBAL L,Listed    ,05 FEB 2026,              10.00,         162918254,            386.80,    63016780647.20
05 FEB 2026,SHREEKARNI,SM,SHREE KARNI FABCOM LTD   ,Listed    ,04 FEB 2026,              10.00,           7228750,            478.55,     3459318312.50
05 FEB 2026,SHREEOSFM,SM,SHREE OSFM E-MOBILITY LTD,Listed    ,05 FEB 2026,              10.00,          15403400,             79.10,     1218408940.00 
05 FEB 2026,SHREEPUSHK,EQ,SHRE PUSH CHEM & FERT LTD,Listed    ,05 FEB 2026,              10.00,          32337691,            338.35,    10941457749.85
05 FEB 2026,SHREERAMA,EQ,SHREE RAMA MULTI TECH LTD,Listed    ,05 FEB 2026,               5.00,         133468005,             60.05,     8017423060.35 
05 FEB 2026,SHREMINVIT,IV,SHREM INVIT              ,Listed    ,03 FEB 2026,             100.00,         610844160,            102.00,    62306104320.00
05 FEB 2026,SHRENIK,BZ,SHRENIK LIMITED          ,Listed    ,05 FEB 2026,               1.00,         612000000,              0.40,      238680000.00   
05 FEB 2026,SHREYANIND,EQ,SHREYANS INDUSTRIES LTD  ,Listed    ,05 FEB 2026,              10.00,          13825000,            170.20,     2353015000.00
05 FEB 2026,SHRIAHIMSA,SM,SHRI AHIMSA NATURALS LTD ,Listed    ,05 FEB 2026,              10.00,          23330100,            266.30,     6212805630.00
05 FEB 2026,SHRIKANHA,SM,SHRI KANHA STAINLESS LTD ,Listed    ,05 FEB 2026,              10.00,          15582400,             26.25,      409038000.00 
05 FEB 2026,SHRINGARMS,EQ,SHRINGAR HOU OF MANGALS L,Listed    ,05 FEB 2026,              10.00,          96432080,            223.55,    21559320125.60
05 FEB 2026,SHRIPISTON,EQ,SHRIRAM PIST. & RING LTD ,Listed    ,05 FEB 2026,              10.00,          44049824,           3037.70,   133810150364.80
05 FEB 2026,SHRIRAMFIN,EQ,SHRIRAM FINANCE LIMITED  ,Listed    ,05 FEB 2026,               2.00,        1881362101,            992.00,  1866311204192.00
05 FEB 2026,SHRIRAMPPS,EQ,SHRIRAM PROPERTIES LTD   ,Listed    ,05 FEB 2026,              10.00,         170654392,             77.20,    13177932150.25
05 FEB 2026,SHRITECH,SM,SHRI TECHTEX LIMITED     ,Listed    ,05 FEB 2026,              10.00,          24950000,             65.00,     1621750000.00  
05 FEB 2026,SHUBHLAXMI,ST,SHUBHLAXMI JEWEL ART LTD ,Listed    ,05 FEB 2026,              10.00,          10604000,             31.50,      334026000.00
05 FEB 2026,SHUBHSHREE,SM,SHUBHSHREE BIOFUELS ENE L,Listed    ,05 FEB 2026,              10.00,           5242000,            320.00,     1677440000.00
05 FEB 2026,SHYAMCENT,BE,SHYAM CENTURY FERROUS LTD,Listed    ,05 FEB 2026,               1.00,         212172990,              5.75,     1222116422.40 
05 FEB 2026,SHYAMDHANI,SM,SHYAM DHANI INDUSTRIES L ,Listed    ,05 FEB 2026,              10.00,          20656000,             82.50,     1704120000.00
05 FEB 2026,SHYAMMETL,EQ,SHYAM METALICS AND ENGY L,Listed    ,05 FEB 2026,              10.00,         279131853,            862.40,   240723310027.20 
05 FEB 2026,SHYAMTEL,EQ,SHYAM TELECOM LIMITED    ,Listed    ,05 FEB 2026,              10.00,          11270000,              9.90,      111573000.00  
05 FEB 2026,SICALLOG,BE,SICAL LOGISTICS LIMITED  ,Listed    ,05 FEB 2026,              10.00,          65249080,             89.55,     5843055114.00  
05 FEB 2026,SIDDHICOTS,SM,SIDDHI COTSPIN LIMITED   ,Listed    ,05 FEB 2026,              10.00,          24406491,             30.70,      749279273.70
05 FEB 2026,SIDDHIKA,SM,SIDDHIKA COATINGS LIMITED,Listed    ,03 FEB 2026,              10.00,           6179000,            196.70,     1215409300.00  
05 FEB 2026,SIEMENS,EQ,SIEMENS LTD              ,Listed    ,05 FEB 2026,               2.00,         356120505,           3300.00,  1175197666500.00   
05 FEB 2026,SIGACHI,EQ,SIGACHI INDUSTRIES LTD   ,Listed    ,05 FEB 2026,               1.00,         382117010,             24.25,     9270158662.60   
05 FEB 2026,SIGIND,EQ,SIGNET INDUSTRIES LIMITED,Listed    ,05 FEB 2026,              10.00,          29437000,             48.45,     1425928280.00    
05 FEB 2026,SIGMA,EQ,SIGMA SOLVE LIMITED      ,Listed    ,05 FEB 2026,               1.00,         102774980,             51.25,     5268245474.80     
05 FEB 2026,SIGNATURE,EQ,SIGNATUREGLOBAL INDIA LTD,Listed    ,05 FEB 2026,               1.00,         140510691,            887.80,   124745391469.80 
05 FEB 2026,SIGNORIA,SM,SIGNORIA CREATION LIMITED,Listed    ,04 FEB 2026,              10.00,           4758000,             85.70,      407760600.00  
05 FEB 2026,SIGNPOST,EQ,SIGNPOST INDIA LIMITED   ,Listed    ,05 FEB 2026,               2.00,          53450000,            208.20,    11129359000.00  
05 FEB 2026,SIKKO,EQ,SIKKO INDUSTRIES LIMITED ,Listed    ,05 FEB 2026,               1.00,         436800000,              4.25,     1856400000.00     
05 FEB 2026,SIL,EQ,STANDARD INDUSTRIES LTD. ,Listed    ,05 FEB 2026,               5.00,          64328941,             15.10,      970080430.30       
05 FEB 2026,SILGO,EQ,SILGO RETAIL LIMITED     ,Listed    ,05 FEB 2026,              10.00,          24604529,             74.70,     1837466225.70     
05 FEB 2026,SILGO-RE1,BE,SILGO RETAIL LTD         ,Permitted ,05 FEB 2026,              10.00,           7379134,              8.80,       64936379.20 
05 FEB 2026,SILINV,EQ,SIL INVESTMENTS LIMITED  ,Listed    ,05 FEB 2026,              10.00,          10595860,            456.00,     4831712160.00    
05 FEB 2026,SILKFLEX,SM,SILKFLEX POLYMERS INDIA L,Listed    ,05 FEB 2026,              10.00,          11607000,            106.20,     1232663400.00  
05 FEB 2026,SILKY,SM,SILKY OVERSEAS LIMITED   ,Listed    ,04 FEB 2026,              10.00,           6367623,            140.00,      891467220.00     
05 FEB 2026,SILLYMONKS,BE,SILLY MONKS ENTERTAIN LTD,Listed    ,05 FEB 2026,              10.00,          10253664,             19.00,      194717079.35
05 FEB 2026,SILVERTUC,EQ,SILVER TOUCH TECHNO LTD  ,Listed    ,05 FEB 2026,              10.00,          12681000,           1347.20,    17083843200.00 
05 FEB 2026,SIMBHALS,BZ,SIMBHAOLI SUGARS LTD.    ,Listed    ,05 FEB 2026,              10.00,          41279020,              8.95,      368621648.60  
05 FEB 2026,SIMPLEXINF,EQ,SIMPLEX INFRASTRUCTURES L,Listed    ,05 FEB 2026,               2.00,          79095346,            226.40,    17905604427.50
05 FEB 2026,SINCLAIR,EQ,SINCLAIRS HOTELS LIMITED ,Listed    ,05 FEB 2026,               2.00,          51260000,             77.15,     3953683800.00  
05 FEB 2026,SINDHUTRAD,EQ,SINDHU TRADE LINKS LTD   ,Listed    ,05 FEB 2026,               1.00,        1541928780,             25.05,    38640735226.80
05 FEB 2026,SINTERCOM,EQ,SINTERCOM INDIA LIMITED  ,Listed    ,05 FEB 2026,              10.00,          27527822,             92.45,     2545497700.35 
05 FEB 2026,SIRCA,EQ,SIRCA PAINT INDIA LIMITED,Listed    ,05 FEB 2026,              10.00,          56792800,            479.05,    27206590840.00     
05 FEB 2026,SIS,EQ,SIS LIMITED              ,Listed    ,05 FEB 2026,               5.00,         141000692,            350.70,    49448942684.40       
05 FEB 2026,SITINET,BZ,SITI NETWORKS LIMITED    ,Listed    ,05 FEB 2026,               1.00,         872053848,              0.35,      305218846.80   
05 FEB 2026,SIYSIL,EQ,SIYARAM SILK MILLS LTD   ,Listed    ,05 FEB 2026,               2.00,          45370088,            566.80,    25715765878.40    
05 FEB 2026,SJLOGISTIC,SM,S J LOGISTICS (INDIA) LTD,Listed    ,05 FEB 2026,              10.00,          15293130,            354.55,     5422179241.50
05 FEB 2026,SJS,EQ,SJS ENTERPRISES LIMITED  ,Listed    ,05 FEB 2026,              10.00,          31949404,           1786.80,    57087195067.20       
05 FEB 2026,SJVN,EQ,SJVN LTD                 ,Listed    ,05 FEB 2026,              10.00,        3929795175,             72.20,   283691913683.25      
05 FEB 2026,SKFINDIA,EQ,SKF INDIA LTD            ,Listed    ,05 FEB 2026,              10.00,          49437963,           1760.10,    87015758676.30  
05 FEB 2026,SKFINDUS,EQ,SKF IND (INDUSTRIAL) LTD ,Listed    ,05 FEB 2026,              10.00,          49437963,           2497.90,   123491087777.70  
05 FEB 2026,SKIPPER,EQ,SKIPPER LIMITED          ,Listed    ,05 FEB 2026,               1.00,         112903970,            389.10,    43930934727.00   
05 FEB 2026,SKMEGGPROD,EQ,SKM EGG PROD EXPORT(I) LT,Listed    ,05 FEB 2026,               5.00,          52660000,            193.00,    10162326800.00
05 FEB 2026,SKP,SM,SKP BEARING INDUSTRI. LTD,Listed    ,04 FEB 2026,              10.00,          16600000,            174.10,     2890060000.00       
05 FEB 2026,SKYGOLD,EQ,SKY GOLD AND DIAMONDS LTD,Listed    ,05 FEB 2026,              10.00,         154863884,            313.65,    48573057216.60   
05 FEB 2026,SLONE,SM,SLONE INFOSYSTEMS LIMITED,Listed    ,05 FEB 2026,              10.00,           5269013,            214.00,     1127568782.00     
05 FEB 2026,SMARTEN,SM,SMARTEN POWER SYSTEMS LTD,Listed    ,04 FEB 2026,              10.00,          19000800,             60.05,     1140998040.00   
05 FEB 2026,SMARTLINK,EQ,SMARTLINK HOLDINGS LTD   ,Listed    ,05 FEB 2026,               2.00,           9975000,            129.85,     1295054250.00 
05 FEB 2026,SMARTWORKS,EQ,SMARTWORKS COWORKING SP L,Listed    ,05 FEB 2026,              10.00,         114254426,            452.25,    51671564158.50
05 FEB 2026,SMCGLOBAL,EQ,SMC GLOBAL SECURITIES LTD,Listed    ,05 FEB 2026,               2.00,         209400000,             86.05,    18023058000.00 
05 FEB 2026,SMLMAH,EQ,SML MAHINDRA LIMITED     ,Listed    ,05 FEB 2026,              10.00,          14471646,           3790.20,    54850432669.20    
05 FEB 2026,SMLT,EQ,SARTHAK METALS LIMITED   ,Listed    ,05 FEB 2026,              10.00,          13689750,             71.95,      984703717.50      
05 FEB 2026,SMSPHARMA,EQ,SMS PHARMACEUTICALS LTD. ,Listed    ,05 FEB 2026,               1.00,          93652030,            320.45,    30010793013.50 
05 FEB 2026,SMVD,ST,SMVD POLY PACK LIMITED   ,Listed    ,01 FEB 2026,              10.00,          10030108,              8.05,       80742369.40      
05 FEB 2026,SNEHAA,SM,SNEHAA ORGANICS LIMITED  ,Listed    ,05 FEB 2026,              10.00,          10179000,             47.25,      480957750.00    
05 FEB 2026,SNOWMAN,EQ,SNOWMAN LOGISTICS LTD.   ,Listed    ,05 FEB 2026,              10.00,         167087995,             42.45,     7096227147.65   
05 FEB 2026,SOBHA,EQ,SOBHA LIMITED            ,Listed    ,05 FEB 2026,              10.00,         106932806,           1491.80,   159522359990.80     
05 FEB 2026,SOCL,SM,SUNDREX OIL COMPANY LTD  ,Listed    ,05 FEB 2026,              10.00,          13393552,             28.65,      383725264.80      
05 FEB 2026,SOFTTECH,EQ,SOFTTECH ENGINEERS LTD   ,Listed    ,05 FEB 2026,              10.00,          13842138,            293.45,     4061975396.10  
05 FEB 2026,SOLARA,EQ,SOLARA ACTIVE PHA SCI LTD,Listed    ,05 FEB 2026,              10.00,          36171307,            526.45,    19042384570.15    
05 FEB 2026,SOLARINDS,EQ,SOLAR INDUSTRIES (I) LTD ,Listed    ,05 FEB 2026,               2.00,          90490055,          13384.00,  1211118896120.00 
05 FEB 2026,SOLARWORLD,EQ,SOLARWORLD ENERGY SOL LTD,Listed    ,05 FEB 2026,               5.00,          86672654,            222.25,    19264730804.60
05 FEB 2026,SOLEX,EQ,SOLEX ENERGY LIMITED     ,Listed    ,05 FEB 2026,              10.00,          10802489,            926.90,    10012827054.10     
05 FEB 2026,SOMANYCERA,EQ,SOMANY CERAMICS LIMITED  ,Listed    ,05 FEB 2026,               2.00,          41012806,            398.85,    16357957673.10
05 FEB 2026,SOMATEX,BE,SOMA TEXTILEI NDUSTRIES L,Listed    ,05 FEB 2026,              10.00,          33033000,            113.95,     3764110350.00   
05 FEB 2026,SOMICONVEY,EQ,SOMI CONVEYOR BELT. LTD. ,Listed    ,05 FEB 2026,              10.00,          11779656,             90.70,     1068179206.10
05 FEB 2026,SONACOMS,EQ,SONA BLW PRECISION FRGS L,Listed    ,05 FEB 2026,              10.00,         621720975,            524.25,   325937221143.75  
05 FEB 2026,SONAMAC,SM,SONA MACHINERY LIMITED   ,Listed    ,05 FEB 2026,              10.00,          13724000,             39.40,      540725600.00   
05 FEB 2026,SONAMLTD,EQ,SONAM LIMITED            ,Listed    ,05 FEB 2026,               5.00,          40032000,             40.45,     1619694720.00  
05 FEB 2026,SONATSOFTW,EQ,SONATA SOFTWARE LTD      ,Listed    ,05 FEB 2026,               1.00,         280424816,            309.15,    86693331866.40
05 FEB 2026,SONUINFRA,SM,SONU INFRATECH LIMITED   ,Listed    ,04 FEB 2026,              10.00,          10349000,             75.00,      776175000.00 
05 FEB 2026,SOTAC,SM,SOTAC PHARMACEUTICALS LTD,Listed    ,30 JAN 2026,              10.00,          11050000,            118.30,     1307215000.00     
05 FEB 2026,SOTL,EQ,SAVITA OIL TECHNOLO. LTD ,Listed    ,05 FEB 2026,               2.00,          68560415,            353.75,    24253246806.25      
05 FEB 2026,SOUTHBANK,EQ,THE SOUTH INDIAN BANK LTD,Listed    ,05 FEB 2026,               1.00,        2617047961,             41.25,   107953228391.25 
05 FEB 2026,SOUTHWEST,BE,SOUTH WEST PINNACLE LTD  ,Listed    ,05 FEB 2026,              10.00,          29830011,            212.85,     6349914441.55 
05 FEB 2026,SPAL,EQ,S. P. APPARELS LIMITED   ,Listed    ,05 FEB 2026,              10.00,          25092600,            726.40,    18227264640.00      
05 FEB 2026,SPANDANA,EQ,SPANDANA SPHOORTY FIN LTD,Listed    ,05 FEB 2026,              10.00,          71305144,            250.15,    17836981771.60  
05 FEB 2026,SPARC,EQ,SUN PHARMA ADV.RES.CO.LTD,Listed    ,05 FEB 2026,               1.00,         324499558,            140.25,    45511063009.50     
05 FEB 2026,SPCENET,EQ,SPACENET ENTERS IND LTD  ,Listed    ,05 FEB 2026,               1.00,         566103736,              5.85,     3323028930.30   
05 FEB 2026,SPCL,SM,SHIVALIC POWER CONTROL L ,Listed    ,05 FEB 2026,              10.00,          24115754,             97.20,     2344051288.80      
05 FEB 2026,SPEB,SM,SPEB ADHESIVES LIMITED   ,Listed    ,05 FEB 2026,              10.00,          22464570,             55.80,     1253523006.00      
05 FEB 2026,SPECIALITY,EQ,SPECIALITY REST LTD      ,Listed    ,05 FEB 2026,              10.00,          48235657,            111.10,     5358981492.70
05 FEB 2026,SPECTRUM,EQ,SPECTRUM ELECTRIC IND LTD,Listed    ,05 FEB 2026,              10.00,          15713840,           1247.30,    19599872632.00  
05 FEB 2026,SPECTSTM,SM,SPECTRUM TALENT MGMT LTD ,Listed    ,05 FEB 2026,              10.00,          23093096,             95.00,     2193844120.00  
05 FEB 2026,SPENCERS,EQ,SPENCER S RETAIL LIMITED ,Listed    ,05 FEB 2026,               5.00,          90138789,             39.50,     3561383553.40  
05 FEB 2026,SPIC,EQ,SPIC LTD                 ,Listed    ,05 FEB 2026,              10.00,         203640336,             71.15,    14489009906.40      
05 FEB 2026,SPLIL,EQ,SPL INDUSTRIES LIMITED   ,Listed    ,05 FEB 2026,              10.00,          29000004,             29.20,      846220116.70     
05 FEB 2026,SPLPETRO,EQ,SUPREME PETROCHEM LIMITED,Listed    ,05 FEB 2026,               2.00,         188041342,            603.75,   113529960232.50  
05 FEB 2026,SPMLINFRA,EQ,SPML INFRA LIMITED       ,Listed    ,05 FEB 2026,               2.00,          72251771,            181.95,    13144764698.05 
05 FEB 2026,SPORTKING,EQ,SPORTKING INDIA LIMITED  ,Listed    ,05 FEB 2026,               1.00,         132872000,            104.65,    13903726080.00 
05 FEB 2026,SPPPOLY,SM,SPP POLYMER LIMITED      ,Listed    ,05 FEB 2026,              10.00,          15391160,             15.00,      230867400.00   
05 FEB 2026,SPRL,SM,SP REFRACTORIES LIMITED  ,Listed    ,05 FEB 2026,              10.00,           1789500,            115.50,      206687250.00      
05 FEB 2026,SPUNWEB,SM,SPUNWEB NONWOVEN LIMITED ,Listed    ,05 FEB 2026,              10.00,          24103409,            116.00,     2795995444.00   
05 FEB 2026,SRD,EQ,SHANKAR LAL RAMPAL LTD   ,Listed    ,05 FEB 2026,              10.00,          63966780,             57.70,     3690243538.20       
05 FEB 2026,SREEL,EQ,SREELEATHERS LIMITED     ,Listed    ,05 FEB 2026,              10.00,          23155012,            217.50,     5036678210.25     
05 FEB 2026,SRF,EQ,SRF LTD                  ,Listed    ,05 FEB 2026,              10.00,         296424825,           2906.30,   861499468897.50       
05 FEB 2026,SRGHFL,EQ,SRG HOUSING FINANCE L    ,Listed    ,05 FEB 2026,              10.00,          15694588,            280.25,     4398408287.00    
05 FEB 2026,SRHHYPOLTD,EQ,SREE RAYALSEEMA HHP LTD. ,Listed    ,05 FEB 2026,              10.00,          17164821,            457.90,     7859771535.90
05 FEB 2026,SRIVASAVI,SM,SRIVASAVI ADHESIVE TAPE L,Listed    ,05 FEB 2026,              10.00,          14174166,             45.05,      638546178.30 
05 FEB 2026,SRM,EQ,SRM CONTRACTORS LIMITED  ,Listed    ,05 FEB 2026,              10.00,          22944200,            416.55,     9557406510.00       
05 FEB 2026,SSDL,EQ,SARASWATI SAREE DEPOT LTD,Listed    ,05 FEB 2026,              10.00,          39599800,             70.85,     2805249832.00      
05 FEB 2026,SSEGL,SM,SATHLOKHAR SYN E&C GLOB L,Listed    ,05 FEB 2026,              10.00,          24137992,            395.65,     9550196534.80     
05 FEB 2026,SSFL,SM,SRIVARI SPICES N FOODS L ,Listed    ,05 FEB 2026,              10.00,           8570400,             89.70,      768764880.00      
05 FEB 2026,SSWL,EQ,STEEL STRIPS WHEELS LTD. ,Listed    ,05 FEB 2026,               1.00,         157180425,            215.85,    33930538344.75      
05 FEB 2026,STALLION,EQ,STALLION IND FLUOROCHEM L,Listed    ,05 FEB 2026,              10.00,          79325254,            184.55,    14639475625.70  
05 FEB 2026,STANLEY,EQ,STANLEY LIFESTYLES LTD   ,Listed    ,05 FEB 2026,               2.00,          57125663,            179.55,    10256341535.00   
05 FEB 2026,STAR,EQ,STRIDES PHARMA SCI LTD   ,Listed    ,05 FEB 2026,              10.00,          92172714,            861.80,    79434444925.20      
05 FEB 2026,STARCEMENT,EQ,STAR CEMENT LIMITED      ,Listed    ,05 FEB 2026,               1.00,         412428997,            222.55,    91781948992.40
05 FEB 2026,STARHEALTH,EQ,STAR HEALTH & AL INS CO L,Listed    ,05 FEB 2026,              10.00,         588398801,            464.90,   273546602584.90
05 FEB 2026,STARPAPER,EQ,STAR PAPER MILLS LTD     ,Listed    ,05 FEB 2026,              10.00,          15608350,            149.25,     2329546237.50 
05 FEB 2026,STARTECK,EQ,STARTECK FINANCE LIMITED ,Listed    ,05 FEB 2026,              10.00,           9910330,            277.95,     2754576223.50  
05 FEB 2026,STCINDIA,EQ,THE STATE TRADING CORPN  ,Listed    ,05 FEB 2026,              10.00,          60000000,            120.35,     7219800000.00  
05 FEB 2026,STEELCAS,EQ,STEELCAST LIMITED        ,Listed    ,05 FEB 2026,               1.00,         101200000,            232.15,    23494592000.00  
05 FEB 2026,STEELCITY,EQ,STEEL CITY SECURITIES LTD,Listed    ,05 FEB 2026,              10.00,          15107095,             83.35,     1259478510.15 
05 FEB 2026,STEELXIND,EQ,STEEL EXCHANGE INDIA LTD ,Listed    ,05 FEB 2026,               1.00,        1247220542,              8.00,     9952819925.15 
05 FEB 2026,STEL,EQ,STEL HOLDINGS LIMITED    ,Listed    ,05 FEB 2026,              10.00,          18455405,            475.80,     8781081699.00      
05 FEB 2026,STERTOOLS,EQ,STERLING TOOLS LIMITED   ,Listed    ,05 FEB 2026,               2.00,          36184318,            235.55,     8523216104.90 
05 FEB 2026,STLNETWORK,EQ,STL NETWORKS LIMITED     ,Listed    ,05 FEB 2026,               2.00,         487921086,             21.80,    10626921253.10
05 FEB 2026,STLTECH,EQ,STERLITE TECHNOLOGIES LTD,Listed    ,05 FEB 2026,               2.00,         488079485,            134.10,    65461220528.20   
05 FEB 2026,STOVEKRAFT,EQ,STOVE KRAFT LIMITED      ,Listed    ,05 FEB 2026,              10.00,          33101500,            522.70,    17302154050.00
05 FEB 2026,STUDDS,EQ,STUDDS ACCESSORIES LTD   ,Listed    ,05 FEB 2026,               5.00,          39353400,            505.80,    19904949720.00    
05 FEB 2026,STUDIOLSD,SM,STUDIO LSD LIMITED       ,Listed    ,05 FEB 2026,               2.00,          51891755,             11.00,      570809305.00 
05 FEB 2026,STYL,EQ,SESHAASAI TECHNOLOGIES L ,Listed    ,05 FEB 2026,              10.00,         161805826,            259.40,    41970813206.15      
05 FEB 2026,STYLAMIND,EQ,STYLAM INDUSTRIES LIMITED,Listed    ,05 FEB 2026,               5.00,          16948060,           2198.30,    37256920298.00 
05 FEB 2026,STYLEBAAZA,EQ,BAAZAR STYLE RETAIL LTD  ,Listed    ,05 FEB 2026,               5.00,          74617353,            311.00,    23205996783.00
05 FEB 2026,STYRENIX,EQ,STYRENIX PERFORMANCE LTD ,Listed    ,05 FEB 2026,              10.00,          17585625,           1910.10,    33590302312.50  
05 FEB 2026,SUBAHOTELS,SM,SUBA HOTELS LIMITED      ,Listed    ,05 FEB 2026,              10.00,          24242516,            118.70,     2877586649.20
05 FEB 2026,SUBEXLTD,EQ,SUBEX LTD                ,Listed    ,05 FEB 2026,               5.00,         562002935,              9.65,     5428948352.10  
05 FEB 2026,SUBROS,EQ,SUBROS LIMITED           ,Listed    ,05 FEB 2026,               2.00,          65235750,            805.85,    52570229137.50    
05 FEB 2026,SUDARCOLOR,EQ,SUDARSHAN COLORNT IND LTD,Listed    ,05 FEB 2026,              10.00,          23081798,            369.55,     8529878450.90
05 FEB 2026,SUDARSCHEM,EQ,SUDARSHAN CHEMICAL INDS L,Listed    ,05 FEB 2026,               2.00,          78606473,            916.55,    72046762828.15
05 FEB 2026,SUDEEPPHRM,EQ,SUDEEP PHARMA LIMITED    ,Listed    ,05 FEB 2026,               1.00,         112948625,            618.30,    69836134837.50
05 FEB 2026,SUKHJITS,EQ,SUKHJIT STARCH & CHEM LTD,Listed    ,05 FEB 2026,               5.00,          31244000,            176.45,     5512378920.00  
05 FEB 2026,SULA,EQ,SULA VINEYARDS LIMITED   ,Listed    ,05 FEB 2026,               2.00,          84447229,            186.15,    15720696150.65      
05 FEB 2026,SUMEETINDS,EQ,SUMEET IND LIMITED       ,Listed    ,05 FEB 2026,               2.00,         526325680,             26.35,    13858155154.40
05 FEB 2026,SUMICHEM,EQ,SUMITOMO CHEM INDIA LTD  ,Listed    ,05 FEB 2026,              10.00,         499145736,            420.00,   209641209120.00  
05 FEB 2026,SUMIT,EQ,SUMIT WOODS LIMITED      ,Listed    ,05 FEB 2026,              10.00,          45268753,             49.95,     2260268837.30     
05 FEB 2026,SUMMITSEC,EQ,SUMMIT SECURITIES LTD    ,Listed    ,05 FEB 2026,              10.00,          10901781,           1755.80,    19141347079.80 
05 FEB 2026,SUNCLAY,EQ,SUNDARAM CLAYTON LIMITED ,Listed    ,05 FEB 2026,               5.00,          22046162,           1328.80,    29294940065.60   
05 FEB 2026,SUNDARAM,EQ,SUNDARAM MULTI PAP LTD   ,Listed    ,05 FEB 2026,               1.00,         473877773,              1.65,      781898325.45  
05 FEB 2026,SUNDARMFIN,EQ,SUNDARAM FINANCE LTD     ,Listed    ,05 FEB 2026,              10.00,         111103860,           5321.00,   591183639060.00
05 FEB 2026,SUNDRMBRAK,EQ,SUNDARAM BRAK LININGS LTD,Listed    ,05 FEB 2026,              10.00,           3934575,            607.05,     2388483753.75
05 FEB 2026,SUNDRMFAST,EQ,SUNDRAM FASTENERS LTD    ,Listed    ,05 FEB 2026,               1.00,         210128370,            924.55,   194274184483.50
05 FEB 2026,SUNDROP,EQ,SUNDROP BRANDS LIMITED   ,Listed    ,05 FEB 2026,              10.00,          37696853,            613.55,    23128904158.15   
05 FEB 2026,SUNFLAG,EQ,SUNFLAG IRON AND STEEL CO,Listed    ,05 FEB 2026,              10.00,         180219448,            249.40,    44946730331.20   
05 FEB 2026,SUNLITE,ST,SUNLITE RECYCLING IND LTD,Listed    ,05 FEB 2026,              10.00,          10880000,            379.95,     4133856000.00   
05 FEB 2026,SUNPHARMA,EQ,SUN PHARMACEUTICAL IND L ,Listed    ,05 FEB 2026,               1.00,        2399334970,           1702.60,  4085107719922.00 
05 FEB 2026,SUNREST,SM,SUNREST LIFESCIENCE LTD  ,Listed    ,05 FEB 2026,              10.00,           4291200,             36.25,      155556000.00   
05 FEB 2026,SUNTECH,SM,SUNTECH INFRA SOLUTIONS L,Listed    ,05 FEB 2026,              10.00,          19362600,             40.65,      787089690.00   
05 FEB 2026,SUNTECK,EQ,SUNTECK REALTY LIMITED   ,Listed    ,05 FEB 2026,               1.00,         146489084,            409.35,    59965306535.40   
05 FEB 2026,SUNTV,EQ,SUN TV NETWORK LIMITED   ,Listed    ,05 FEB 2026,               5.00,         394084620,            540.35,   212943624417.00     
05 FEB 2026,SUPERHOUSE,EQ,SUPERHOUSE LIMITED       ,Listed    ,05 FEB 2026,              10.00,          11025000,            166.70,     1837867500.00
05 FEB 2026,SUPERSPIN,EQ,SUPER SPINNING MILLS LTD ,Listed    ,05 FEB 2026,               1.00,          55000000,              7.95,      436150000.00 
05 FEB 2026,SUPRAJIT,EQ,SUPRAJIT ENGINEERING LTD ,Listed    ,05 FEB 2026,               1.00,         137171147,            466.75,    64024632862.25  
05 FEB 2026,SUPREME,EQ,SUPREME HOLDIN N HOSP I L,Listed    ,05 FEB 2026,              10.00,          38646853,             62.20,     2404607193.65   
05 FEB 2026,SUPREMEIND,EQ,SUPREME INDUSTRIES LTD   ,Listed    ,05 FEB 2026,               2.00,         127026870,           3740.90,   475194817983.00
05 FEB 2026,SUPREMEINF,BZ,SUPREME INFRA. LTD       ,Listed    ,05 FEB 2026,              10.00,          25698372,             82.30,     2114976015.60
05 FEB 2026,SUPREMEPWR,SM,SUPREME POWER EQUIPMENT L,Listed    ,05 FEB 2026,              10.00,          24991135,            178.00,     4448422030.00
05 FEB 2026,SUPRIYA,EQ,SUPRIYA LIFESCIENCE LTD  ,Listed    ,05 FEB 2026,               2.00,          80482800,            668.95,    53838969060.00   
05 FEB 2026,SURAJEST,EQ,SURAJ ESTATE DEVELOPERS L,Listed    ,05 FEB 2026,               5.00,          47773388,            230.05,    10989312441.65  
05 FEB 2026,SURAJLTD,EQ,SURAJ LIMITED            ,Listed    ,05 FEB 2026,              10.00,          18364100,            230.55,     4234026896.00  
05 FEB 2026,SURAKSHA,EQ,SURAKSHA DIAGNOSTIC LTD  ,Listed    ,05 FEB 2026,               2.00,          52080758,            286.00,    14895096788.00  
05 FEB 2026,SURANASOL,EQ,SURANA SOLAR LIMITED     ,Listed    ,05 FEB 2026,               5.00,          49206600,             24.85,     1222291944.00 
05 FEB 2026,SURANAT&P,EQ,SURANA TELECOM AND POW LT,Listed    ,05 FEB 2026,               1.00,         135759963,             17.95,     2436891335.85 
05 FEB 2026,SURANI,SM,SURANI STEEL TUBES LTD.  ,Listed    ,05 FEB 2026,              10.00,          15548036,             59.90,      931327356.40    
05 FEB 2026,SURYALAXMI,EQ,SURYALAKSHMI COT MIL LTD ,Listed    ,05 FEB 2026,              10.00,          18805290,             60.05,     1129445717.40
05 FEB 2026,SURYAROSNI,EQ,SURYA ROSHNI LTD         ,Listed    ,05 FEB 2026,               5.00,         217635896,            255.90,    55695202145.35
05 FEB 2026,SURYODAY,EQ,SURYODAY SMALL FIN BK LTD,Listed    ,05 FEB 2026,              10.00,         106289824,            134.90,    14338497257.60  
05 FEB 2026,SUTLEJTEX,EQ,SUTLEJ TEXT & INDUS LTD  ,Listed    ,05 FEB 2026,               1.00,         163828620,             30.90,     5063942644.20 
05 FEB 2026,SUVEN,EQ,SUVEN LIFE SCIENCES LTD  ,Listed    ,05 FEB 2026,               1.00,         227474207,            165.15,    37562815801.90     
05 FEB 2026,SUVIDHAA,EQ,SUVIDHAA INFOSERVE LTD   ,Listed    ,05 FEB 2026,               1.00,         209806690,              3.05,      635714270.70  
05 FEB 2026,SUYOG,EQ,SUYOG TELEMATICS LIMITED ,Listed    ,05 FEB 2026,              10.00,          11189620,            539.05,     6031764661.00     
05 FEB 2026,SUZLON,EQ,SUZLON ENERGY LIMITED    ,Listed    ,05 FEB 2026,               2.00,       13712280885,             47.85,   656132640347.25    
05 FEB 2026,SVLL,EQ,SHREE VASU LOGISTICS LTD ,Listed    ,05 FEB 2026,              10.00,          11493700,            615.35,     7072648295.00      
05 FEB 2026,SVPGLOB,BE,SVP GLOBAL TEXTILES LTD  ,Listed    ,05 FEB 2026,               1.00,         126500000,              3.45,      437690000.00   
05 FEB 2026,SWANCORP,EQ,SWAN CORP LIMITED        ,Listed    ,05 FEB 2026,               1.00,         313456886,            425.60,   133407250681.60  
05 FEB 2026,SWARAJ,ST,SWARAJ SUITING LIMITED   ,Listed    ,05 FEB 2026,              10.00,          22018260,            275.25,     6060526065.00    
05 FEB 2026,SWARAJENG,EQ,SWARAJ ENGINES LTD       ,Listed    ,05 FEB 2026,              10.00,          12147466,           3578.20,    43466062841.20 
05 FEB 2026,SWASTIK,SM,SWASTIK PIPE LIMITED     ,Listed    ,04 FEB 2026,              10.00,          23231460,             21.00,      487860660.00   
05 FEB 2026,SWELECTES,EQ,SWELECT ENERGY SYS LTD   ,Listed    ,05 FEB 2026,              10.00,          15158760,            552.85,     8380520466.00 
05 FEB 2026,SWIGGY,EQ,SWIGGY LIMITED           ,Listed    ,05 FEB 2026,               1.00,        2760313555,            321.45,   887302792254.75    
05 FEB 2026,SWSOLAR,EQ,STRLNG & WIL REN ENE LTD ,Listed    ,05 FEB 2026,               1.00,         233531720,            194.75,    45482637787.20   
05 FEB 2026,SYLVANPLY,SM,SYLVAN PLYBOARD (INDIA) L,Listed    ,05 FEB 2026,              10.00,          19374830,             51.00,      988116330.00 
05 FEB 2026,SYMPHONY,EQ,SYMPHONY LIMITED         ,Listed    ,05 FEB 2026,               2.00,          68671400,            937.80,    64400038920.00  
05 FEB 2026,SYNCOMF,EQ,SYNCOM FORMU (I) LTD     ,Listed    ,05 FEB 2026,               1.00,         940000000,             13.60,    12784000000.00   
05 FEB 2026,SYNGENE,EQ,SYNGENE INTERNATIONAL LTD,Listed    ,05 FEB 2026,              10.00,         402939420,            459.50,   185150663490.00   
05 FEB 2026,SYNOPTICS,SM,SYNOPTICS TECHNOLOGIES L ,Listed    ,05 FEB 2026,              10.00,           8480000,             51.20,      434176000.00 
05 FEB 2026,SYRMA,EQ,SYRMA SGS TECHNOLOGY LTD ,Listed    ,05 FEB 2026,              10.00,         192830485,            860.60,   165949915391.00     
05 FEB 2026,SYSTANGO,ST,SYSTANGO TECHNOLOGIES LTD,Listed    ,05 FEB 2026,              10.00,          14668800,            287.70,     4220213760.00  
05 FEB 2026,SYSTMTXC,EQ,SYSTEMATIX CORP SERVICE L,Listed    ,05 FEB 2026,               1.00,         136538010,             83.10,    11349039391.20  
05 FEB 2026,TAC,SM,TAC INFOSEC LIMITED      ,Listed    ,05 FEB 2026,              10.00,          21026240,            606.60,    12754517184.00       
05 FEB 2026,TAINWALCHM,EQ,TAINWALA CHEMICAL AND PLA,Listed    ,05 FEB 2026,              10.00,           9363863,            171.50,     1605902504.50
05 FEB 2026,TAJGVK,EQ,TAJ GVK HOTELS & RESORTS ,Listed    ,05 FEB 2026,               2.00,          62701495,            369.70,    23180742701.50    
05 FEB 2026,TAKE,BE,TAKE SOLUTIONS LTD       ,Listed    ,05 FEB 2026,               1.00,         147934000,             41.65,     6161451100.00      
05 FEB 2026,TALBROAUTO,EQ,TALBROS AUTO. COMP. LTD  ,Listed    ,05 FEB 2026,               2.00,          61728150,            281.80,    17394992670.00
05 FEB 2026,TANKUP,ST,TANKUP ENGINEERS LIMITED ,Listed    ,05 FEB 2026,              10.00,           5295000,            515.75,     2730896250.00    
05 FEB 2026,TANLA,EQ,TANLA PLATFORMS LIMITED  ,Listed    ,05 FEB 2026,               1.00,         132617359,            490.70,    65075338061.30     
05 FEB 2026,TAPIFRUIT,SM,TAPI FRUIT PROCESSING LTD,Listed    ,05 FEB 2026,              10.00,           4300500,             58.25,      250504125.00 
05 FEB 2026,TARACHAND,EQ,TARA CHAND INFRA SOLN LTD,Listed    ,05 FEB 2026,               2.00,          78824900,             64.70,     5101547528.00 
05 FEB 2026,TARAPUR,EQ,TARAPUR TRANSFORMERS LTD ,Listed    ,05 FEB 2026,              10.00,          19500011,             29.95,      583635329.25   
05 FEB 2026,TARC,EQ,TARC LIMITED             ,Listed    ,05 FEB 2026,               2.00,         295096335,            156.90,    46300614961.50      
05 FEB 2026,TARIL,EQ,TRANS & RECTI. LTD       ,Listed    ,05 FEB 2026,               1.00,         300165834,            252.30,    75731839918.20     
05 FEB 2026,TARMAT,EQ,TARMAT LIMITED           ,Listed    ,05 FEB 2026,              10.00,          24064255,             58.10,     1398133215.50    
05 FEB 2026,TARSONS,EQ,TARSONS PRODUCTS LIMITED ,Listed    ,05 FEB 2026,               2.00,          53206281,            206.35,    10978584021.55   
05 FEB 2026,TASTYBITE,EQ,TASTY BITE EATABLES LTD  ,Listed    ,05 FEB 2026,              10.00,           2566000,           7089.00,    18190374000.00 
05 FEB 2026,TATACAP,EQ,TATA CAPITAL LIMITED     ,Listed    ,05 FEB 2026,              10.00,        4244869037,            346.10,  1469149173705.70   
05 FEB 2026,TATACHEM,EQ,TATA CHEMICALS LTD       ,Listed    ,05 FEB 2026,              10.00,         254756278,            709.75,   180813268310.50  
05 FEB 2026,TATACOMM,EQ,TATA COMMUNICATIONS LTD  ,Listed    ,05 FEB 2026,              10.00,         285000000,           1550.00,   441750000000.00  
05 FEB 2026,TATACONSUM,EQ,TATA CONSUMER PRODUCT LTD,Listed    ,05 FEB 2026,               1.00,         989544308,           1155.90,  1143814265617.20
05 FEB 2026,TATAELXSI,EQ,TATA ELXSI LIMITED       ,Listed    ,05 FEB 2026,              10.00,          62295229,           5406.00,   336768007974.00 
05 FEB 2026,TATAINVEST,EQ,TATA INVESTMENT CORP LTD ,Listed    ,05 FEB 2026,               1.00,         505952960,            622.65,   315031610544.00
05 FEB 2026,TATAPOWER,EQ,TATA POWER CO LTD        ,Listed    ,05 FEB 2026,               1.00,        3195339547,            364.50,  1164701264881.50 
05 FEB 2026,TATASTEEL,EQ,TATA STEEL LIMITED       ,Listed    ,05 FEB 2026,               1.00,       12483527171,            197.75,  2468742333336.95 
05 FEB 2026,TATATECH,EQ,TATA TECHNOLOGIES LIMITED,Listed    ,05 FEB 2026,               2.00,         405743604,            642.75,   260791701471.00  
05 FEB 2026,TATVA,EQ,TATVA CHIN PHARM CHEM LTD,Listed    ,05 FEB 2026,              10.00,          23392055,           1179.70,    27595607283.50     
05 FEB 2026,TAURIAN,SM,TAURIAN MPS LIMITED      ,Listed    ,05 FEB 2026,              10.00,           8883200,            241.10,     2141739520.00   
05 FEB 2026,TBI,SM,TBI CORN LIMITED         ,Listed    ,05 FEB 2026,              10.00,          18158405,             71.50,     1298325957.50       
05 FEB 2026,TBOTEK,EQ,TBO TEK LIMITED          ,Listed    ,05 FEB 2026,               1.00,         108587787,           1458.90,   158418722454.30    
05 FEB 2026,TBZ,EQ,TRIB BHIMJI ZAVERI LTD   ,Listed    ,05 FEB 2026,              10.00,          66730620,            157.20,    10489386157.80       
05 FEB 2026,TCI,EQ,TRANSPORT CORPN OF INDIA ,Listed    ,05 FEB 2026,               2.00,          76726987,           1061.10,    81415005905.70       
05 FEB 2026,TCIEXP,EQ,TCI EXPRESS LIMITED      ,Listed    ,05 FEB 2026,               2.00,          38418990,            581.25,    22331037937.50    
05 FEB 2026,TCIFINANCE,BE,TCIFINANCELTD-ROLL SETT  ,Listed    ,05 FEB 2026,              10.00,          12872493,             16.15,      207633312.10
05 FEB 2026,TCL,SM,THAAI CASTING LIMITED    ,Listed    ,05 FEB 2026,              10.00,          24341437,             89.50,     2178558611.50       
05 FEB 2026,TCPLPACK,EQ,TCPL PACKAGING LIMITED   ,Listed    ,05 FEB 2026,              10.00,           9100000,           2704.20,    24608220000.00  
05 FEB 2026,TCS,EQ,TATA CONSULTANCY SERV LT ,Listed    ,05 FEB 2026,               1.00,        3618087518,           2991.50, 10823508810097.00       
05 FEB 2026,TDPOWERSYS,EQ,TD POWER SYSTEMS LTD.    ,Listed    ,05 FEB 2026,               2.00,         156214830,            809.60,   126471526368.00
05 FEB 2026,TEAMGTY,EQ,TEAM INDIA GUARANTY LTD  ,Listed    ,05 FEB 2026,              10.00,           8993149,            265.80,     2390379004.20   
05 FEB 2026,TEAMLEASE,EQ,TEAMLEASE SERVICES LTD.  ,Listed    ,05 FEB 2026,              10.00,          16768900,           1444.80,    24227706720.00 
05 FEB 2026,TECHD,SM,TECHD CYBERSECURITY LTD  ,Listed    ,05 FEB 2026,              10.00,           7479733,            497.55,     3721541154.15     
05 FEB 2026,TECHERA,SM,TECHERA ENGINEER (IND) L ,Listed    ,05 FEB 2026,              10.00,          16520925,            218.85,     3615604436.25   
05 FEB 2026,TECHLABS,SM,TRIDENT TECHLABS LIMITED ,Listed    ,05 FEB 2026,              10.00,          17281064,            212.30,     3668769887.20  
05 FEB 2026,TECHM,EQ,TECH MAHINDRA LIMITED    ,Listed    ,05 FEB 2026,               5.00,         979721333,           1646.20,  1612817258384.60     
05 FEB 2026,TECHNOE,EQ,TECHNO ELEC & ENG CO. LTD,Listed    ,05 FEB 2026,               2.00,         116299574,           1028.90,   119660631688.60   
05 FEB 2026,TECILCHEM,EQ,TECIL CHEMICALS          ,Listed    ,05 FEB 2026,              10.00,          18963700,             15.00,      284455500.00 
05 FEB 2026,TEGA,EQ,TEGA INDUSTRIES LIMITED  ,Listed    ,05 FEB 2026,              10.00,          75127698,           1810.50,   136018697229.00      
05 FEB 2026,TEJASCARGO,SM,TEJAS CARGO INDIA LIMITED,Listed    ,04 FEB 2026,              10.00,          23892840,            305.55,     7300457262.00
05 FEB 2026,TEJASNET,EQ,TEJAS NETWORKS LIMITED   ,Listed    ,05 FEB 2026,              10.00,         177448958,            339.05,    60164069209.90  
05 FEB 2026,TEMBO,EQ,TEMBO GLOBAL IND LTD     ,Listed    ,05 FEB 2026,              10.00,          15467146,            575.60,     8902889237.60     
05 FEB 2026,TENNIND,EQ,TENNECO CLEAN AIR INDIA L,Listed    ,05 FEB 2026,              10.00,         403604309,            549.10,   221619126071.90   
05 FEB 2026,TERASOFT,EQ,TERA SOFTWARE LIMITED    ,Listed    ,05 FEB 2026,              10.00,          12511875,            407.20,     5094835500.00  
05 FEB 2026,TEXINFRA,EQ,TEXMACO INFRA & HOLDG LTD,Listed    ,05 FEB 2026,               1.00,         127426590,             98.80,    12587198560.20  
05 FEB 2026,TEXMOPIPES,EQ,TEXMO PIPE & PRODUCTS LTD,Listed    ,05 FEB 2026,              10.00,          29195000,             45.40,     1325161050.00
05 FEB 2026,TEXRAIL,EQ,TEXMACO RAIL & ENG. LTD. ,Listed    ,05 FEB 2026,               1.00,         406864572,            120.15,    48880709680.10   
05 FEB 2026,TFCILTD,EQ,TOURISM FINANCE CORP. OF ,Listed    ,05 FEB 2026,               2.00,         462977240,             67.15,    31088921666.00   
05 FEB 2026,TFL,EQ,TRANSWARRANTY FIN. LTD.  ,Listed    ,05 FEB 2026,              10.00,          53974537,             13.60,      735133193.95       
05 FEB 2026,TGBHOTELS,EQ,TGB BANQUETS&HOTELS LTD  ,Listed    ,05 FEB 2026,              10.00,          29286400,              9.35,      274120704.00 
05 FEB 2026,TGL,ST,TEERTH GOPICON LIMITED   ,Listed    ,05 FEB 2026,              10.00,          11999600,             50.20,      602379920.00       
05 FEB 2026,THANGAMAYL,EQ,THANGAMAYIL JEWELLERY LTD,Listed    ,05 FEB 2026,              10.00,          31082021,           3175.50,    98700957685.50
05 FEB 2026,THEINVEST,EQ,THE INVEST TRUST OF IND L,Listed    ,05 FEB 2026,              10.00,          52242217,            104.30,     5449385655.25 
05 FEB 2026,THEJO,EQ,THEJO ENGINEERING LIMITED,Listed    ,05 FEB 2026,              10.00,          10847159,           1726.40,    18726535297.60     
05 FEB 2026,THELEELA,EQ,LEELA PALACES HOTEL LTD  ,Listed    ,05 FEB 2026,              10.00,         333957878,            435.85,   145555541126.30  
05 FEB 2026,THEMISMED,EQ,THEMIS MEDICARE LTD.     ,Listed    ,05 FEB 2026,               1.00,          92040120,             84.25,     7756220912.40 
05 FEB 2026,THERMAX,EQ,THERMAX LTD              ,Listed    ,05 FEB 2026,               2.00,         119156300,           2908.50,   346566098550.00   
05 FEB 2026,THESL,SM,THINKING HATS ENTER SOL L,Listed    ,05 FEB 2026,              10.00,          12487150,             19.70,      245996855.00     
05 FEB 2026,THOMASCOOK,EQ,THOMAS COOK (INDIA) LTD  ,Listed    ,05 FEB 2026,               1.00,         470380562,            115.50,    54333658716.60
05 FEB 2026,THOMASCOTT,EQ,THOMAS SCOTT (INDIA) LTD ,Listed    ,05 FEB 2026,              10.00,          14670380,            319.35,     4684985853.00
05 FEB 2026,THYROCARE,EQ,THYROCARE TECH LTD       ,Listed    ,05 FEB 2026,              10.00,         159161691,            400.20,    63696508738.20 
05 FEB 2026,TI,EQ,TILAKNAGAR INDUSTRIES LTD,Listed    ,05 FEB 2026,              10.00,         208193750,            452.60,    94228491250.00        
05 FEB 2026,TICL,BE,TWAMEV CONS AND INFRA LTD,Listed    ,05 FEB 2026,               1.00,         155000000,             23.45,     3637850000.00      
05 FEB 2026,TIGERLOGS,EQ,TIGER LOGISTICS (INDIA) L,Listed    ,05 FEB 2026,               1.00,         105725000,             32.95,     3482581500.00 
05 FEB 2026,TIIL,EQ,TECHNOCRAFT IND LTD      ,Listed    ,05 FEB 2026,              10.00,          22672798,           2317.70,    52548743924.60      
05 FEB 2026,TIINDIA,EQ,TUBE INVEST OF INDIA LTD ,Listed    ,05 FEB 2026,               1.00,         193508850,           2381.60,   460860677160.00   
05 FEB 2026,TIJARIA,EQ,TIJARIA POLYPIPES LTD    ,Listed    ,05 FEB 2026,              10.00,          28626579,              6.20,      177771055.60   
05 FEB 2026,TIL,EQ,TIL LTD                  ,Listed    ,05 FEB 2026,              10.00,          66602056,            244.45,    16280872589.20       
05 FEB 2026,TIMESCAN,SM,TIMESCAN LOGISTICS IND L ,Listed    ,04 FEB 2026,              10.00,           6988000,             47.45,      331580600.00  
05 FEB 2026,TIMETECHNO,EQ,TIME TECHNOPLAST LTD.    ,Listed    ,05 FEB 2026,               1.00,         493635379,            190.50,    94032603345.70
05 FEB 2026,TIMKEN,EQ,TIMKEN INDIA LTD.        ,Listed    ,05 FEB 2026,              10.00,          75218734,           3181.10,   239278314727.40    
05 FEB 2026,TINNARUBR,EQ,TINNA RUBBER AND INFR LTD,Listed    ,05 FEB 2026,              10.00,          18015757,            695.85,    12536264508.45 
05 FEB 2026,TIPSFILMS,EQ,TIPS FILMS LIMITED       ,Listed    ,05 FEB 2026,              10.00,           4322886,            373.50,     1614597921.00 
05 FEB 2026,TIPSMUSIC,EQ,TIPS MUSIC LIMITED       ,Listed    ,05 FEB 2026,               1.00,         128426590,            558.10,    71674879879.00 
05 FEB 2026,TIRUMALCHM,EQ,THIRUMALAI CHEMICALS LTD ,Listed    ,05 FEB 2026,               1.00,         118656160,            196.45,    23310002632.00
05 FEB 2026,TIRUPATI,SM,SHREE TIRUPATI BALAJEE   ,Listed    ,05 FEB 2026,              10.00,          10130040,            588.80,     5964567552.00  
05 FEB 2026,TIRUPATIFL,EQ,TIRUPATI FORGE LIMITED   ,Listed    ,05 FEB 2026,               2.00,         122280000,             35.15,     4298142000.00
05 FEB 2026,TITAGARH,EQ,TITAGARH RAIL SYSTEMS LTD,Listed    ,05 FEB 2026,               2.00,         134673768,            780.00,   105045539040.00  
05 FEB 2026,TITAN,EQ,TITAN COMPANY LIMITED    ,Listed    ,05 FEB 2026,               1.00,         887786160,           4097.60,  3637792569216.00     
05 FEB 2026,TMB,EQ,TAMILNAD MERCA BANK LTD  ,Listed    ,05 FEB 2026,              10.00,         158351454,            643.60,   101914995794.40       
05 FEB 2026,TMCV,EQ,TATA MOTORS LIMITED      ,Listed    ,05 FEB 2026,               2.00,        3682331373,            455.90,  1678774872950.70      
05 FEB 2026,TMPV,EQ,TATA MOTORS PASS VEH LTD ,Listed    ,05 FEB 2026,               2.00,        3682579382,            374.15,  1377837075775.30      
05 FEB 2026,TNPETRO,EQ,TAMILNADU PETROPRODUCTS L,Listed    ,05 FEB 2026,              10.00,          89971474,             95.05,     8551788603.70   
05 FEB 2026,TNPL,EQ,TAMILNADU NEWSPRT & PAPER,Listed    ,05 FEB 2026,              10.00,          69210600,            143.10,     9904728966.00      
05 FEB 2026,TNTELE,EQ,TAMILNADU TELECOMMUNICATI,Listed    ,05 FEB 2026,              10.00,          45671400,              8.90,      407388888.00    
05 FEB 2026,TOKYOPLAST,EQ,TOKYO PLAST INTL LTD     ,Listed    ,05 FEB 2026,              10.00,           9501400,            101.40,      963441960.00
05 FEB 2026,TOLINS,EQ,TOLINS TYRES LIMITED     ,Listed    ,05 FEB 2026,               5.00,          39508831,            126.05,     4980878324.15    
05 FEB 2026,TORNTPHARM,EQ,TORRENT PHARMACEUTICALS L,Listed    ,05 FEB 2026,               5.00,         338445440,           3976.40,  1345794447616.00
05 FEB 2026,TORNTPOWER,EQ,TORRENT POWER LTD        ,Listed    ,05 FEB 2026,              10.00,         503903543,           1417.60,   714333662556.80
05 FEB 2026,TOTAL,EQ,TOTAL TRANSPORT SYS LTD  ,Listed    ,05 FEB 2026,              10.00,          16126973,             64.80,     1044705310.95     
05 FEB 2026,TOUCHWOOD,EQ,TOUCHWOOD ENTERTAIN LTD. ,Listed    ,05 FEB 2026,              10.00,          11081245,             91.85,     1017923165.70 
05 FEB 2026,TPHQ,EQ,TEAMO PRODUCTIONS HQ LTD ,Listed    ,05 FEB 2026,               1.00,        1096219600,              0.60,      679656152.00      
05 FEB 2026,TPLPLASTEH,EQ,TPL PLASTECH LIMITED     ,Listed    ,05 FEB 2026,               2.00,          78003000,             61.20,     4773003570.00
05 FEB 2026,TRACXN,EQ,TRACXN TECHNOLOGIES LTD  ,Listed    ,05 FEB 2026,               1.00,         106597690,             34.40,     3666960536.00    
05 FEB 2026,TRANSRAILL,EQ,TRANSRAIL LIGHTING LTD   ,Listed    ,05 FEB 2026,               2.00,         134256025,            558.30,    74955138757.50
05 FEB 2026,TRANSTEEL,SM,TRANSTEEL SEATING TECH L ,Listed    ,05 FEB 2026,              10.00,          21797510,            146.70,     3197694717.00 
05 FEB 2026,TRANSWIND,ST,TRANSWIND INFRA LIMITED  ,Listed    ,13 JAN 2026,              10.00,           7649000,             25.50,      195049500.00 
05 FEB 2026,TRANSWORLD,EQ,TRANSWORLD SHIP LINES LTD,Listed    ,05 FEB 2026,              10.00,          21957533,            179.75,     3946427406.10
05 FEB 2026,TRAVELFOOD,EQ,TRAVEL FOOD SERVICES LTD ,Listed    ,05 FEB 2026,               1.00,         131679484,           1112.00,   146427586208.00
05 FEB 2026,TREEHOUSE,EQ,TREE HOUSE EDU LTD       ,Listed    ,05 FEB 2026,              10.00,          42310724,              7.45,      314791786.55 
05 FEB 2026,TREJHARA,BE,TREJHARA SOLUTIONS LTD   ,Listed    ,05 FEB 2026,              10.00,          14516298,            191.15,     2774500036.75  
05 FEB 2026,TREL,EQ,TRANSINDIA REAL ESTATE L ,Listed    ,05 FEB 2026,               2.00,         245695524,             23.40,     5751732216.85      
05 FEB 2026,TRENT,EQ,TRENT LTD                ,Listed    ,05 FEB 2026,               1.00,         355487461,           4131.30,  1468625347629.30     
05 FEB 2026,TRF,EQ,TRF LIMITED              ,Listed    ,05 FEB 2026,              10.00,          11004412,            277.70,     3055925212.40       
05 FEB 2026,TRIDENT,EQ,TRIDENT LIMITED          ,Listed    ,05 FEB 2026,               1.00,        5095955670,             28.20,   143705949894.00   
05 FEB 2026,TRIDHYA,SM,TRIDHYA TECH LIMITED     ,Listed    ,05 FEB 2026,              10.00,          23288000,             13.60,      316716800.00   
05 FEB 2026,TRIGYN,EQ,TRIGYN TECHNOLOGIES LTD  ,Listed    ,05 FEB 2026,              10.00,          30785736,             68.00,     2092814333.30    
05 FEB 2026,TRITURBINE,EQ,TRIVENI TURBINE LIMITED  ,Listed    ,05 FEB 2026,               1.00,         317886270,            499.65,   158831874805.50
05 FEB 2026,TRIVENI,EQ,TRIVENI ENGG. & INDS. LTD,Listed    ,05 FEB 2026,               1.00,         218897968,            373.90,    81845950235.20   
05 FEB 2026,TROM,SM,TROM INDUSTRIES LIMITED  ,Listed    ,05 FEB 2026,              10.00,           9194866,             59.90,      550772473.40      
05 FEB 2026,TRU,EQ,TRUCAP FINANCE LIMITED   ,Listed    ,05 FEB 2026,               2.00,         118861871,              7.40,      878389226.70       
05 FEB 2026,TRUALT,EQ,TRUALT BIOENERGY LIMITED ,Listed    ,05 FEB 2026,              10.00,          85752591,            407.90,    34978481868.90    
05 FEB 2026,TRUST,SM,TRUST FINTECH LIMITED    ,Listed    ,05 FEB 2026,              10.00,          23825200,             43.00,     1024483600.00     
05 FEB 2026,TSC,SM,TSC INDIA LIMITED        ,Listed    ,05 FEB 2026,              10.00,          14048000,             36.75,      516264000.00       
05 FEB 2026,TSFINV,EQ,TSF INVESTMENTS LIMITED  ,Listed    ,05 FEB 2026,               5.00,         222103860,            447.40,    99369266964.00    
05 FEB 2026,TTKHLTCARE,EQ,TTK HEALTHCARE LIMITED   ,Listed    ,05 FEB 2026,              10.00,          14130333,            958.00,    13536859014.00
05 FEB 2026,TTKPRESTIG,EQ,TTK PRESTIGE LTD         ,Listed    ,05 FEB 2026,               1.00,         136950984,            556.95,    76274850538.80
05 FEB 2026,TTL,EQ,T T LIMITED              ,Listed    ,05 FEB 2026,               1.00,         258310944,              9.15,     2366128247.05       
05 FEB 2026,TTML,EQ,TATA TELESERV(MAHARASTRA),Listed    ,05 FEB 2026,              10.00,        1954927727,             43.95,    85919073601.65      
05 FEB 2026,TUNWAL,SM,TUNWAL E-MOTORS LIMITED  ,Listed    ,05 FEB 2026,               2.00,          57692384,             29.20,     1684617612.80    
05 FEB 2026,TVSELECT,BE,TVS ELECTRONICS LTD      ,Listed    ,05 FEB 2026,              10.00,          18650318,            393.90,     7346360260.20  
05 FEB 2026,TVSHLTD,EQ,TVS HOLDINGS LIMITED     ,Listed    ,05 FEB 2026,               5.00,          20232104,          15218.00,   307892158672.00   
05 FEB 2026,TVSINVIT,IV,TVS INFRASTRUCTURE TRUST ,Listed    ,28 JAN 2026,             100.00,         197200000,            112.50,    22185000000.00  
05 FEB 2026,TVSMOTOR,EQ,TVS MOTOR COMPANY  LTD   ,Listed    ,05 FEB 2026,               1.00,         475087114,           3712.70,  1763855928147.80  
05 FEB 2026,TVSSCS,EQ,TVS SUPPLY CHAIN SOL L   ,Listed    ,05 FEB 2026,               1.00,         441180027,            101.80,    44912126748.60    
05 FEB 2026,TVSSRICHAK,EQ,TVS SRICHAKRA LIMITED    ,Listed    ,05 FEB 2026,              10.00,           7657050,           4158.80,    31844139540.00
05 FEB 2026,TVTODAY,EQ,TV TODAY NETWORK LTD     ,Listed    ,05 FEB 2026,               5.00,          59668615,            122.75,     7324322491.25   
05 FEB 2026,TVVISION,BE,TV VISION LIMITED        ,Listed    ,05 FEB 2026,              10.00,          38744500,              6.50,      251064360.00  
05 FEB 2026,UBL,EQ,UNITED BREWERIES LTD     ,Listed    ,05 FEB 2026,               1.00,         264405149,           1483.80,   392324360086.20       
05 FEB 2026,UCAL,EQ,UCAL LIMITED             ,Listed    ,05 FEB 2026,              10.00,          22113625,            110.70,     2447978287.50      
05 FEB 2026,UCL,SM,USHANTI COLOUR CHEM LTD  ,Listed    ,05 FEB 2026,              10.00,          11236700,             60.00,      674202000.00       
05 FEB 2026,UCOBANK,EQ,UCO BANK                 ,Listed    ,05 FEB 2026,              10.00,       12539558979,             28.60,   358380595619.80   
05 FEB 2026,UDS,EQ,UPDATER SERVICES LIMITED ,Listed    ,05 FEB 2026,              10.00,          66953241,            162.45,    10877223532.85       
05 FEB 2026,UEL,EQ,UJAAS ENERGY LIMITED     ,Listed    ,05 FEB 2026,               1.00,         333397890,            157.30,    52450156054.80       
05 FEB 2026,UFBL,EQ,UNITED FOODBRANDS LIMITED,Listed    ,05 FEB 2026,               5.00,          39086387,            242.30,     9470240706.25      
05 FEB 2026,UFLEX,EQ,UFLEX LIMITED            ,Listed    ,05 FEB 2026,              10.00,          72211486,            483.10,    34885368886.60     
05 FEB 2026,UFO,EQ,UFO MOVIEZ INDIA LTD.    ,Listed    ,05 FEB 2026,              10.00,          38814757,             74.35,     2885100887.80       
05 FEB 2026,UGARSUGAR,EQ,THE UGAR SUGAR WORKS LTD ,Listed    ,05 FEB 2026,               1.00,         112500000,             37.40,     4205250000.00 
05 FEB 2026,UGROCAP,EQ,UGRO CAPITAL LIMITED     ,Listed    ,05 FEB 2026,              10.00,         139857828,            154.35,    21587055751.80   
05 FEB 2026,UHTL,SM,UNITED HEAT TRANSFER LTD ,Listed    ,05 FEB 2026,              10.00,          19004000,             48.00,      912192000.00      
05 FEB 2026,UJJIVANSFB,EQ,UJJIVAN SMALL FINANC BANK,Listed    ,05 FEB 2026,              10.00,        1938463117,             63.10,   122278253420.35
05 FEB 2026,ULTRACEMCO,EQ,ULTRATECH CEMENT LIMITED ,Listed    ,05 FEB 2026,              10.00,         294679171,          12773.00,  3763937051183.00
05 FEB 2026,UMA,SM,UMA CONVERTER LIMITED    ,Listed    ,05 FEB 2026,              10.00,          20274286,             19.45,      394334862.70       
05 FEB 2026,UMAEXPORTS,EQ,UMA EXPORTS LIMITED      ,Listed    ,05 FEB 2026,              10.00,          33809830,             33.50,     1131953108.40
05 FEB 2026,UMESLTD,EQ,USHA MARTIN EDU & SOL LTD,Listed    ,05 FEB 2026,               1.00,          26415811,              4.70,      123890153.60   
05 FEB 2026,UMIYA-MRO,EQ,UMIYA BUILDCON LIMITED   ,Listed    ,05 FEB 2026,               5.00,          18684602,             94.50,     1765321196.95 
05 FEB 2026,UNICHEMLAB,EQ,UNICHEM LABORATORIES LTD ,Listed    ,05 FEB 2026,               2.00,          70405750,            429.75,    30256871062.50
05 FEB 2026,UNIDT,EQ,UNITED DRILLING TOOLS LTD,Listed    ,05 FEB 2026,              10.00,          20303126,            186.60,     3788766342.85     
05 FEB 2026,UNIECOM,EQ,UNICOMMERCE ESOLUTIONS L ,Listed    ,05 FEB 2026,               1.00,         111362085,            102.95,    11464726650.75   
05 FEB 2026,UNIENTER,EQ,UNIPHOS ENTERPRISES LTD  ,Listed    ,05 FEB 2026,               2.00,          69545849,            117.95,     8203628348.05  
05 FEB 2026,UNIHEALTH,ST,UNIHEALTH HOSPITALS LTD  ,Listed    ,05 FEB 2026,              10.00,          15499952,            292.25,     4529860972.00 
05 FEB 2026,UNIINFO,EQ,UNIINFO TELECOM SERVI LTD,Listed    ,05 FEB 2026,              10.00,          10693120,             14.85,      158792832.00   
05 FEB 2026,UNILEX,SM,UNILEX COLOURS AND CHEM L,Listed    ,04 FEB 2026,              10.00,          13617000,             31.95,      435063150.00    
05 FEB 2026,UNIMECH,EQ,UNIMECH AEROSPACE N MFG L,Listed    ,05 FEB 2026,               5.00,          50856883,            951.85,    48408124083.55   
05 FEB 2026,UNIONBANK,EQ,UNION BANK OF INDIA      ,Listed    ,05 FEB 2026,              10.00,        7633605607,            177.90,  1358171109597.45 
05 FEB 2026,UNIPARTS,EQ,UNIPARTS INDIA LIMITED   ,Listed    ,05 FEB 2026,              10.00,          45134803,            493.50,    22274025280.50  
05 FEB 2026,UNITDSPR,EQ,UNITED SPIRITS LIMITED   ,Listed    ,05 FEB 2026,               2.00,         727350853,           1359.40,   988760749568.20  
05 FEB 2026,UNITECH,EQ,UNITECH LTD              ,Listed    ,05 FEB 2026,               2.00,        2616301047,              5.05,    13159994266.40   
05 FEB 2026,UNITEDPOLY,BE,UNITED POLYFAB GUJ. LTD. ,Listed    ,05 FEB 2026,               1.00,         229515500,             28.85,     6621522175.00
05 FEB 2026,UNITEDTEA,EQ,UNITED NILGIRI TEA LTD   ,Listed    ,05 FEB 2026,              10.00,           4996566,            476.25,     2379614557.50 
05 FEB 2026,UNIVASTU,EQ,UNIVASTU INDIA LIMITED   ,Listed    ,05 FEB 2026,              10.00,          35986770,             63.15,     2272924393.20  
05 FEB 2026,UNIVCABLES,EQ,UNIVERSAL CABLES LTD     ,Listed    ,05 FEB 2026,              10.00,          31989828,            759.90,    24309070297.20
05 FEB 2026,UNIVPHOTO,EQ,UNIVERSUS IMAGINGS LTD   ,Listed    ,05 FEB 2026,              10.00,          10946604,            193.60,     2119481466.50 
05 FEB 2026,UNOMINDA,EQ,UNO MINDA LIMITED        ,Listed    ,05 FEB 2026,               2.00,         577143260,           1230.80,   710347924408.00  
05 FEB 2026,UPL,EQ,UPL LIMITED              ,Listed    ,05 FEB 2026,               2.00,         843318751,            747.65,   630507264185.15       
05 FEB 2026,URAVIDEF,EQ,URAVI DEFENCE &TECH LTD  ,Listed    ,05 FEB 2026,              10.00,          11400000,            181.75,     2071836000.00  
05 FEB 2026,URBAN,SM,URBAN ENVIRO WASTE MGMT L,Listed    ,05 FEB 2026,              10.00,           8660000,            141.00,     1221060000.00     
05 FEB 2026,URBANCO,EQ,URBAN COMPANY LIMITED    ,Listed    ,05 FEB 2026,               1.00,        1446109569,            123.15,   178059471230.95   
05 FEB 2026,URJA,EQ,URJA GLOBAL LIMITED      ,Listed    ,05 FEB 2026,               1.00,         525453377,             10.10,     5301824573.95      
05 FEB 2026,USASEEDS,SM,UPSURGE SEEDS OF AGRI LTD,Listed    ,04 FEB 2026,              10.00,          10085429,            139.00,     1401874631.00  
05 FEB 2026,USHAFIN,SM,USHA FINANCIAL SERVICES L,Listed    ,05 FEB 2026,              10.00,          43475262,             29.20,     1269477650.40   
05 FEB 2026,USHAMART,EQ,USHA MARTIN LTD.         ,Listed    ,05 FEB 2026,               1.00,         304741780,            414.90,   126437364522.00  
05 FEB 2026,USK,EQ,UDAYSHIVAKUMAR INFRA LTD ,Listed    ,05 FEB 2026,              10.00,          55357142,             21.35,     1180767838.85       
05 FEB 2026,UTIAMC,EQ,UTI ASSET MNGMT CO LTD   ,Listed    ,05 FEB 2026,              10.00,         128456530,           1069.45,   137377836008.50    
05 FEB 2026,UTKARSHBNK,EQ,UTKARSH SMALL FIN BANK L ,Listed    ,05 FEB 2026,              10.00,        1779523684,             13.85,    24664198260.25
05 FEB 2026,UTLSOLAR,EQ,FUJIYAMA POWER SYSTEMS L ,Listed    ,05 FEB 2026,               1.00,         306410934,            210.15,    64389193670.75  
05 FEB 2026,UTSSAV,SM,UTSSAV CZ GOLD JEWELS LTD,Listed    ,05 FEB 2026,              10.00,          23818000,            211.45,     5036316100.00    
05 FEB 2026,UTTAMSUGAR,EQ,UTTAM SUGAR MILLS LTD.   ,Listed    ,05 FEB 2026,              10.00,          38138120,            216.05,     8239359444.80
05 FEB 2026,UWCSL,SM,ULTRA WIRING CONN SYS LTD,Listed    ,30 JAN 2026,              10.00,           5203571,             98.15,      510730493.65     
05 FEB 2026,UYFINCORP,BE,U. Y. FINCORP LIMITED    ,Listed    ,05 FEB 2026,               5.00,         190238329,             14.20,     2699481888.50 
05 FEB 2026,V2RETAIL,EQ,V2 RETAIL LIMITED        ,Listed    ,05 FEB 2026,              10.00,          36463755,           2048.40,    74692355742.00  
05 FEB 2026,VADILALIND,EQ,VADILAL INDUSTRIES LTD   ,Listed    ,05 FEB 2026,              10.00,           7187830,           4589.60,    32989264568.00
05 FEB 2026,VAIBHAVGBL,EQ,VAIBHAV GLOBAL LIMITED   ,Listed    ,05 FEB 2026,               2.00,         167032890,            231.70,    38704861270.80
05 FEB 2026,VAISHALI,EQ,VAISHALI PHARMA LIMITED  ,Listed    ,05 FEB 2026,               2.00,         130462130,              7.85,     1026736963.10  
05 FEB 2026,VAKRANGEE,EQ,VAKRANGEE LIMITED        ,Listed    ,05 FEB 2026,               1.00,        1083191807,              7.00,     7560678812.85 
05 FEB 2026,VALIANTLAB,EQ,VALIANT LABORATORIES LTD ,Listed    ,05 FEB 2026,              10.00,          54312500,             60.30,     3276130000.00
05 FEB 2026,VALIANTORG,EQ,VALIANT ORGANICS LIMITED ,Listed    ,05 FEB 2026,              10.00,          27614049,            272.65,     7528418178.85
05 FEB 2026,VARDHACRLC,EQ,VARDHAMAN ACRYLICS LTD   ,Listed    ,05 FEB 2026,              10.00,          80363746,             37.85,     3040964148.65
05 FEB 2026,VARDMNPOLY,EQ,VARDHMAN POLYTEX LTD.    ,Listed    ,05 FEB 2026,               1.00,         458894004,              7.00,     3207669087.95
05 FEB 2026,VARROC,EQ,VARROC ENGINEERING LTD.  ,Listed    ,05 FEB 2026,               1.00,         152786400,            582.10,    88936963440.00    
05 FEB 2026,VASA,SM,VASA RETAIL & OVERSEA LTD,Listed    ,02 JAN 2026,              10.00,           5992550,              5.00,       29962750.00      
05 FEB 2026,VASCONEQ,EQ,VASCON ENGINEERS LTD     ,Listed    ,05 FEB 2026,              10.00,         228667111,             43.85,    10027052817.35  
05 FEB 2026,VASWANI,EQ,VASWANI IND LTD          ,Listed    ,05 FEB 2026,              10.00,          31346153,             53.30,     1670749954.90   
05 FEB 2026,VBL,EQ,VARUN BEVERAGES LIMITED  ,Listed    ,05 FEB 2026,               2.00,        3381988769,            437.10,  1478267290929.90       
05 FEB 2026,VCL,BE,VAXTEX COTFAB LIMITED    ,Listed    ,05 FEB 2026,               1.00,         183752220,              1.95,      354641784.60       
05 FEB 2026,VDEAL,SM,VDEAL SYSTEM LIMITED     ,Listed    ,04 FEB 2026,              10.00,           4890460,            171.00,      836268660.00     
05 FEB 2026,VEDL,EQ,VEDANTA LIMITED          ,Listed    ,05 FEB 2026,               1.00,        3910388057,            655.20,  2562086254946.40      
05 FEB 2026,VEEDOL,EQ,VEEDOL CORPORATION LTD   ,Listed    ,05 FEB 2026,               2.00,          17424000,           1514.40,    26386905600.00    
05 FEB 2026,VEEKAYEM,SM,VEEKAYEM FASH & APP LTD  ,Listed    ,05 FEB 2026,              10.00,           5875730,             93.45,      549086968.50  
05 FEB 2026,VELS,SM,VELS FILM INTERNATIONAL L,Listed    ,04 FEB 2026,              10.00,          12908000,             57.85,      746727800.00      
05 FEB 2026,VENKEYS,EQ,VENKY S (INDIA) LIMITED  ,Listed    ,05 FEB 2026,              10.00,          14087335,           1569.00,    22103028615.00   
05 FEB 2026,VENTIVE,EQ,VENTIVE HOSPITALITY LTD  ,Listed    ,05 FEB 2026,               1.00,         233541608,            779.15,   181963943873.20   
05 FEB 2026,VENUSPIPES,EQ,VENUS PIPES & TUBES LTD  ,Listed    ,05 FEB 2026,              10.00,          20716110,           1171.30,    24264779643.00
05 FEB 2026,VENUSREM,BE,VENUS REMEDIES LIMITED   ,Listed    ,05 FEB 2026,              10.00,          13366988,            758.55,    10139528747.40  
05 FEB 2026,VERA,SM,VERA SYNTHETIC LIMITED   ,Listed    ,27 OCT 2025,              10.00,           4935000,             69.90,      344956500.00      
05 FEB 2026,VERANDA,EQ,VERANDA LEARNING SOL LTD ,Listed    ,05 FEB 2026,              10.00,          95731679,            198.45,    18996994380.75   
05 FEB 2026,VERITAAS,SM,VERITAAS ADVERTISING LTD ,Listed    ,05 FEB 2026,              10.00,           2823000,             61.75,      174320250.00  
05 FEB 2026,VERTEXPLUS,SM,VERTEXPLUS TECHNOLOGIES L,Listed    ,03 FEB 2026,              10.00,           5479600,             91.00,      498643600.00
05 FEB 2026,VERTIS,IV,VERTIS INFRASTRUCTURE TST,Listed    ,04 FEB 2026,             100.00,        1509983998,            107.00,   161568287786.00    
05 FEB 2026,VERTOZ,EQ,VERTOZ LIMITED           ,Listed    ,05 FEB 2026,              10.00,          85230000,             53.90,     4592192400.00    
05 FEB 2026,VESUVIUS,EQ,VESUVIUS INDIA LTD       ,Listed    ,05 FEB 2026,               1.00,         202960800,            488.70,    99186942960.00  
05 FEB 2026,VETO,EQ,VETO SWITCHGEAR CABLE LTD,Listed    ,05 FEB 2026,              10.00,          19114955,            102.50,     1959474037.05      
05 FEB 2026,VGINFOTECH,SM,VIRTUAL GALAXY INFOTECH L,Listed    ,05 FEB 2026,              10.00,          24868635,            139.55,     3470418014.25
05 FEB 2026,VGL,EQ,VARVEE GLOBAL LIMITED    ,Listed    ,05 FEB 2026,              10.00,          25764339,            136.75,     3522758071.45       
05 FEB 2026,VGUARD,EQ,V-GUARD IND LTD.         ,Listed    ,05 FEB 2026,               1.00,         436344639,            338.65,   147768111997.35    
05 FEB 2026,VHL,EQ,VARDHMAN HOLDINGS LIMITED,Listed    ,05 FEB 2026,              10.00,           3183808,           3330.60,    10603990924.80       
05 FEB 2026,VHLTD,BE,VICEROY HOTELS LIMITED   ,Listed    ,05 FEB 2026,              10.00,          67578948,            138.15,     9335355876.70     
05 FEB 2026,VIAZ,SM,VIAZ TYRES LIMITED       ,Listed    ,29 JAN 2026,              10.00,          13437000,             65.00,      873405000.00      
05 FEB 2026,VICTORYEV,SM,VICTORY ELEC VEHICL INT L,Listed    ,05 FEB 2026,               5.00,          24090000,             21.95,      528775500.00 
05 FEB 2026,VIDHIING,EQ,VIDHI SPCLTY F INGRDNTS L,Listed    ,05 FEB 2026,               1.00,          49945000,            316.90,    15827570500.00  
05 FEB 2026,VIDYAWIRES,EQ,VIDYA WIRES LIMITED      ,Listed    ,05 FEB 2026,               1.00,         212692307,             48.90,    10396399966.15
05 FEB 2026,VIESL,ST,VISION INFRA EQUIP SOL L ,Listed    ,05 FEB 2026,              10.00,          24642400,            232.00,     5717036800.00     
05 FEB 2026,VIGOR,SM,VIGOR PLAST INDIA LIMITED,Listed    ,05 FEB 2026,              10.00,          10351700,             59.70,      617996490.00     
05 FEB 2026,VIJAYA,EQ,VIJAYA DIAGNOSTIC CEN LTD,Listed    ,05 FEB 2026,               1.00,         102724936,            971.45,    99792139077.20    
05 FEB 2026,VIJAYPD,SM,VIJAYPD CEUTICAL LIMITED ,Listed    ,05 FEB 2026,              10.00,          19528686,             56.05,     1094582850.30   
05 FEB 2026,VIJIFIN,EQ,VIJI FINANCE LIMITED     ,Listed    ,05 FEB 2026,               1.00,         142500000,              2.45,      350550000.00   
05 FEB 2026,VIKASECO,EQ,VIKAS ECOTECH LIMITED    ,Listed    ,05 FEB 2026,               1.00,        1768706024,              1.60,     2847616698.65  
05 FEB 2026,VIKASLIFE,EQ,VIKAS LIFECARE LIMITED   ,Listed    ,05 FEB 2026,               1.00,        1857668560,              1.70,     3158036552.00 
05 FEB 2026,VIKRAMSOLR,EQ,VIKRAM SOLAR LIMITED     ,Listed    ,05 FEB 2026,              10.00,         362330181,            211.60,    76676312903.20
05 FEB 2026,VIKRAN,EQ,VIKRAN ENGINEERING LTD   ,Listed    ,05 FEB 2026,               1.00,         257911026,             86.40,    22283512646.40    
05 FEB 2026,VILAS,SM,VILAS TRANSCORE LIMITED  ,Listed    ,05 FEB 2026,              10.00,          24480000,            330.05,     8079624000.00     
05 FEB 2026,VILINBIO,ST,VILIN BIO MED LIMITED    ,Listed    ,05 FEB 2026,              10.00,          13950000,             36.00,      502200000.00  
05 FEB 2026,VIMTALABS,EQ,VIMTA LABS LIMITED       ,Listed    ,05 FEB 2026,               2.00,          44635189,            429.90,    19188667751.10 
05 FEB 2026,VINATIORGA,EQ,VINATI ORGANICS LTD      ,Listed    ,05 FEB 2026,               1.00,         103665632,           1531.20,   158732815718.40
05 FEB 2026,VINCOFE,EQ,VINTAGE COFFEE N BVRGS L ,Listed    ,05 FEB 2026,              10.00,         144438409,            147.55,    21308998479.75   
05 FEB 2026,VINDHYATEL,EQ,VINDHYA TELELINKS LTD    ,Listed    ,05 FEB 2026,              10.00,          11850863,           1266.50,    15009117989.50
05 FEB 2026,VINEETLAB,EQ,VINEET LABORATORIES LTD  ,Listed    ,05 FEB 2026,              10.00,          19206267,             31.40,      603076783.80 
05 FEB 2026,VINNY,EQ,VINNY OVERSEAS LIMITED   ,Listed    ,05 FEB 2026,               1.00,         465246622,              1.20,      562948412.60     
05 FEB 2026,VINSYS,SM,VINSYS IT SERVICES IND LT,Listed    ,05 FEB 2026,              10.00,          14677927,            309.85,     4547955680.95    
05 FEB 2026,VINYAS,SM,VINYAS INNOVATIVE TECH L ,Listed    ,05 FEB 2026,              10.00,          12584726,           1055.65,    13285066001.90    
05 FEB 2026,VINYLINDIA,EQ,VINYL CHEMICALS (I) LTD. ,Listed    ,05 FEB 2026,               1.00,          18337111,            215.90,     3959165636.00
05 FEB 2026,VIPCLOTHNG,EQ,VIP CLOTHING LIMITED     ,Listed    ,05 FEB 2026,               2.00,          90129519,             25.60,     2307315686.40
05 FEB 2026,VIPIND,EQ,VIP INDUSTRIES LTD       ,Listed    ,05 FEB 2026,               2.00,         142051434,            386.15,    54853161239.10    
05 FEB 2026,VIPULLTD,BE,VIPUL LIMITED            ,Listed    ,05 FEB 2026,               1.00,         140959480,             10.60,     1492760893.20  
05 FEB 2026,VIRINCHI,EQ,VIRINCHI LIMITED         ,Listed    ,05 FEB 2026,              10.00,         102646896,             21.50,     2205881795.05  
05 FEB 2026,VISAKAIND,EQ,VISAKA INDUSTRIES LIMITED,Listed    ,05 FEB 2026,               2.00,          86404760,             65.50,     5659511780.00 
05 FEB 2026,VISAMAN,ST,VISAMAN GLOBAL SALES LTD ,Listed    ,05 FEB 2026,              10.00,          19371099,            129.80,     2514368650.20   
05 FEB 2026,VISASTEEL,EQ,VISA STEEL LIMITED       ,Listed    ,05 FEB 2026,              10.00,         115789500,             37.95,     4393053630.00 
05 FEB 2026,VISHNU,EQ,VISHNU CHEMICALS LIMITED ,Listed    ,05 FEB 2026,               2.00,          67315284,            521.45,    35101554841.80    
05 FEB 2026,VISHNUINFR,SM,VISHNUSURYA PROJ N INFR L,Listed    ,05 FEB 2026,              10.00,          24609671,            182.40,     4488803990.40
05 FEB 2026,VISHWARAJ,EQ,VISHWARAJ SUGAR IND LTD  ,Listed    ,05 FEB 2026,               2.00,         217827700,              6.00,     1309144477.00 
05 FEB 2026,VISHWAS,SM,VISHWAS AGRI SEEDS LTD   ,Listed    ,05 FEB 2026,              10.00,          10000000,             38.10,      381000000.00   
05 FEB 2026,VITAL,SM,VITAL CHEMTECH LIMITED   ,Listed    ,05 FEB 2026,              10.00,          23951100,             50.60,     1211925660.00     
05 FEB 2026,VIVIANA,SM,VIVIANA POWER TECH LTD   ,Listed    ,05 FEB 2026,              10.00,          10124800,            787.25,     7970748800.00   
05 FEB 2026,VIVIDHA,EQ,VISAGAR POLYTEX LTD      ,Listed    ,05 FEB 2026,               1.00,         292700534,              0.60,      169766309.70   
05 FEB 2026,VIVIMEDLAB,EQ,VIVIMED LABS LIMITED     ,Listed    ,05 FEB 2026,               2.00,          82913915,              7.60,      628487475.70
05 FEB 2026,VIVO,SM,VIVO COLLAB SOLUTIONS LTD,Listed    ,21 JAN 2026,              10.00,           2015000,             76.00,      153140000.00      
05 FEB 2026,VIYASH,EQ,VIYASH SCIENTIFIC LIMITED,Listed    ,05 FEB 2026,               2.00,         254112649,            208.95,    53096838008.55    
05 FEB 2026,VLEGOV,EQ,VL E GOV AND IT SOL LTD  ,Listed    ,05 FEB 2026,              10.00,         108451329,             13.75,     1489036747.15    
05 FEB 2026,VLINFRA,SM,V.L.INFRAPROJECTS LIMITED,Listed    ,05 FEB 2026,              10.00,          15712500,             27.50,      432093750.00   
05 FEB 2026,VLSFINANCE,EQ,VLS FINANCE LTD          ,Listed    ,05 FEB 2026,              10.00,          31378663,            270.95,     8502048739.85
05 FEB 2026,VMARCIND,SM,V MARC INDIA LIMITED     ,Listed    ,05 FEB 2026,              10.00,          24420696,            614.85,    15015064935.60  
05 FEB 2026,VMART,EQ,VMART RETAIL LTD         ,Listed    ,05 FEB 2026,              10.00,          79439025,            597.80,    47488649145.00     
05 FEB 2026,VMM,EQ,VISHAL MEGA MART LIMITED ,Listed    ,05 FEB 2026,              10.00,        4673002806,            123.05,   575012995278.30       
05 FEB 2026,VMSTMT,EQ,VMS TMT LIMITED          ,Listed    ,05 FEB 2026,              10.00,          49631210,             48.85,     2423491984.30    
05 FEB 2026,VOLERCAR,SM,VOLER CAR LIMITED        ,Listed    ,05 FEB 2026,              10.00,          11143527,            233.15,     2598113320.05  
05 FEB 2026,VOLTAMP,EQ,VOLTAMP TRANSFORMERS LTD ,Listed    ,05 FEB 2026,              10.00,          10117120,           7957.00,    80501923840.00   
05 FEB 2026,VOLTAS,EQ,VOLTAS LTD               ,Listed    ,05 FEB 2026,               1.00,         330884740,           1426.80,   472106347032.00    
05 FEB 2026,VPRPL,EQ,VISHNU PRAKASH R PUNGLI L,Listed    ,05 FEB 2026,              10.00,         124644000,             47.80,     5959229640.00     
05 FEB 2026,VR,SM,V R INFRASPACE LIMITED   ,Listed    ,01 FEB 2026,              10.00,           8880000,            154.65,     1373292000.00        
05 FEB 2026,VRAJ,EQ,VRAJ IRON AND STEEL LTD  ,Listed    ,05 FEB 2026,              10.00,          32982619,            129.75,     4279824641.45      
05 FEB 2026,VRLLOG,EQ,VRL LOGISTICS LIMITED    ,Listed    ,05 FEB 2026,              10.00,         176686990,            279.40,    49366345006.00    
05 FEB 2026,VSCL,ST,VADIVARHE SPCLTY CHEM LTD,Listed    ,05 FEB 2026,              10.00,          12782750,             22.40,      286333600.00      
05 FEB 2026,VSSL,EQ,VARDHMAN SPC STEEL LTD   ,Listed    ,05 FEB 2026,              10.00,          96561928,            256.45,    24763306435.60      
05 FEB 2026,VSTIND,EQ,VST INDUSTRIES LTD       ,Listed    ,05 FEB 2026,              10.00,         169861120,            229.05,    38908388147.20    
05 FEB 2026,VSTL,EQ,VIBHOR STEEL TUBES LTD   ,Listed    ,05 FEB 2026,              10.00,          18962443,            117.80,     2233586160.95      
05 FEB 2026,VSTTILLERS,EQ,VST TILLERS TRACTORS LTD ,Listed    ,05 FEB 2026,              10.00,           8643358,           5896.50,    50965560447.00
05 FEB 2026,VTL,EQ,VARDHMAN TEXTILES LIMITED,Listed    ,05 FEB 2026,               2.00,         289237300,            485.35,   140381323555.00       
05 FEB 2026,WAAREEENER,EQ,WAAREE ENERGIES LIMITED  ,Listed    ,05 FEB 2026,              10.00,         287640905,           3071.60,   883517803798.00
05 FEB 2026,WAAREEINDO,BE,INDOSOLAR LIMITED        ,Listed    ,05 FEB 2026,              10.00,          41603691,            441.75,    18378430499.25
05 FEB 2026,WAAREERTL,EQ,WAAREE RENEWABLE TECH LTD,Listed    ,05 FEB 2026,               2.00,         104246569,            898.40,    93655117589.60 
05 FEB 2026,WABAG,EQ,VA TECH WABAG LTD        ,Listed    ,05 FEB 2026,               2.00,          62297252,           1186.00,    73884540872.00     
05 FEB 2026,WAKEFIT,EQ,WAKEFIT INNOVATIONS LTD  ,Listed    ,05 FEB 2026,               1.00,         326828675,            182.20,    59541648011.50   
05 FEB 2026,WALCHANNAG,EQ,WALCHANDNAGAR INDUSTRIES ,Listed    ,05 FEB 2026,               2.00,          67826451,            180.65,    12252848373.15
05 FEB 2026,WALPAR,SM,WALPAR NUTRITIONS LIMITED,Listed    ,29 JAN 2026,              10.00,           9390440,             45.50,      427265020.00    
05 FEB 2026,WANBURY,EQ,WANBURY LIMITED          ,Listed    ,05 FEB 2026,              10.00,          34891998,            260.45,     9087620879.10   
05 FEB 2026,WCIL,EQ,WESTERN CARRIERS (IND) L ,Listed    ,05 FEB 2026,               5.00,         101955213,            119.90,    12226469142.95      
05 FEB 2026,WEALTH,EQ,WEALTH FRST PORT. MG. LTD,Listed    ,05 FEB 2026,              10.00,          10655000,            829.85,     8842051750.00    
05 FEB 2026,WEBELSOLAR,EQ,WEBSOL ENERGY SYSTEM LTD ,Listed    ,05 FEB 2026,               1.00,         422063470,             67.65,    28552593745.50
05 FEB 2026,WEIZMANIND,EQ,WEIZMANN LTD             ,Listed    ,05 FEB 2026,              10.00,          15493852,             91.25,     1413813995.00
05 FEB 2026,WEL,EQ,WONDER ELECTRICALS LTD   ,Listed    ,05 FEB 2026,               1.00,         134008000,            140.45,    18820083520.00       
05 FEB 2026,WELCORP,EQ,WELSPUN CORP LIMITED     ,Listed    ,05 FEB 2026,               5.00,         263790645,            838.65,   221228024429.25   
05 FEB 2026,WELENT,EQ,WELSPUN ENTERPRISES LTD. ,Listed    ,05 FEB 2026,              10.00,         138413810,            470.55,    65130618295.50    
05 FEB 2026,WELINV,EQ,WELSPUN INV & COMM LTD   ,Listed    ,05 FEB 2026,              10.00,           3654476,           1274.20,     4656533319.20    
05 FEB 2026,WELSPUNLIV,EQ,WELSPUN LIVING LIMITED   ,Listed    ,05 FEB 2026,               1.00,         959152514,            142.00,   136199656988.00
05 FEB 2026,WENDT,EQ,WENDT (INDIA) LIMITED    ,Listed    ,05 FEB 2026,              10.00,           2000000,           6971.00,    13942000000.00     
05 FEB 2026,WESTLIFE,EQ,WESTLIFE FOODWORLD LTD   ,Listed    ,05 FEB 2026,               2.00,         155936165,            535.20,    83457035508.00  
05 FEB 2026,WEWIN,EQ,WE WIN LIMITED           ,Listed    ,05 FEB 2026,              10.00,          10161000,             42.95,      436414950.00     
05 FEB 2026,WEWORK,EQ,WEWORK INDIA MANAGEMENT L,Listed    ,05 FEB 2026,              10.00,         134023259,            576.50,    77264408813.50    
05 FEB 2026,WHEELS,EQ,WHEELS INDIA LTD         ,Listed    ,05 FEB 2026,              10.00,          24433012,            877.20,    21432638126.40    
05 FEB 2026,WHIRLPOOL,EQ,WHIRLPOOL OF INDIA LTD   ,Listed    ,05 FEB 2026,              10.00,         126871830,            832.35,   105601767700.50 
05 FEB 2026,WHITEFORCE,SM,HAPPY SQUARE OUTSOURC S L,Listed    ,05 FEB 2026,              10.00,          11600400,             50.00,      580020000.00
05 FEB 2026,WILLAMAGOR,EQ,WILLIAMSON MAGOR         ,Listed    ,05 FEB 2026,              10.00,          10956360,             28.30,      309845860.80
05 FEB 2026,WINDLAS,EQ,WINDLAS BIOTECH LIMITED  ,Listed    ,05 FEB 2026,               5.00,          21077239,            836.90,    17639541319.10   
05 FEB 2026,WINDMACHIN,EQ,WINDSOR MACHINES LIMITED ,Listed    ,05 FEB 2026,               2.00,          87084521,            259.70,    22615850103.70
05 FEB 2026,WINNY,SM,WINNY IMMIGRA & EDU SER L,Listed    ,04 FEB 2026,              10.00,           2170000,             60.00,      130200000.00     
05 FEB 2026,WINSOL,SM,WINSOL ENGINEERS LIMITED ,Listed    ,05 FEB 2026,              10.00,          11535200,            129.50,     1493808400.00    
05 FEB 2026,WINSOME,BZ,WINSOME YARNS LIMITED    ,Listed    ,05 FEB 2026,              10.00,          70707229,              1.65,      115252783.25   
05 FEB 2026,WIPL,EQ,THE WESTERN INDIA PLY LTD,Listed    ,05 FEB 2026,              10.00,           8487340,            149.00,     1264613660.00      
05 FEB 2026,WIPRO,EQ,WIPRO LTD                ,Listed    ,05 FEB 2026,               2.00,       10486718754,            233.40,  2447495289996.05     
05 FEB 2026,WOCKPHARMA,EQ,WOCKHARDT LIMITED        ,Listed    ,05 FEB 2026,               5.00,         162492169,           1395.70,   226790320273.30
05 FEB 2026,WOL3D,ST,WOL 3D INDIA LIMITED     ,Listed    ,05 FEB 2026,              10.00,           6452000,            139.25,      898441000.00     
05 FEB 2026,WOMANCART,SM,WOMANCART LIMITED        ,Listed    ,05 FEB 2026,              10.00,           6691600,            186.90,     1250660040.00 
05 FEB 2026,WONDERLA,EQ,WONDERLA HOLIDAYS LTD.   ,Listed    ,05 FEB 2026,              10.00,          63422766,            515.20,    32675409043.20  
05 FEB 2026,WORTHPERI,EQ,WORTH PERIPHERALS LIMITED,Listed    ,05 FEB 2026,              10.00,          15751000,            136.75,     2153634230.00 
05 FEB 2026,WSI,EQ,W.S.INDUSTRIES (I) LTD.  ,Listed    ,05 FEB 2026,              10.00,          65918749,             80.10,     5280091794.90       
05 FEB 2026,WSTCSTPAPR,EQ,WEST COAST PAPER MILLS LT,Listed    ,05 FEB 2026,               2.00,          66048908,            439.50,    29028495066.00
05 FEB 2026,WTICAB,SM,WISE TRAVEL INDIA LIMITED,Listed    ,05 FEB 2026,              10.00,          23811837,            118.35,     2818130908.95    
05 FEB 2026,XCHANGING,EQ,XCHANGING SOLUTIONS LTD  ,Listed    ,05 FEB 2026,              10.00,         111403716,             72.55,     8084567670.10 
05 FEB 2026,XELPMOC,EQ,XELPMOC DESIGN & TECH LTD,Listed    ,05 FEB 2026,              10.00,          14759493,            132.60,     1957256366.75   
05 FEB 2026,XPROINDIA,EQ,XPRO INDIA LIMITED       ,Listed    ,05 FEB 2026,              10.00,          23470378,            973.05,    22837851312.90 
05 FEB 2026,XTGLOBAL,EQ,XTGLOBAL INFOTECH LIMITED,Listed    ,05 FEB 2026,               1.00,         133562205,             29.75,     3974811220.80  
05 FEB 2026,YASHO,EQ,YASHO INDUSTRIES LIMITED ,Listed    ,05 FEB 2026,              10.00,          12057095,           1399.60,    16875110162.00     
05 FEB 2026,YASHOPTICS,SM,YASH OPTICS & LENS LTD   ,Listed    ,05 FEB 2026,              10.00,          24765600,            117.00,     2897575200.00
05 FEB 2026,YATHARTH,EQ,YATHARTH HOSP & TRA C S L,Listed    ,05 FEB 2026,              10.00,          96354357,            647.40,    62379810721.80  
05 FEB 2026,YATRA,EQ,YATRA ONLINE LIMITED     ,Listed    ,05 FEB 2026,               1.00,         156916193,            144.00,    22592793468.15     
05 FEB 2026,YCCL,SM,YASONS CHEMEX CARE LTD   ,Listed    ,05 FEB 2026,              10.00,          19303920,             11.80,      227786256.00      
05 FEB 2026,YESBANK,EQ,YES BANK LIMITED         ,Listed    ,05 FEB 2026,               2.00,       31377549600,             21.40,   670852010448.00   
05 FEB 2026,YUDIZ,SM,YUDIZ SOLUTIONS LIMITED  ,Listed    ,05 FEB 2026,              10.00,          10319375,             34.70,      358082312.50     
05 FEB 2026,YUKEN,EQ,YUKEN INDIA LIMITED      ,Listed    ,05 FEB 2026,              10.00,          13584000,            806.55,    10956175200.00     
05 FEB 2026,ZAGGLE,EQ,ZAGGLE PREPA OCEAN SER L ,Listed    ,05 FEB 2026,               1.00,         134451967,            287.20,    38614604922.40    
05 FEB 2026,ZEAL,SM,ZEAL GLOBAL SERVICES LTD ,Listed    ,05 FEB 2026,              10.00,          13309750,             74.00,      984921500.00      
05 FEB 2026,ZEEL,EQ,ZEE ENTERTAINMENT ENT LTD,Listed    ,05 FEB 2026,               1.00,         960519420,             85.95,    82566249343.20      
05 FEB 2026,ZEELEARN,EQ,ZEE LEARN LIMITED        ,Listed    ,05 FEB 2026,               1.00,         327062005,              6.30,     2057220011.45  
05 FEB 2026,ZEEMEDIA,EQ,ZEE MEDIA CORPORATION LTD,Listed    ,05 FEB 2026,               1.00,         625428680,              8.05,     5028446587.20  
05 FEB 2026,ZENITHDRUG,SM,ZENITH DRUGS LIMITED     ,Listed    ,05 FEB 2026,              10.00,          17148800,             49.05,      841148640.00
05 FEB 2026,ZENITHEXPO,EQ,ZENITH EXPORTS LTD       ,Listed    ,05 FEB 2026,              10.00,           5396250,            211.50,     1141360837.50
05 FEB 2026,ZENITHSTL,EQ,ZENITH STEEL PIP IND LTD ,Listed    ,05 FEB 2026,              10.00,         142280448,              5.20,      742703938.55 
05 FEB 2026,ZENSARTECH,EQ,ZENSAR TECHNOLOGIES  LTD ,Listed    ,05 FEB 2026,               2.00,         227372542,            641.20,   145791273930.40
05 FEB 2026,ZENTEC,EQ,ZEN TECHNOLOGIES LIMITED ,Listed    ,05 FEB 2026,               1.00,          90290356,           1332.20,   120284812263.20    
05 FEB 2026,ZFCVINDIA,EQ,ZF COM VE CTR SYS IND LTD,Listed    ,05 FEB 2026,               5.00,          18967584,          15116.00,   286713999744.00 
05 FEB 2026,ZIMLAB,EQ,ZIM LABORATORIES LIMITED ,Listed    ,05 FEB 2026,              10.00,          48735814,             71.65,     3491921073.10    
05 FEB 2026,ZODIAC,EQ,ZODIAC ENERGY LIMITED    ,Listed    ,05 FEB 2026,              10.00,          15123690,            268.75,     4064491687.50    
05 FEB 2026,ZODIACLOTH,EQ,ZODIAC CLOTHING CO. LTD. ,Listed    ,05 FEB 2026,              10.00,          25993717,             84.60,     2199328395.35
05 FEB 2026,ZOTA,EQ,ZOTA HEALTH CARE LIMITED ,Listed    ,05 FEB 2026,              10.00,          33171401,           1293.20,    42897255773.20      
05 FEB 2026,ZTECH,SM,Z-TECH (INDIA) LIMITED   ,Listed    ,05 FEB 2026,              10.00,          14330248,            564.95,     8095873607.60     
05 FEB 2026,ZUARI,EQ,ZUARI AGRO CHEMICALS LTD ,Listed    ,05 FEB 2026,              10.00,          42058006,            254.05,    10684836424.30     
05 FEB 2026,ZUARIIND,EQ,ZUARI INDUSTRIES LIMITED ,Listed    ,05 FEB 2026,              10.00,          29781184,            267.70,     7972422956.80  
05 FEB 2026,ZYDUSLIFE,EQ,ZYDUS LIFESCIENCES LTD   ,Listed    ,05 FEB 2026,               1.00,        1006233990,            905.00,   910641760950.00 
05 FEB 2026,ZYDUSWELL,EQ,ZYDUS WELLNESS LIMITED   ,Listed    ,05 FEB 2026,               2.00,         318160720,            392.45,   124862174564.00 
05 FEB 2026,Listed    ,  ,                         ,          ,           ,               0.00,                 0,              0.00,463509054703280.00
05 FEB 2026,Permitted ,  ,                         ,          ,           ,               0.00,                 0,              0.00,  1406188201392.55
05 FEB 2026,Total     ,  ,                         ,          ,           ,               0.00,                 0,              0.00,464915242904672.56
