exchange_token,trading_symbol,company_name
26000,NIFTY,NIFTY
26009,BANKNIFTY,BANKNIFTY
26037,FINNIFTY,FINNIFTY
26074,MIDCPNIFTY,MIDCPNIFTY
25624,GFL26-N0,GFL26-N0
759780,ENERGY-EQ,ENERGY-EQ
31967,863NHB34-N3,863NHB34-N3
20400,781MZ37-SG,781MZ37-SG
14052,GRCL-SM,GRCL-SM
29732,HDAIF1BDDR-MF,HDAIF1BDDR-MF
10331,781HR32A-SG,781HR32A-SG
5566,685WB31-SG,685WB31-SG
759795,77NVCL28-N0,77NVCL28-N0
15303,BANG-EQ,BANG-EQ
25866,925SCL26G-N0,925SCL26G-N0
757440,71TS55-SG,71TS55-SG
28996,718HR38-SG,718HR38-SG
20147,719AP34-SG,719AP34-SG
19631,PRICOLLTD-EQ,PRICOLLTD-EQ
10841,HDFC1406RD-MF,HDFC1406RD-MF
25782,814TPL27-N0,814TPL27-N0
2671,708GJ31-SG,708GJ31-SG
14763,NELCAST-BL,NELCAST-BL
22266,64KA31-SG,64KA31-SG
14214,IMC1-N0,IMC1-N0
8648,SFMP61GD-MF,SFMP61GD-MF
3744,FINEORG-EQ,FINEORG-EQ
9717,772JK32-SG,772JK32-SG
5957,BSLSENETFG-EQ,BSLSENETFG-EQ
757804,IGCL-BL,IGCL-BL
758874,773AIFL26-N0,773AIFL26-N0
14818,775HP32-SG,775HP32-SG
15073,BVCL-EQ,BVCL-EQ
27202,718WB39-SG,718WB39-SG
18630,SCLZC26-NB,SCLZC26-NB
22754,744AP39A-SG,744AP39A-SG
24732,RUBFILA-BL,RUBFILA-BL
11596,LINCOLN-EQ,LINCOLN-EQ
21140,629HP26-SG,629HP26-SG
10051,SFMP6DD-MF,SFMP6DD-MF
6315,662CG28-SG,662CG28-SG
760015,721SK35-SG,721SK35-SG
25134,GALAPREC-EQ,GALAPREC-EQ
29445,SUPREME-BL,SUPREME-BL
24861,METALIETF-EQ,METALIETF-EQ
12858,UNITECH-BL,UNITECH-BL
15202,MANAKSIA-BL,MANAKSIA-BL
758563,ELLEN-EQ,ELLEN-EQ
12426,HAVELLS-BL,HAVELLS-BL
9028,VCL-BL,VCL-BL
757389,688MP41-SG,688MP41-SG
16777,SILVERAG-EQ,SILVERAG-EQ
1200,ESG-EQ,ESG-EQ
758930,731TN34-SG,731TN34-SG
759905,732MPL30-N0,732MPL30-N0
16220,729HR29-SG,729HR29-SG
25109,724RJ34-SG,724RJ34-SG
756862,68TS57-SG,68TS57-SG
28821,715MN39A-SG,715MN39A-SG
3387,SMLMAH-EQ,SMLMAH-EQ
758971,AHCL-BL,AHCL-BL
11582,TRACXN-EQ,TRACXN-EQ
8266,SOFTTECH-EQ,SOFTTECH-EQ
13290,BLKASHYAP-EQ,BLKASHYAP-EQ
3800,SGBJU29III-GB,SGBJU29III-GB
5934,INTELLECT-BL,INTELLECT-BL
12683,PRECWIRE-BL,PRECWIRE-BL
13123,KERNEX-BL,KERNEX-BL
12319,SMARTLINK-BL,SMARTLINK-BL
8130,705MZ29-SG,705MZ29-SG
15230,LICNFNHGP-BL,LICNFNHGP-BL
757041,686RJ52-SG,686RJ52-SG
24150,FALCONTECH-SM,FALCONTECH-SM
14446,775WB39-SG,775WB39-SG
20310,717HR29-SG,717HR29-SG
14511,BANSWRAS-EQ,BANSWRAS-EQ
6435,AIRTELPP-E1,AIRTELPP-E1
9756,EMUDHRA-EQ,EMUDHRA-EQ
759289,960SCL35-N0,960SCL35-N0
16722,ALMONDZ-BL,ALMONDZ-BL
22029,703PY28-SG,703PY28-SG
13954,PARACABLES-BL,PARACABLES-BL
23775,VERITAAS-SM,VERITAAS-SM
23043,RKSWAMY-EQ,RKSWAMY-EQ
16364,736HR33-SG,736HR33-SG
30835,PILITA-EQ,PILITA-EQ
755947,79413ABC28-N8,79413ABC28-N8
19253,ARABIAN-SM,ARABIAN-SM
3466,TFCILTD-EQ,TFCILTD-EQ
759747,SHIVAUM-EQ,SHIVAUM-EQ
25153,8887HFL26-N0,8887HFL26-N0
22698,746CG33-SG,746CG33-SG
24098,738RJ33-SG,738RJ33-SG
13964,765GJ33-SG,765GJ33-SG
17547,AMRUTANJAN-EQ,AMRUTANJAN-EQ
758725,757MP45-SG,757MP45-SG
17313,LLOYDSME-EQ,LLOYDSME-EQ
12455,OFSS-BL,OFSS-BL
18177,IFD3GPD-MF,IFD3GPD-MF
30188,364D190326-TB,364D190326-TB
18908,PNBHOUSING-EQ,PNBHOUSING-EQ
7715,722AP42-SG,722AP42-SG
11698,793WB37-SG,793WB37-SG
29566,718BR45-SG,718BR45-SG
22476,SGBDE31III-GB,SGBDE31III-GB
20915,722AS29-SG,722AS29-SG
19211,HMVL-EQ,HMVL-EQ
760005,745ISL28-N0,745ISL28-N0
4780,704RJ36-SG,704RJ36-SG
23024,1077IIFL30-N7,1077IIFL30-N7
22435,HDFCNIFBAN-BL,HDFCNIFBAN-BL
25828,682GJ27-SG,682GJ27-SG
15187,BRIGADE-BL,BRIGADE-BL
10257,792AP42A-SG,792AP42A-SG
29639,810HLICL35-N0,810HLICL35-N0
1902,663WB41-SG,663WB41-SG
12709,RCF-BL,RCF-BL
18271,AEROFLEX-BL,AEROFLEX-BL
756867,679AS45-SG,679AS45-SG
7821,715UP32-SG,715UP32-SG
13,ABB-EQ,ABB-EQ
4553,GS220850C-GS,GS220850C-GS
13978,TANLA-BL,TANLA-BL
23009,83044SMF29-N3,83044SMF29-N3
12581,MANGLMCEM-BL,MANGLMCEM-BL
30242,1050SCL32-N1,1050SCL32-N1
23880,737WB40-SG,737WB40-SG
16253,EBBETF0430-EQ,EBBETF0430-EQ
22054,715RJ30-SG,715RJ30-SG
29977,AONETOTAL-BL,AONETOTAL-BL
19163,754UK33-SG,754UK33-SG
14690,GOACARBON-BL,GOACARBON-BL
18543,DIACABS-EQ,DIACABS-EQ
10865,GVPTECH-EQ,GVPTECH-EQ
7862,GVPIL-EQ,GVPIL-EQ
25258,EBANKNIFTY-EQ,EBANKNIFTY-EQ
22995,74MH36-SG,74MH36-SG
14119,GANDHITUBE-BL,GANDHITUBE-BL
630,694TS50A-SG,694TS50A-SG
760374,915APSBC32-N0,915APSBC32-N0
31020,THOMASCOTT-BL,THOMASCOTT-BL
18536,746MP39-SG,746MP39-SG
757033,MOINFRA-BL,MOINFRA-BL
27774,INNOVANA-BL,INNOVANA-BL
15310,744TN33-SG,744TN33-SG
12700,RALLIS-BL,RALLIS-BL
21098,SHEKHAWATI-BL,SHEKHAWATI-BL
759983,674SIDBI29-N0,674SIDBI29-N0
760451,115VCCL28A-N0,115VCCL28A-N0
5469,697GA31-SG,697GA31-SG
19226,TCIEXP-BL,TCIEXP-BL
757412,SACHEEROME-ST,SACHEEROME-ST
22168,688UK30-SG,688UK30-SG
20928,766TN33-SG,766TN33-SG
759044,IVALUE-BL,IVALUE-BL
16224,733MH31-SG,733MH31-SG
25552,948SCL27D-N1,948SCL27D-N1
25960,715KL39-SG,715KL39-SG
12065,CYBERMEDIA-BL,CYBERMEDIA-BL
24311,ABDL-BL,ABDL-BL
28260,711AR44-SG,711AR44-SG
13953,LIQUID1-BL,LIQUID1-BL
758900,OPTIVALUE-SM,OPTIVALUE-SM
22803,ZENITHDRUG-SM,ZENITHDRUG-SM
8727,SHAILY-EQ,SHAILY-EQ
3316,MODISONLTD-EQ,MODISONLTD-EQ
8110,AWL-EQ,AWL-EQ
18417,RISHABH-EQ,RISHABH-EQ
8585,NLCINDIA-EQ,NLCINDIA-EQ
7759,ABAN-BE,ABAN-BE
13041,VINDHYATEL-BL,VINDHYATEL-BL
18827,TARAPUR-EQ,TARAPUR-EQ
1938,662UP31-SG,662UP31-SG
25544,SCL25924A-N1,SCL25924A-N1
20595,813ABHF28-N3,813ABHF28-N3
5315,UGROCAP-BL,UGROCAP-BL
23898,825SMFG27-N1,825SMFG27-N1
1092,675KA34-SG,675KA34-SG
2679,718MN31-SG,718MN31-SG
11432,KRITINUT-EQ,KRITINUT-EQ
21621,757IRFC29-NP,757IRFC29-NP
24585,SANSTAR-BL,SANSTAR-BL
757438,709PY40-SG,709PY40-SG
8189,706GJ32-SG,706GJ32-SG
2877,96IIFL28A-NF,96IIFL28A-NF
24284,98VFPL28-N0,98VFPL28-N0
24760,728MP45-SG,728MP45-SG
12850,TVSMOTOR-BL,TVSMOTOR-BL
9039,UFO-EQ,UFO-EQ
3715,VLSFINANCE-EQ,VLSFINANCE-EQ
759155,VMSTMT-BL,VMSTMT-BL
1494,RBA-EQ,RBA-EQ
29872,GROWWN200-EQ,GROWWN200-EQ
12743,SEAMECLTD-BL,SEAMECLTD-BL
15050,717GS2030-GS,717GS2030-GS
3574,687MH33A-SG,687MH33A-SG
759851,655TN29-SG,655TN29-SG
16866,LPDC-BL,LPDC-BL
6987,607RJ26-SG,607RJ26-SG
17106,SUMICHEM-BL,SUMICHEM-BL
22735,748IRFC34A-NQ,748IRFC34A-NQ
30007,727CG35-SG,727CG35-SG
3476,797IGT31-NL,797IGT31-NL
17728,ASTEC-EQ,ASTEC-EQ
18164,BPF01D1D-MF,BPF01D1D-MF
758169,647IRFC28-N0,647IRFC28-N0
30438,704HR37-SG,704HR37-SG
10852,761TN32-SG,761TN32-SG
4055,PANACEABIO-EQ,PANACEABIO-EQ
10959,749HP34-SG,749HP34-SG
449,686KA30-SG,686KA30-SG
16988,742AP41-SG,742AP41-SG
9380,IL&FSENGG-BZ,IL&FSENGG-BZ
759461,GEMAROMA-EQ,GEMAROMA-EQ
15244,KAVDEFENCE-EQ,KAVDEFENCE-EQ
16915,ZFCVINDIA-EQ,ZFCVINDIA-EQ
12666,762AS32-SG,762AS32-SG
19169,751MP38-SG,751MP38-SG
8194,713AP41-SG,713AP41-SG
6705,PAYTM-EQ,PAYTM-EQ
760340,734GA35-SG,734GA35-SG
2245,705RJ31-SG,705RJ31-SG
13601,76KA33-SG,76KA33-SG
16801,736HR33A-SG,736HR33A-SG
23209,746KA38-SG,746KA38-SG
761197,GKSL-EQ,GKSL-EQ
25905,708PGC34-N0,708PGC34-N0
4984,682CG28-SG,682CG28-SG
12068,DCMFINSERV-BL,DCMFINSERV-BL
19356,GOYALSALT-SM,GOYALSALT-SM
20903,813PNBH33-N0,813PNBH33-N0
757458,9SCL27-N2,9SCL27-N2
11301,LUXIND-EQ,LUXIND-EQ
19581,UGARSUGAR-BL,UGARSUGAR-BL
22498,77SK34-SG,77SK34-SG
759744,745MP44B-SG,745MP44B-SG
22426,TOTAL-BL,TOTAL-BL
14008,AVTNPL-EQ,AVTNPL-EQ
12591,UNITDSPR-BL,UNITDSPR-BL
24023,75IREDA34-ND,75IREDA34-ND
6162,ARTNIRMAN-BL,ARTNIRMAN-BL
760476,754MP46-SG,754MP46-SG
20130,965SCL25F-NZ,965SCL25F-NZ
758290,995ISF35-N0,995ISF35-N0
757449,627PFCL27-N0,627PFCL27-N0
757847,668GS2040-GS,668GS2040-GS
11355,PTC-EQ,PTC-EQ
12078,GOLDTECH-BL,GOLDTECH-BL
4750,689GA31-SG,689GA31-SG
29174,LAXMIDENTL-BL,LAXMIDENTL-BL
12121,AARTISURF-P1,AARTISURF-P1
27116,713HP39-SG,713HP39-SG
23151,GFL27-N1,GFL27-N1
2998,SUVIDHAA-EQ,SUVIDHAA-EQ
29111,738REC27TF-N2,738REC27TF-N2
7361,SETFNIFBK-EQ,SETFNIFBK-EQ
23059,JGCHEM-BL,JGCHEM-BL
756150,SILVER360-EQ,SILVER360-EQ
18140,DOLPHIN-BL,DOLPHIN-BL
19544,HDFCGOLD-BL,HDFCGOLD-BL
10163,ORICONENT-BE,ORICONENT-BE
27315,712KL35-SG,712KL35-SG
15119,EDELWEISS-EQ,EDELWEISS-EQ
757470,902SCL30-NE,902SCL30-NE
24625,CHETANA-SM,CHETANA-SM
11386,PVTBANIETF-EQ,PVTBANIETF-EQ
6750,699MP41-SG,699MP41-SG
16995,739RJ48-SG,739RJ48-SG
20852,ZEELEARN-EQ,ZEELEARN-EQ
8346,GSEC5IETF-BL,GSEC5IETF-BL
24825,MANCREDIT-BL,MANCREDIT-BL
1315,GALAXYSURF-EQ,GALAXYSURF-EQ
10533,SHARDAMOTR-BL,SHARDAMOTR-BL
757862,EBGNG-EQ,EBGNG-EQ
3058,618GJ26-SG,618GJ26-SG
25001,722TN54-SG,722TN54-SG
12556,SFMP72DR-MF,SFMP72DR-MF
8647,SFMP61DR-MF,SFMP61DR-MF
758598,TVSINVIT-IV,TVSINVIT-IV
760004,707GJ33-SG,707GJ33-SG
22120,715TN27-SG,715TN27-SG
27185,709KA30A-SG,709KA30A-SG
22764,ESCONET-SM,ESCONET-SM
2395,722AP37-SG,722AP37-SG
27161,CINELINE-EQ,CINELINE-EQ
22515,806SDIL29-N0,806SDIL29-N0
5034,70MP31-SG,70MP31-SG
13135,761JK42-SG,761JK42-SG
12297,CHOLAFIN-BL,CHOLAFIN-BL
22526,GILT10BETA-BL,GILT10BETA-BL
28869,89IHFL29-N1,89IHFL29-N1
758442,AAFS29C-N0,AAFS29C-N0
10648,773GJ32-SG,773GJ32-SG
21623,APEX-EQ,APEX-EQ
29235,715BR37-SG,715BR37-SG
23857,MIDSMALL-BL,MIDSMALL-BL
24885,721MH35-SG,721MH35-SG
12719,RKFORGE-BL,RKFORGE-BL
12513,JINDALPHOT-BL,JINDALPHOT-BL
21642,729BR30-SG,729BR30-SG
25058,785IIFL27-N0,785IIFL27-N0
9441,773HR33-SG,773HR33-SG
29049,713UK32-SG,713UK32-SG
759524,GROWWSC250-BL,GROWWSC250-BL
13756,SHIVAMAUTO-EQ,SHIVAMAUTO-EQ
30181,714CG32-SG,714CG32-SG
2385,NAVNETEDUL-EQ,NAVNETEDUL-EQ
19487,767AP38-SG,767AP38-SG
760065,718TN33-SG,718TN33-SG
4555,GS220261C-GS,GS220261C-GS
13077,UNIPARTS-BL,UNIPARTS-BL
14355,758KL49-SG,758KL49-SG
20125,925SCL25G-NY,925SCL25G-NY
759893,MOIPO-BL,MOIPO-BL
22891,832TPL27-N5,832TPL27-N5
14652,773GJ36-SG,773GJ36-SG
20953,RKDL-BL,RKDL-BL
21624,840TPL28-N2,840TPL28-N2
28687,MAMATA-EQ,MAMATA-EQ
11561,HDFC1359DQ-MF,HDFC1359DQ-MF
22569,BLSE-BL,BLSE-BL
578,LIKHITHA-EQ,LIKHITHA-EQ
29121,722BR40-SG,722BR40-SG
15154,MADHAV-BL,MADHAV-BL
22337,644GJ29A-SG,644GJ29A-SG
5308,FMCGIETF-BL,FMCGIETF-BL
17195,CYIENTDLM-BL,CYIENTDLM-BL
12808,SMLMAH-BL,SMLMAH-BL
30249,ISHANCH-EQ,ISHANCH-EQ
619,CENTENKA-EQ,CENTENKA-EQ
17818,LTIM-EQ,LTIM-EQ
28235,712RJ39-SG,712RJ39-SG
20196,BEDMUTHA-EQ,BEDMUTHA-EQ
759341,364D021026-TB,364D021026-TB
12143,SAMBHAAV-BL,SAMBHAAV-BL
30111,ABFRL-BL,ABFRL-BL
2185,AKG-BL,AKG-BL
10642,795TS37-SG,795TS37-SG
23520,DCG-SM,DCG-SM
30168,718OR46-SG,718OR46-SG
3834,BHARATRAS-EQ,BHARATRAS-EQ
22370,664KA32-SG,664KA32-SG
17323,735TN33A-SG,735TN33A-SG
3568,ADANIGREEN-BL,ADANIGREEN-BL
760284,879SCL30-N0,879SCL30-N0
8335,713AP39-SG,713AP39-SG
758199,716MH55-SG,716MH55-SG
10303,RAMASTEEL-BL,RAMASTEEL-BL
757102,BELRISE-EQ,BELRISE-EQ
12301,769GA32A-SG,769GA32A-SG
13696,AERONEU-BL,AERONEU-BL
28872,925IHFL29-N1,925IHFL29-N1
30562,MHLSRDR-SF,MHLSRDR-SF
12692,763KA37-SG,763KA37-SG
29472,PROTEAN-EQ,PROTEAN-EQ
18593,EMSLIMITED-EQ,EMSLIMITED-EQ
13141,EBBETF0433-BL,EBBETF0433-BL
20073,INFRABEES-BL,INFRABEES-BL
23626,751NHB31-NC,751NHB31-NC
23537,745MH39A-SG,745MH39A-SG
760000,ENIFTY-BL,ENIFTY-BL
2096,687AP37-SG,687AP37-SG
13764,BBL-BL,BBL-BL
17139,PENTAGON-ST,PENTAGON-ST
23682,746AP38A-SG,746AP38A-SG
2835,ANURAS-BL,ANURAS-BL
9450,778AP41-SG,778AP41-SG
12882,VIVIMEDLAB-BL,VIVIMEDLAB-BL
5941,MONTECARLO-BL,MONTECARLO-BL
6803,STEELCAS-EQ,STEELCAS-EQ
12793,SUNFLAG-BL,SUNFLAG-BL
13087,SILVER1-BL,SILVER1-BL
14609,TGBHOTELS-BL,TGBHOTELS-BL
13398,768PN39-SG,768PN39-SG
758200,627TN29-SG,627TN29-SG
757777,RTL-SM,RTL-SM
21690,DIXON-EQ,DIXON-EQ
8352,712TN30-SG,712TN30-SG
21010,965SCL28B-YB,965SCL28B-YB
7534,704UP31-SG,704UP31-SG
18,66RJ30-SG,66RJ30-SG
20242,OBEROIRLTY-EQ,OBEROIRLTY-EQ
3755,681PN31-SG,681PN31-SG
12691,PTC-BL,PTC-BL
25451,815SICC27-N0,815SICC27-N0
19602,PRAKASHSTL-BL,PRAKASHSTL-BL
3095,INDOSTAR-BL,INDOSTAR-BL
757039,689RJ48-SG,689RJ48-SG
21831,TEXRAIL-BL,TEXRAIL-BL
10782,775PN42-SG,775PN42-SG
13942,UTIDMP35P3-MF,UTIDMP35P3-MF
20963,8AR30-SG,8AR30-SG
11416,77PN42-SG,77PN42-SG
23830,RULKA-SM,RULKA-SM
22024,721PY28-SG,721PY28-SG
446,69HP30-SG,69HP30-SG
30092,ORIENTCEM-BL,ORIENTCEM-BL
758221,JYOTIGLOBL-SM,JYOTIGLOBL-SM
759330,748MP45-SG,748MP45-SG
2668,702PN28-SG,702PN28-SG
13719,759TS37-SG,759TS37-SG
19620,772AP36-SG,772AP36-SG
6353,NIFTYETF-EQ,NIFTYETF-EQ
4978,PHARMABEES-BL,PHARMABEES-BL
20799,BHAGYANGR-BE,BHAGYANGR-BE
17673,ALOKINDS-BL,ALOKINDS-BL
24809,UNIECOM-EQ,UNIECOM-EQ
25101,725MH45-SG,725MH45-SG
12495,ITC-BL,ITC-BL
23972,98SCL34-ZS,98SCL34-ZS
19730,77AP43-SG,77AP43-SG
19485,769UP35A-SG,769UP35A-SG
10578,MPSLTD-EQ,MPSLTD-EQ
16719,ALMONDZ-EQ,ALMONDZ-EQ
759842,BETA-EQ,BETA-EQ
22864,745CG33-SG,745CG33-SG
759047,364D240926-TB,364D240926-TB
10460,78TN32A-SG,78TN32A-SG
10749,753NTPC30E-NC,753NTPC30E-NC
10204,793TS34-SG,793TS34-SG
468,708KA34-SG,708KA34-SG
18145,EMMBI-BL,EMMBI-BL
13495,JKLAKSHMI-BL,JKLAKSHMI-BL
756910,684HP35-SG,684HP35-SG
16066,736AP34-SG,736AP34-SG
6209,604GJ26-SG,604GJ26-SG
9939,ONEPOINT-EQ,ONEPOINT-EQ
25462,AAFS28B-N0,AAFS28B-N0
24745,CEIGALL-BL,CEIGALL-BL
23343,747CG32-SG,747CG32-SG
761469,SHADOWFAX-EQ,SHADOWFAX-EQ
17084,ESFL-SM,ESFL-SM
16803,741UP34-SG,741UP34-SG
12051,AXISCADES-BL,AXISCADES-BL
13996,765KL48-SG,765KL48-SG
16250,739MN35-SG,739MN35-SG
14996,CCCL-BE,CCCL-BE
2003,SGBJAN29X-GB,SGBJAN29X-GB
5470,699WB31-SG,699WB31-SG
8011,696HR29-SG,696HR29-SG
18931,SUNDARAM-EQ,SUNDARAM-EQ
14709,TIMETECHNO-BL,TIMETECHNO-BL
24562,733TN32-SG,733TN32-SG
1174,GNFC-EQ,GNFC-EQ
12291,CENTEXT-BL,CENTEXT-BL
20350,773KA34-SG,773KA34-SG
2794,RSWM-EQ,RSWM-EQ
235,AAKASH-EQ,AAKASH-EQ
25443,KALANA-SM,KALANA-SM
13081,TRIVENI-EQ,TRIVENI-EQ
22947,EXICOM-EQ,EXICOM-EQ
756329,815GHFL35-N0,815GHFL35-N0
759453,VIKRAMSOLR-EQ,VIKRAMSOLR-EQ
9869,794TN32-SG,794TN32-SG
757824,MOMIDMTM-BL,MOMIDMTM-BL
9679,SOUTHWEST-BE,SOUTHWEST-BE
12644,OSIAHYPER-BL,OSIAHYPER-BL
23754,745AP33A-SG,745AP33A-SG
758958,STLNETWORK-EQ,STLNETWORK-EQ
6897,691WB31-SG,691WB31-SG
17672,744JK53-SG,744JK53-SG
758680,REGAAL-EQ,REGAAL-EQ
5880,596PY26-SG,596PY26-SG
7944,SILVERIETF-BL,SILVERIETF-BL
25622,920HFL30-N0,920HFL30-N0
3188,VMARCIND-SM,VMARCIND-SM
10450,SATIN-BL,SATIN-BL
13497,965SCL25C-N0,965SCL25C-N0
757651,712HR41-SG,712HR41-SG
15030,ASCOM-ST,ASCOM-ST
760618,739TN34-SG,739TN34-SG
30990,871REC28-N9,871REC28-N9
8736,PNBGILTS-EQ,PNBGILTS-EQ
30277,758LICH35A-N0,758LICH35A-N0
23687,ANURAS-W1,ANURAS-W1
8342,GSEC5IETF-EQ,GSEC5IETF-EQ
757810,MMEL-SM,MMEL-SM
23474,ALUWIND-SM,ALUWIND-SM
10585,MOM30IETF-EQ,MOM30IETF-EQ
19440,SICALLOG-BE,SICALLOG-BE
760034,ROCKPP-X1,ROCKPP-X1
12480,INDRAMEDCO-BL,INDRAMEDCO-BL
13235,ABSLFTUBRN-MF,ABSLFTUBRN-MF
23630,754PN32-SG,754PN32-SG
13310,KEI-EQ,KEI-EQ
815,BSHSL-BL,BSHSL-BL
466,705MH32-SG,705MH32-SG
25593,79SHFL27-N0,79SHFL27-N0
757453,778ABSL35-N0,778ABSL35-N0
14117,755TN53-SG,755TN53-SG
758581,745WB44A-SG,745WB44A-SG
19181,762BR31-SG,762BR31-SG
2289,HLEGLAS-EQ,HLEGLAS-EQ
5983,70JH33-SG,70JH33-SG
20912,697KA30-SG,697KA30-SG
14816,775CG31-SG,775CG31-SG
24084,TOP100CASE-BL,TOP100CASE-BL
758888,364D100926-TB,364D100926-TB
1145,GIPCL-EQ,GIPCL-EQ
24104,735TS38-SG,735TS38-SG
5430,NUVOCO-BL,NUVOCO-BL
23656,789SDIL29-N1,789SDIL29-N1
18474,719GS2060-GS,719GS2060-GS
3384,SWARAJENG-EQ,SWARAJENG-EQ
11226,BAGFILMS-EQ,BAGFILMS-EQ
760519,76WB45-SG,76WB45-SG
14228,IMC1-N3,IMC1-N3
757140,AAFS29-N0,AAFS29-N0
25568,1025SCL34C-N1,1025SCL34C-N1
6100,698RJ31-SG,698RJ31-SG
23515,TARACHAND-BL,TARACHAND-BL
7674,IIFLHF29-NE,IIFLHF29-NE
757493,NEPTUNE-SM,NEPTUNE-SM
12567,M&M-BL,M&M-BL
30135,PRABHA-BL,PRABHA-BL
17898,VINSYS-SM,VINSYS-SM
760362,915APSBC26-N0,915APSBC26-N0
756002,1025UCL27A-NG,1025UCL27A-NG
6643,SJS-EQ,SJS-EQ
14431,771BR33-SG,771BR33-SG
23480,SINCLAIR-EQ,SINCLAIR-EQ
18581,KIRLOSBROS-EQ,KIRLOSBROS-EQ
2943,686PY34-SG,686PY34-SG
761342,848AEL29-NJ,848AEL29-NJ
11313,BALAXI-BL,BALAXI-BL
7196,BBETF0432-EQ,BBETF0432-EQ
758292,725SIHF28-N0,725SIHF28-N0
759237,165RARL28-N0,165RARL28-N0
3470,772IGT31-NK,772IGT31-NK
23090,741HP36-SG,741HP36-SG
759316,RUBICON-EQ,RUBICON-EQ
760358,MIDCAPADD-BL,MIDCAPADD-BL
13194,741GS2036-GS,741GS2036-GS
759737,707MH33-SG,707MH33-SG
24404,ABGSEC-EQ,ABGSEC-EQ
12454,BIRLANU-BL,BIRLANU-BL
25283,932AEL27-N3,932AEL27-N3
9773,78AP31-SG,78AP31-SG
5900,AXISBANK-EQ,AXISBANK-EQ
25939,7798LTFH29-N0,7798LTFH29-N0
8652,VETO-EQ,VETO-EQ
7129,ZODIAC-EQ,ZODIAC-EQ
25542,SCL25924-N1,SCL25924-N1
29108,722TN35-SG,722TN35-SG
18457,POWERINDIA-EQ,POWERINDIA-EQ
27754,INNOVANA-EQ,INNOVANA-EQ
30240,948SCL28-N1,948SCL28-N1
19045,10IIFL29-N6,10IIFL29-N6
23543,748UP40-SG,748UP40-SG
30020,73OR39-SG,73OR39-SG
13737,GLOBALVECT-BL,GLOBALVECT-BL
5926,INTELLECT-EQ,INTELLECT-EQ
23250,759IRDA34-NC,759IRDA34-NC
759340,182D030426-TB,182D030426-TB
21981,673MP30-SG,673MP30-SG
17457,743AP35-SG,743AP35-SG
22079,655RJ30-SG,655RJ30-SG
5306,FMCGIETF-EQ,FMCGIETF-EQ
5602,SFMP50GR-MF,SFMP50GR-MF
10704,MOMENTUM-BL,MOMENTUM-BL
20518,720AR30-SG,720AR30-SG
3571,684HR32-SG,684HR32-SG
12543,AAATECH-BL,AAATECH-BL
20860,696HR40-SG,696HR40-SG
7199,BBETF0432-BL,BBETF0432-BL
23755,745AP40B-SG,745AP40B-SG
10601,LOYALTEX-BL,LOYALTEX-BL
760224,VIDYAWIRES-EQ,VIDYAWIRES-EQ
13689,AERONEU-EQ,AERONEU-EQ
8696,VRLLOG-EQ,VRLLOG-EQ
7910,736KA39-SG,736KA39-SG
17722,DEN-EQ,DEN-EQ
19020,JSWINFRA-EQ,JSWINFRA-EQ
3077,682KL32-SG,682KL32-SG
6961,MENONBE-EQ,MENONBE-EQ
6012,JAINAM-SM,JAINAM-SM
759601,711SDIL30-N0,711SDIL30-N0
13643,ELECON-EQ,ELECON-EQ
7780,BCONCEPTS-EQ,BCONCEPTS-EQ
13072,IIFLCAPS-EQ,IIFLCAPS-EQ
2257,697RJ51A-SG,697RJ51A-SG
15640,AVG-BL,AVG-BL
16069,737JK35-SG,737JK35-SG
13536,VIDHIING-EQ,VIDHIING-EQ
25989,732IREDA29-N0,732IREDA29-N0
11870,785HP36-SG,785HP36-SG
7307,70JK33-SG,70JK33-SG
760297,91D120326-TB,91D120326-TB
13755,NAUKRI-BL,NAUKRI-BL
759251,EPACKPEB-EQ,EPACKPEB-EQ
31484,867NHPC33-N3,867NHPC33-N3
1419,GLOBAL-BL,GLOBAL-BL
14858,GOLD1-EQ,GOLD1-EQ
24839,706GJ29-SG,706GJ29-SG
1621,TATAINVEST-EQ,TATAINVEST-EQ
7184,706GS2046-GS,706GS2046-GS
23,67JK30-SG,67JK30-SG
22595,HDFCPSUBK-EQ,HDFCPSUBK-EQ
12797,SUPRAJIT-BL,SUPRAJIT-BL
8498,735JH38-SG,735JH38-SG
13430,KELLTONTEC-EQ,KELLTONTEC-EQ
17438,OIL-EQ,OIL-EQ
19623,76JK53-SG,76JK53-SG
28899,KITEX-EQ,KITEX-EQ
24864,POSITRON-SM,POSITRON-SM
20189,773TS40-SG,773TS40-SG
23293,990SCL27-YT,990SCL27-YT
24973,WINDMACHIN-BL,WINDMACHIN-BL
1090,684MZ34-SG,684MZ34-SG
12429,HCLTECH-BL,HCLTECH-BL
14428,GOLDBEES-EQ,GOLDBEES-EQ
25280,AEL120924-N2,AEL120924-N2
759096,SHRINGARMS-BL,SHRINGARMS-BL
7153,63PY27-SG,63PY27-SG
22072,718RJ30-SG,718RJ30-SG
4926,931SFIL26A-NA,931SFIL26A-NA
24010,743AP42B-SG,743AP42B-SG
18754,KODYTECH-ST,KODYTECH-ST
756724,726IRMT45-N0,726IRMT45-N0
21789,697PN40-SG,697PN40-SG
4083,AMBANIORGO-SM,AMBANIORGO-SM
20183,772AP38-SG,772AP38-SG
297,683GJ30-SG,683GJ30-SG
5968,709AP39-SG,709AP39-SG
25685,711AP38-SG,711AP38-SG
507,PULZ-SM,PULZ-SM
20696,718GJ30-SG,718GJ30-SG
3163,SFMP42GD-MF,SFMP42GD-MF
2056,HOMEFIRST-EQ,HOMEFIRST-EQ
20519,724HR29-SG,724HR29-SG
7,AARTIIND-EQ,AARTIIND-EQ
11983,SASKEN-EQ,SASKEN-EQ
12673,762PN32-SG,762PN32-SG
14602,WEBELSOLAR-EQ,WEBELSOLAR-EQ
2711,PRECOT-EQ,PRECOT-EQ
2916,686JH36-SG,686JH36-SG
22190,699TS28-SG,699TS28-SG
29940,72OR45-SG,72OR45-SG
12388,MAHLIFE-BL,MAHLIFE-BL
12394,GLAXO-BL,GLAXO-BL
13869,AARTIPHARM-BL,AARTIPHARM-BL
13589,ACE-BL,ACE-BL
18638,SCLZC26A-NF,SCLZC26A-NF
342,CAMS-EQ,CAMS-EQ
21122,KICL-BL,KICL-BL
22809,840NIRMA26-N6,840NIRMA26-N6
15500,739HR31-SG,739HR31-SG
19601,IRMENERGY-BL,IRMENERGY-BL
758842,GENSOL-BZ,GENSOL-BZ
13158,UTIRFP35P2-MF,UTIRFP35P2-MF
920,EQUITASBNK-BL,EQUITASBNK-BL
12856,UNIONBANK-BL,UNIONBANK-BL
22537,DHTL-ST,DHTL-ST
18201,FISTIPD3WD-MF,FISTIPD3WD-MF
11435,SPANDANA-EQ,SPANDANA-EQ
19179,753HR33-SG,753HR33-SG
2135,705PN31-SG,705PN31-SG
14972,KSCL-EQ,KSCL-EQ
759845,BETA-BL,BETA-BL
3067,68UK31-SG,68UK31-SG
6840,FOCUS-BL,FOCUS-BL
21942,727MH30-SG,727MH30-SG
28519,803ICPR34-N0,803ICPR34-N0
26,67HR30-SG,67HR30-SG
3813,ARIHANTCAP-EQ,ARIHANTCAP-EQ
21058,INDIFRA-SM,INDIFRA-SM
16733,725GS2063-GS,725GS2063-GS
2466,MIDHANI-BL,MIDHANI-BL
14537,DISHTV-EQ,DISHTV-EQ
757832,717KL51-SG,717KL51-SG
761200,GKSL-BL,GKSL-BL
12652,ORIENTPPR-BL,ORIENTPPR-BL
30086,722MP42-SG,722MP42-SG
19926,743REC35-NH,743REC35-NH
13868,AARTIPHARM-EQ,AARTIPHARM-EQ
23098,739WB42-SG,739WB42-SG
13251,SAKUMA-EQ,SAKUMA-EQ
19931,ORISSAMINE-EQ,ORISSAMINE-EQ
12290,CENTENKA-BL,CENTENKA-BL
3971,GOCLCORP-BL,GOCLCORP-BL
18085,75UP35-SG,75UP35-SG
760084,756WB42A-SG,756WB42A-SG
14726,HFMPM23DGR-MF,HFMPM23DGR-MF
29060,715HR38-SG,715HR38-SG
19733,767TS45-SG,767TS45-SG
13525,NECCLTD-BL,NECCLTD-BL
13638,SKYGOLD-BL,SKYGOLD-BL
20392,769KA33A-SG,769KA33A-SG
20918,717KA30-SG,717KA30-SG
5986,688KA31-SG,688KA31-SG
760440,GROWWMETAL-BL,GROWWMETAL-BL
759032,745BR45-SG,745BR45-SG
448,687MH30-SG,687MH30-SG
22745,748CG32-SG,748CG32-SG
25513,PHOGLOBAL-SM,PHOGLOBAL-SM
13209,SGBSEP27-GB,SGBSEP27-GB
11848,NH-BL,NH-BL
21229,885TCAPS29-NC,885TCAPS29-NC
15131,RGL-BL,RGL-BL
21547,76TS47-SG,76TS47-SG
19525,IITL-EQ,IITL-EQ
6330,699AS31-SG,699AS31-SG
760385,759AS39-SG,759AS39-SG
13155,UTIDQP35P2-MF,UTIDQP35P2-MF
25085,TREEHOUSE-BL,TREEHOUSE-BL
702,HEMIPROP-BL,HEMIPROP-BL
757841,91PFL30-N0,91PFL30-N0
28028,PURPLEUTED-SM,PURPLEUTED-SM
759064,RHETAN-BL,RHETAN-BL
18539,746AP41-SG,746AP41-SG
15237,AMBIKCO-BL,AMBIKCO-BL
11565,HDFC1359RQ-MF,HDFC1359RQ-MF
21094,STARCEMENT-BL,STARCEMENT-BL
18766,YATRA-BL,YATRA-BL
30123,EQUAL200-BL,EQUAL200-BL
8840,USHAMART-EQ,USHAMART-EQ
13001,DHARMAJ-EQ,DHARMAJ-EQ
24705,697GR2034-GS,697GR2034-GS
4204,MOTHERSON-EQ,MOTHERSON-EQ
29100,DDEVPLSTIK-BL,DDEVPLSTIK-BL
17535,SCLZC26B-AY,SCLZC26B-AY
21026,835SCL23A-YH,835SCL23A-YH
14112,756TS48-SG,756TS48-SG
20482,77AP38-SG,77AP38-SG
25020,BODALCHEM-BL,BODALCHEM-BL
4580,683MH32B-SG,683MH32B-SG
29696,689OR28A-SG,689OR28A-SG
8998,UMIYA-MRO-EQ,UMIYA-MRO-EQ
20906,A2ZINFRA-EQ,A2ZINFRA-EQ
32,679MP33-SG,679MP33-SG
759507,702OIT40-N0,702OIT40-N0
759377,728OR49-SG,728OR49-SG
4,21STCENMGM-EQ,21STCENMGM-EQ
760027,744TN55B-SG,744TN55B-SG
759026,707GJ32A-SG,707GJ32A-SG
13130,REPRO-BL,REPRO-BL
4394,MIRZAINT-EQ,MIRZAINT-EQ
15141,COLPAL-EQ,COLPAL-EQ
24889,724WB42-SG,724WB42-SG
23197,747AS34-SG,747AS34-SG
757336,AEGISVOPAK-EQ,AEGISVOPAK-EQ
18186,HFMPCC50RD-MF,HFMPCC50RD-MF
22873,743RJ44-SG,743RJ44-SG
756952,925PFL30-N0,925PFL30-N0
23297,948SCL27-YV,948SCL27-YV
21735,737GR2054-GS,737GR2054-GS
5743,677RJ31A-SG,677RJ31A-SG
16861,SINDHUTRAD-BL,SINDHUTRAD-BL
758143,712SHFL30-N0,712SHFL30-N0
759746,744TS56A-SG,744TS56A-SG
5434,AAVAS-BL,AAVAS-BL
13588,RADIANTCMS-BL,RADIANTCMS-BL
4556,703TS51-SG,703TS51-SG
20743,763WB38-SG,763WB38-SG
755998,1039UCL26-NE,1039UCL26-NE
17971,SBICARD-EQ,SBICARD-EQ
18863,VERTOZ-EQ,VERTOZ-EQ
7872,735KA36-SG,735KA36-SG
22680,NDRINVIT-IV,NDRINVIT-IV
28854,IHFL261224-N1,IHFL261224-N1
22148,719WB29-SG,719WB29-SG
20409,CBAZAAR-ST,CBAZAAR-ST
9538,762GS2039-GS,762GS2039-GS
12116,NELCO-BL,NELCO-BL
759860,75AR45-SG,75AR45-SG
17082,URAVIDEF-BL,URAVIDEF-BL
21195,GTPL-EQ,GTPL-EQ
13727,DCBBANK-BL,DCBBANK-BL
3576,696AP36-SG,696AP36-SG
24419,733GA39-SG,733GA39-SG
19614,768TN30-SG,768TN30-SG
2705,PRAJIND-EQ,PRAJIND-EQ
22620,748MP40-SG,748MP40-SG
24598,RUSHIL-BL,RUSHIL-BL
22868,744KA34-SG,744KA34-SG
12570,RAMCOCEM-BL,RAMCOCEM-BL
3195,675RJ31-SG,675RJ31-SG
3643,678SK31-SG,678SK31-SG
13105,VIMTALABS-BL,VIMTALABS-BL
25080,MULTICAP-EQ,MULTICAP-EQ
28916,ROSSELLIND-BL,ROSSELLIND-BL
22592,HEALTHADD-EQ,HEALTHADD-EQ
3442,749IGT28-NG,749IGT28-NG
27713,785ABHFL28-N0,785ABHFL28-N0
23191,746UP32-SG,746UP32-SG
761270,ALGOQUANT-EQ,ALGOQUANT-EQ
469,71AP37-SG,71AP37-SG
13879,JINDRILL-BL,JINDRILL-BL
13794,BAIDFIN-EQ,BAIDFIN-EQ
27171,RACLGEAR-EQ,RACLGEAR-EQ
10786,NOIDATOLL-EQ,NOIDATOLL-EQ
7852,INOXWIND-EQ,INOXWIND-EQ
757577,660RECL27-N0,660RECL27-N0
757382,664ML35-SG,664ML35-SG
17145,AARTECH-EQ,AARTECH-EQ
2020,662RJ41-SG,662RJ41-SG
16639,KIRIINDUS-EQ,KIRIINDUS-EQ
12418,GUFICBIO-BL,GUFICBIO-BL
136,ANDHRSUGAR-EQ,ANDHRSUGAR-EQ
24682,910CIFL31-N0,910CIFL31-N0
13992,77PN40-SG,77PN40-SG
12000,FAZE3Q-EQ,FAZE3Q-EQ
14445,NAHARPOLY-EQ,NAHARPOLY-EQ
13106,NAHARINDUS-EQ,NAHARINDUS-EQ
11867,776HR30-SG,776HR30-SG
25244,GAJANAND-SM,GAJANAND-SM
22036,745RJ30-SG,745RJ30-SG
24350,NEPHROCARE-SM,NEPHROCARE-SM
23036,INDUSINVIT-IV,INDUSINVIT-IV
18843,NIRAJISPAT-BL,NIRAJISPAT-BL
21691,MAXPOSURE-SM,MAXPOSURE-SM
20372,FLAIR-EQ,FLAIR-EQ
23874,736KL36-SG,736KL36-SG
30215,NMFINAIDR1-MF,NMFINAIDR1-MF
7899,724RJ32-SG,724RJ32-SG
29935,719OR40-SG,719OR40-SG
7416,MANAKCOAT-BL,MANAKCOAT-BL
760098,91D050326-TB,91D050326-TB
582,LIKHITHA-BL,LIKHITHA-BL
1011,SCHAEFFLER-EQ,SCHAEFFLER-EQ
23547,748HR34-SG,748HR34-SG
14553,772GJ35-SG,772GJ35-SG
30492,819CIFL27-N0,819CIFL27-N0
4503,MPHASIS-EQ,MPHASIS-EQ
23873,738TN34-SG,738TN34-SG
5217,IIFLZC28C-N6,IIFLZC28C-N6
7765,875SCFL27-Y9,875SCFL27-Y9
12597,NEXTMEDIA-BL,NEXTMEDIA-BL
719,SHALBY-BL,SHALBY-BL
17613,SENSEXADD-EQ,SENSEXADD-EQ
10838,HDFC1406DD-MF,HDFC1406DD-MF
10619,HDFCNEXT50-EQ,HDFCNEXT50-EQ
11796,HPIL-EQ,HPIL-EQ
22461,810NIIF34-N0,810NIIF34-N0
6881,692HP33-SG,692HP33-SG
1758,868NHB29-N3,868NHB29-N3
11427,NDTV-EQ,NDTV-EQ
29237,712GJ35-SG,712GJ35-SG
1920,SGBJAN29IX-GB,SGBJAN29IX-GB
25014,722HPCL29-N0,722HPCL29-N0
12223,SUNDROP-BL,SUNDROP-BL
757553,709RJ43-SG,709RJ43-SG
757723,760ABCL35-N0,760ABCL35-N0
24938,MFML-BL,MFML-BL
758884,75MP44-SG,75MP44-SG
11271,DREDGECORP-EQ,DREDGECORP-EQ
13373,762GA32A-SG,762GA32A-SG
12795,SUPERSPIN-BL,SUPERSPIN-BL
19191,754RJ33-SG,754RJ33-SG
30469,MID150-EQ,MID150-EQ
23423,742TN34A-SG,742TN34A-SG
24659,735JK46-SG,735JK46-SG
25996,EMULTIMQ-EQ,EMULTIMQ-EQ
758225,BHADORA-SM,BHADORA-SM
12491,IOB-BL,IOB-BL
21394,757NHB31-N8,757NHB31-N8
19559,BHANDARI-BL,BHANDARI-BL
17598,ASALCBR-EQ,ASALCBR-EQ
6952,TARSONS-BL,TARSONS-BL
1391,880IREDA29-N5,880IREDA29-N5
15253,890SFIL23A-NZ,890SFIL23A-NZ
11253,WELSPUNLIV-EQ,WELSPUNLIV-EQ
13449,KELLTONTEC-BL,KELLTONTEC-BL
757560,673RJ35-SG,673RJ35-SG
24267,SYLVANPLY-SM,SYLVANPLY-SM
2147,696RJ41-SG,696RJ41-SG
31181,MCX-EQ,MCX-EQ
29073,8104PHFL28-N0,8104PHFL28-N0
25292,AEL120924A-N5,AEL120924A-N5
15508,74AS33-SG,74AS33-SG
14321,TFL-BL,TFL-BL
23867,AWFIS-BL,AWFIS-BL
30072,722JK32-SG,722JK32-SG
760397,975PCPL28-N0,975PCPL28-N0
14421,77AP29-SG,77AP29-SG
12614,MUNJALSHOW-BL,MUNJALSHOW-BL
19910,77GA33A-SG,77GA33A-SG
20607,INOXINDIA-EQ,INOXINDIA-EQ
18939,746RJ33-SG,746RJ33-SG
22839,1035UCL26-NA,1035UCL26-NA
10555,782AP42-SG,782AP42-SG
17388,ADANIPOWER-EQ,ADANIPOWER-EQ
22162,735CG30-SG,735CG30-SG
28847,VENTIVE-EQ,VENTIVE-EQ
22684,799TCL29-NE,799TCL29-NE
12588,MASTEK-BL,MASTEK-BL
16918,ZFCVINDIA-BL,ZFCVINDIA-BL
12249,BATAINDIA-BL,BATAINDIA-BL
3895,HATSUN-BL,HATSUN-BL
9444,774HR35-SG,774HR35-SG
13887,764GA33-SG,764GA33-SG
25069,PARAMATRIX-SM,PARAMATRIX-SM
3157,SFMP42DD-MF,SFMP42DD-MF
28920,902SCL27Q-N1,902SCL27Q-N1
19774,888SCL25D-NC,888SCL25D-NC
8446,H1861D46DQ-MF,H1861D46DQ-MF
3045,SBIN-EQ,SBIN-EQ
28109,790LTFL34-N0,790LTFL34-N0
760276,724UP33-SG,724UP33-SG
23096,737TS41-SG,737TS41-SG
759397,SOLEX-EQ,SOLEX-EQ
10203,793AP33-SG,793AP33-SG
19606,77KA34-SG,77KA34-SG
20986,940SCL26B-Y6,940SCL26B-Y6
760282,AAFS30B-N0,AAFS30B-N0
19292,TERASOFT-EQ,TERASOFT-EQ
20314,NRAIL-EQ,NRAIL-EQ
24512,897MFL27-N0,897MFL27-N0
22983,MUKKA-BL,MUKKA-BL
8012,721KA32-SG,721KA32-SG
15869,AUROIMPEX-SM,AUROIMPEX-SM
6564,70AP39B-SG,70AP39B-SG
28801,NMSTEEL-SM,NMSTEEL-SM
27537,935TSI27-N0,935TSI27-N0
24055,UTFIAIPRGI-MF,UTFIAIPRGI-MF
14260,PGIL-EQ,PGIL-EQ
13948,UTIRGR35P3-MF,UTIRGR35P3-MF
12904,SGBAUG27-GB,SGBAUG27-GB
7038,604AS26-SG,604AS26-SG
17514,SETCO-EQ,SETCO-EQ
7870,724BR32-SG,724BR32-SG
20919,715AP36-SG,715AP36-SG
11860,JKPAPER-EQ,JKPAPER-EQ
9888,769GS2043-GS,769GS2043-GS
14401,UTIRPP36P1-MF,UTIRPP36P1-MF
19792,MUFIN-BL,MUFIN-BL
5891,699KL36-SG,699KL36-SG
758720,752HR39-SG,752HR39-SG
755961,ABCRESET27-NM,ABCRESET27-NM
13920,PLASTIBLEN-EQ,PLASTIBLEN-EQ
757115,683MN40-SG,683MN40-SG
30454,706KL55-SG,706KL55-SG
757785,723MP42-SG,723MP42-SG
6411,LAMBODHARA-BL,LAMBODHARA-BL
14097,764TS33-SG,764TS33-SG
21077,SURANASOL-EQ,SURANASOL-EQ
23667,895MFL27-NM,895MFL27-NM
756163,865HHFL30-N0,865HHFL30-N0
1947,661WB36-SG,661WB36-SG
4838,LIQUIDIETF-EQ,LIQUIDIETF-EQ
25471,PAISALO-BL,PAISALO-BL
27144,BLACKBUCK-EQ,BLACKBUCK-EQ
21818,773KA41-SG,773KA41-SG
19746,773CG31-SG,773CG31-SG
756919,686NHPCL38-N0,686NHPCL38-N0
1437,668KA36-SG,668KA36-SG
13947,UTIRFP35P3-MF,UTIRFP35P3-MF
17094,CROMPTON-EQ,CROMPTON-EQ
11505,785AS32A-SG,785AS32A-SG
13119,QUICKHEAL-BL,QUICKHEAL-BL
20197,76JK53A-SG,76JK53A-SG
19909,77KA33-SG,77KA33-SG
14745,ADVANIHOTR-EQ,ADVANIHOTR-EQ
27288,APEXECO-SM,APEXECO-SM
626,691AP39-SG,691AP39-SG
21153,774AP32A-SG,774AP32A-SG
9046,AGROPHOS-EQ,AGROPHOS-EQ
4366,GS150326C-GS,GS150326C-GS
20923,654AP30-SG,654AP30-SG
18214,TEXMOPIPES-EQ,TEXMOPIPES-EQ
773,647MH28-SG,647MH28-SG
14897,CENTRALBK-BL,CENTRALBK-BL
25157,RVTH-EQ,RVTH-EQ
19073,AARVI-EQ,AARVI-EQ
13791,PARSVNATH-EQ,PARSVNATH-EQ
759552,PIRAMALFIN-BL,PIRAMALFIN-BL
24257,793TPRE29-N0,793TPRE29-N0
18883,SJVN-EQ,SJVN-EQ
2049,CHENNPETRO-EQ,CHENNPETRO-EQ
22298,642PN30-SG,642PN30-SG
16268,743MZ37-SG,743MZ37-SG
21217,ACCORD-SM,ACCORD-SM
760007,EXCELSOFT-EQ,EXCELSOFT-EQ
758531,116VCCL27-N0,116VCCL27-N0
29200,758LICH35-N0,758LICH35-N0
5994,601RJ26-SG,601RJ26-SG
760515,759UP41-SG,759UP41-SG
2088,MAHSEAMLES-EQ,MAHSEAMLES-EQ
19185,755TS32-SG,755TS32-SG
25499,711MH36-SG,711MH36-SG
30265,748NABF28-N0,748NABF28-N0
1511,ASTERDM-BL,ASTERDM-BL
17441,OIL-BL,OIL-BL
13776,GESHIP-EQ,GESHIP-EQ
12716,TEAMLEASE-EQ,TEAMLEASE-EQ
7859,733KA40-SG,733KA40-SG
13147,PVRINOX-EQ,PVRINOX-EQ
759834,686NBFID30-N0,686NBFID30-N0
757110,669GJ35-SG,669GJ35-SG
14164,762PY35-SG,762PY35-SG
28914,94SCL27U-N1,94SCL27U-N1
760443,754MN38-SG,754MN38-SG
760524,91D270326-TB,91D270326-TB
11409,784TS34-SG,784TS34-SG
21362,SALASAR-EQ,SALASAR-EQ
13821,RUCHIRA-EQ,RUCHIRA-EQ
14536,GOLDBETA-BL,GOLDBETA-BL
2740,706CG29-SG,706CG29-SG
24604,850CIFL27-N0,850CIFL27-N0
14150,BTML-EQ,BTML-EQ
1362,64AP28-SG,64AP28-SG
23974,1025SCL34A-ZT,1025SCL34A-ZT
19480,762GJ28-SG,762GJ28-SG
25482,TIJARIA-EQ,TIJARIA-EQ
23431,746AP41B-SG,746AP41B-SG
757383,664RJ35-SG,664RJ35-SG
10177,SETFNIF50-BL,SETFNIF50-BL
5960,SGBOCT26-GB,SGBOCT26-GB
758734,738TFSIL28-N0,738TFSIL28-N0
22944,755DDL39-N0,755DDL39-N0
30006,722RJ35-SG,722RJ35-SG
20360,779PN37-SG,779PN37-SG
3505,PGINVIT-BL,PGINVIT-BL
5556,685BR30-SG,685BR30-SG
757567,730NIIF28-N0,730NIIF28-N0
24339,737TS42-SG,737TS42-SG
13751,NAUKRI-EQ,NAUKRI-EQ
13419,SUPREMEINF-BZ,SUPREMEINF-BZ
20936,KIRLOSENG-EQ,KIRLOSENG-EQ
8212,RICHA-ST,RICHA-ST
27269,RAJPUTANA-SM,RAJPUTANA-SM
7422,MONQ50-EQ,MONQ50-EQ
25476,712MH43-SG,712MH43-SG
18099,JUBLFOOD-BL,JUBLFOOD-BL
11487,KRIDHANINF-BL,KRIDHANINF-BL
29283,714HR38A-SG,714HR38A-SG
5565,689UP31-SG,689UP31-SG
756939,SOLARAPP1-E1,SOLARAPP1-E1
18458,POWERINDIA-BL,POWERINDIA-BL
12794,SUNPHARMA-BL,SUNPHARMA-BL
29019,ECAPINSURE-EQ,ECAPINSURE-EQ
8333,713TS34-SG,713TS34-SG
14522,739NHAI31A-ND,739NHAI31A-ND
29957,CALSOFTPP-E1,CALSOFTPP-E1
30026,ATULAUTO-BL,ATULAUTO-BL
11401,778MZ32-SG,778MZ32-SG
27117,712HR37-SG,712HR37-SG
27084,KMEW-EQ,KMEW-EQ
18741,GRETEX-SM,GRETEX-SM
7548,712WB36-SG,712WB36-SG
19265,BLISSGVS-EQ,BLISSGVS-EQ
24120,BBNPNBETF-BL,BBNPNBETF-BL
3807,VINEETLAB-EQ,VINEETLAB-EQ
22241,EBBETF0431-BL,EBBETF0431-BL
757704,SAVY-SM,SAVY-SM
27319,713BR34B-SG,713BR34B-SG
24179,744IREDA34-N0,744IREDA34-N0
9919,NEOGEN-BL,NEOGEN-BL
12136,RADAAN-BL,RADAAN-BL
13228,ABSLFTUBDG-MF,ABSLFTUBDG-MF
2074,699JK31-SG,699JK31-SG
758527,STUDIOLSD-SM,STUDIOLSD-SM
20305,PRESTIGE-BL,PRESTIGE-BL
22615,749AP36-SG,749AP36-SG
10055,SFMP6GD-MF,SFMP6GD-MF
17542,1015SCL28B-AZ,1015SCL28B-AZ
18089,DBL-BL,DBL-BL
583,CANFINHOME-EQ,CANFINHOME-EQ
30079,723TS53-SG,723TS53-SG
757186,930APMD31-N0,930APMD31-N0
5992,706MZ34-SG,706MZ34-SG
6741,671TN29-SG,671TN29-SG
29641,728IRFC40-N0,728IRFC40-N0
29525,725NBFI40-N0,725NBFI40-N0
968,SUBEXLTD-BL,SUBEXLTD-BL
756808,651UP32-SG,651UP32-SG
22663,JSFB-EQ,JSFB-EQ
2860,CRAFTSMAN-BL,CRAFTSMAN-BL
12675,PNB-BL,PNB-BL
8513,SURANI-SM,SURANI-SM
30222,990SCL28-N1,990SCL28-N1
20964,780KA30-SG,780KA30-SG
19887,MICROPRO-SM,MICROPRO-SM
760100,364D031226-TB,364D031226-TB
10577,KRBL-EQ,KRBL-EQ
19238,IMFA-BL,IMFA-BL
760489,DHARARAIL-SM,DHARARAIL-SM
15376,CIFCZC28A-N5,CIFCZC28A-N5
1181,GODFRYPHLP-EQ,GODFRYPHLP-EQ
759458,GROWWNXT50-EQ,GROWWNXT50-EQ
22269,646WB30-SG,646WB30-SG
12188,INOXGREEN-EQ,INOXGREEN-EQ
9587,METROPOLIS-BL,METROPOLIS-BL
2125,609RJ26-SG,609RJ26-SG
1516,654GA30A-SG,654GA30A-SG
13815,KAMOPAINTS-BL,KAMOPAINTS-BL
27114,708GJ33-SG,708GJ33-SG
22645,ITALIANE-SM,ITALIANE-SM
25501,712HR36-SG,712HR36-SG
23892,776TIL34-N1,776TIL34-N1
593,661KA30-SG,661KA30-SG
20218,750GA30-SG,750GA30-SG
27004,713HR36A-SG,713HR36A-SG
6861,DHRUV-BL,DHRUV-BL
14167,759TS40A-SG,759TS40A-SG
756707,707LICH30-N0,707LICH30-N0
8259,MADHAVBAUG-SM,MADHAVBAUG-SM
21510,767AP38A-SG,767AP38A-SG
2077,685GA31-SG,685GA31-SG
6401,CCHHL-BL,CCHHL-BL
759610,CHOICEGOLD-EQ,CHOICEGOLD-EQ
19597,IRMENERGY-EQ,IRMENERGY-EQ
2202,MIRCELECTR-EQ,MIRCELECTR-EQ
14218,CTE-EQ,CTE-EQ
16863,LPDC-EQ,LPDC-EQ
7249,METROBRAND-BL,METROBRAND-BL
27211,751SIDBI28-N0,751SIDBI28-N0
5104,ABSLFTTJDG-MF,ABSLFTTJDG-MF
29575,709TN35-SG,709TN35-SG
19531,BAJAJCON-EQ,BAJAJCON-EQ
24466,812ABHF29-N0,812ABHF29-N0
756843,ABLBL-EQ,ABLBL-EQ
3089,699WB36-SG,699WB36-SG
1,GOLDSTAR-SM,GOLDSTAR-SM
1491,IFCI-EQ,IFCI-EQ
22164,710UK30-SG,710UK30-SG
23955,925SCL29A-ZM,925SCL29A-ZM
8851,UMAEXPORTS-BL,UMAEXPORTS-BL
330,VALIANTORG-EQ,VALIANTORG-EQ
4570,605RJ26-SG,605RJ26-SG
30166,718WB45-SG,718WB45-SG
28256,710KL42-SG,710KL42-SG
8489,709TN30-SG,709TN30-SG
759400,SOLEX-BL,SOLEX-BL
22877,743MH35-SG,743MH35-SG
14834,78JK35-SG,78JK35-SG
20277,745GJ30-SG,745GJ30-SG
13693,INFOMEDIA-EQ,INFOMEDIA-EQ
24924,ELGIRUBCO-EQ,ELGIRUBCO-EQ
30419,699TN31-SG,699TN31-SG
30121,EQUAL200-EQ,EQUAL200-EQ
25412,ENVIRO-SM,ENVIRO-SM
16939,734TN43-SG,734TN43-SG
8866,CHOICEIN-EQ,CHOICEIN-EQ
758204,700ML35-SG,700ML35-SG
14894,CENTRALBK-EQ,CENTRALBK-EQ
21543,76AP44-SG,76AP44-SG
12497,ITI-BL,ITI-BL
759100,965ISF28-N0,965ISF28-N0
3713,684RJ31-SG,684RJ31-SG
759296,113ESFB31-N0,113ESFB31-N0
12771,SONATSOFTW-BL,SONATSOFTW-BL
760775,754KA37-SG,754KA37-SG
17460,736RJ41-SG,736RJ41-SG
22017,66MZ30-SG,66MZ30-SG
12508,JBCHEPHARM-BL,JBCHEPHARM-BL
13928,NFL-BL,NFL-BL
17029,PATANJALI-EQ,PATANJALI-EQ
3296,DEEPINDS-BL,DEEPINDS-BL
21386,PALASHSECU-BL,PALASHSECU-BL
20844,72HP35-SG,72HP35-SG
759572,ORKLAINDIA-BL,ORKLAINDIA-BL
12739,SOTL-BL,SOTL-BL
31970,901NHB34-N6,901NHB34-N6
756167,995ISF28-N0,995ISF28-N0
3563,ADANIGREEN-EQ,ADANIGREEN-EQ
16809,736TS41-SG,736TS41-SG
18010,BPF02D4R-MF,BPF02D4R-MF
16765,KDL-ST,KDL-ST
22085,704UP30-SG,704UP30-SG
7471,MIDQ50ADD-BL,MIDQ50ADD-BL
21744,CHOLAHLDNG-BL,CHOLAHLDNG-BL
7258,MEDPLUS-BL,MEDPLUS-BL
22214,717GJ30-SG,717GJ30-SG
29075,SETL-EQ,SETL-EQ
4839,LIQUIDIETF-BL,LIQUIDIETF-BL
24764,727KL59-SG,727KL59-SG
760229,MEESHO-EQ,MEESHO-EQ
30183,717UP33-SG,717UP33-SG
20738,765HP35-SG,765HP35-SG
20099,710GJ30-SG,710GJ30-SG
758153,MBEL-BL,MBEL-BL
11198,ANNAPURNA-SM,ANNAPURNA-SM
11039,DCMNVL-EQ,DCMNVL-EQ
1994,LIBERTSHOE-EQ,LIBERTSHOE-EQ
3073,684JK31-SG,684JK31-SG
11676,774HR29-SG,774HR29-SG
2496,ORIENTPPR-EQ,ORIENTPPR-EQ
25825,709RJ35-SG,709RJ35-SG
756031,815ANN31-N0,815ANN31-N0
5411,CARTRADE-BL,CARTRADE-BL
759368,FLEXIADD-EQ,FLEXIADD-EQ
11981,765PN42-SG,765PN42-SG
18471,925CAGL26-N9,925CAGL26-N9
30073,729WB38-SG,729WB38-SG
757473,925SCL30A-NH,925SCL30A-NH
22207,694TS60-SG,694TS60-SG
13806,FLUOROCHEM-BL,FLUOROCHEM-BL
8284,699PY29-SG,699PY29-SG
10415,MUTHOOTCAP-EQ,MUTHOOTCAP-EQ
35,677KA34-SG,677KA34-SG
758819,73RJ51-SG,73RJ51-SG
12884,VOLTAS-BL,VOLTAS-BL
14230,HDFCBSE500-EQ,HDFCBSE500-EQ
18951,VERTOZ-BL,VERTOZ-BL
21050,780AP33-SG,780AP33-SG
27325,710TS45-SG,710TS45-SG
18334,741WB39-SG,741WB39-SG
760063,675HP29-SG,675HP29-SG
757801,IGCL-EQ,IGCL-EQ
25506,INDOUS-BL,INDOUS-BL
759189,743OR40-SG,743OR40-SG
14647,778TS34-SG,778TS34-SG
10406,STEELCITY-EQ,STEELCITY-EQ
4668,BANKBARODA-EQ,BANKBARODA-EQ
8125,RPSGVENT-BL,RPSGVENT-BL
760563,722TN32-SG,722TN32-SG
19221,VALIANTLAB-BL,VALIANTLAB-BL
21259,753AS29-SG,753AS29-SG
17172,91SFL27-ZI,91SFL27-ZI
25158,RVTH-BL,RVTH-BL
15047,DELTACORP-BL,DELTACORP-BL
12546,KOTAKBANK-BL,KOTAKBANK-BL
30139,CASHIETF-EQ,CASHIETF-EQ
9870,795HR32-SG,795HR32-SG
12391,GICHSGFIN-BL,GICHSGFIN-BL
21186,KLL-SM,KLL-SM
756954,915PFL27-N0,915PFL27-N0
759464,GEMAROMA-BL,GEMAROMA-BL
14115,NETWORK18-BL,NETWORK18-BL
29052,710KA33-SG,710KA33-SG
23142,PVSL-EQ,PVSL-EQ
1425,662AS30-SG,662AS30-SG
1095,679MP40-SG,679MP40-SG
16204,PAVNAIND-BL,PAVNAIND-BL
759035,744TS48-SG,744TS48-SG
3373,678RJ31A-SG,678RJ31A-SG
757729,649OR30-SG,649OR30-SG
7979,MAKEINDIA-EQ,MAKEINDIA-EQ
761,662JH30-SG,662JH30-SG
760085,759AP44-SG,759AP44-SG
24196,VADILALIND-EQ,VADILALIND-EQ
757172,930APMD33-N0,930APMD33-N0
4982,633AS26-SG,633AS26-SG
12826,HYBRIDFIN-BL,HYBRIDFIN-BL
23079,739CG33-SG,739CG33-SG
29601,REPCOHOME-BL,REPCOHOME-BL
5569,702AP41-SG,702AP41-SG
12227,AUROPHARMA-BL,AUROPHARMA-BL
3693,GAYAHWS-EQ,GAYAHWS-EQ
759335,753TS52-SG,753TS52-SG
6596,SONATSOFTW-EQ,SONATSOFTW-EQ
12096,KAYNES-BL,KAYNES-BL
3088,INDOSTAR-EQ,INDOSTAR-EQ
760720,TIT45-N0,TIT45-N0
21348,IBLFL-SM,IBLFL-SM
17603,MAHEPC-EQ,MAHEPC-EQ
23783,ABSMARINE-SM,ABSMARINE-SM
14995,CCCL-BL,CCCL-BL
27087,KMEW-BL,KMEW-BL
14562,ZENITHSTL-EQ,ZENITHSTL-EQ
25212,703TN29-SG,703TN29-SG
13413,GPIL-BL,GPIL-BL
14796,MEGASOFT-BL,MEGASOFT-BL
25042,761LIC34-N0,761LIC34-N0
27186,71TN32A-SG,71TN32A-SG
425,KHADIM-EQ,KHADIM-EQ
22501,766HR36-SG,766HR36-SG
25705,712HR36A-SG,712HR36A-SG
19237,MONIFTY500-EQ,MONIFTY500-EQ
757107,DCCL-SM,DCCL-SM
20366,764RJ49-SG,764RJ49-SG
30108,ABFRL-EQ,ABFRL-EQ
1890,657TN31-SG,657TN31-SG
24648,729RJ34-SG,729RJ34-SG
29148,NAVKARURB-BL,NAVKARURB-BL
6884,824GS2027-GS,824GS2027-GS
4870,INDSWFTLAB-EQ,INDSWFTLAB-EQ
2413,722RJ41-SG,722RJ41-SG
14016,LUMAXTECH-BL,LUMAXTECH-BL
757702,74342PHF30-N0,74342PHF30-N0
758298,723LTFL28-N0,723LTFL28-N0
9158,BALAJITELE-EQ,BALAJITELE-EQ
4749,CONCOR-EQ,CONCOR-EQ
6009,COASTCORP-BL,COASTCORP-BL
5006,IRCON-BL,IRCON-BL
19970,901HUDCO34-NE,901HUDCO34-NE
11706,781KL44-SG,781KL44-SG
1476,IDBI-EQ,IDBI-EQ
14954,76AP29-SG,76AP29-SG
24968,SURAJLTD-BL,SURAJLTD-BL
11588,741GJ26-SG,741GJ26-SG
8972,HARIOMPIPE-BL,HARIOMPIPE-BL
11037,BANKIETF-EQ,BANKIETF-EQ
11277,762MH30A-SG,762MH30A-SG
2824,ARVEE-BL,ARVEE-BL
27207,716TN54A-SG,716TN54A-SG
29184,867MUTF30-N0,867MUTF30-N0
6944,GANECOS-EQ,GANECOS-EQ
24724,828SICC26-N0,828SICC26-N0
13342,VAKRANGEE-EQ,VAKRANGEE-EQ
757935,713MH48-SG,713MH48-SG
30442,71HP40-SG,71HP40-SG
24335,737AP36-SG,737AP36-SG
1709,617KL27-SG,617KL27-SG
20137,RAMKY-BL,RAMKY-BL
12204,ANDHRSUGAR-BL,ANDHRSUGAR-BL
27163,815GIL29-N0,815GIL29-N0
7835,WEL-EQ,WEL-EQ
21947,624MH28-SG,624MH28-SG
1922,KOTAKBANK-EQ,KOTAKBANK-EQ
759098,12AFIL27A-N0,12AFIL27A-N0
19800,WELINV-EQ,WELINV-EQ
22110,719TN35-SG,719TN35-SG
9719,773WB32-SG,773WB32-SG
24933,GLOBALE-BL,GLOBALE-BL
756716,832HHFL27A-N0,832HHFL27A-N0
2868,HITECH-EQ,HITECH-EQ
23111,18MVL27-N0,18MVL27-N0
30262,DIVINEHIRA-ST,DIVINEHIRA-ST
2983,ORTINGLOBE-BL,ORTINGLOBE-BL
13993,768TS42-SG,768TS42-SG
5373,DEVYANI-EQ,DEVYANI-EQ
21550,727AS29-SG,727AS29-SG
27928,775SFL26-N0,775SFL26-N0
23759,741AP47-SG,741AP47-SG
2883,IIFLZC28-NG,IIFLZC28-NG
14706,NAGREEKEXP-BL,NAGREEKEXP-BL
17691,VIJIFIN-EQ,VIJIFIN-EQ
10407,KSHITIJPOL-EQ,KSHITIJPOL-EQ
29527,GROWWRAIL-EQ,GROWWRAIL-EQ
3031,SDL26BEES-BL,SDL26BEES-BL
758129,CUDML-SM,CUDML-SM
8140,734MN32-SG,734MN32-SG
19783,MUFIN-EQ,MUFIN-EQ
714,SHALBY-EQ,SHALBY-EQ
24282,736SBOI39-N0,736SBOI39-N0
14989,CSBBANK-BL,CSBBANK-BL
17903,ABBOTINDIA-EQ,ABBOTINDIA-EQ
24701,BULKCORP-SM,BULKCORP-SM
611,66RJ30A-SG,66RJ30A-SG
5870,QUADPRO-SM,QUADPRO-SM
23740,TBOTEK-EQ,TBOTEK-EQ
760047,1125VCCL27-N0,1125VCCL27-N0
29017,950ISF26A-N0,950ISF26A-N0
2901,672KL27-SG,672KL27-SG
13091,EKC-EQ,EKC-EQ
31412,MTEDUCARE-BL,MTEDUCARE-BL
24077,MID150CASE-EQ,MID150CASE-EQ
22694,743CG29-SG,743CG29-SG
757035,668HR38-SG,668HR38-SG
1185,AMBER-EQ,AMBER-EQ
19633,ITETF-EQ,ITETF-EQ
14607,TGBHOTELS-EQ,TGBHOTELS-EQ
19899,77MH34-SG,77MH34-SG
759239,FINKURVE-EQ,FINKURVE-EQ
756033,815ANN29-N0,815ANN29-N0
16296,INFIBEAM-BL,INFIBEAM-BL
4829,DODLA-BL,DODLA-BL
596,663MH30-SG,663MH30-SG
17987,TRF-EQ,TRF-EQ
21910,663KL30-SG,663KL30-SG
1715,66RJ30C-SG,66RJ30C-SG
25919,OCCLLTD-BL,OCCLLTD-BL
12573,MAHABANK-BL,MAHABANK-BL
11691,784RJ32-SG,784RJ32-SG
11881,782NL32A-SG,782NL32A-SG
16930,JOCIL-BL,JOCIL-BL
19277,EMAMIREAL-EQ,EMAMIREAL-EQ
759166,714NL30-SG,714NL30-SG
6951,LINC-EQ,LINC-EQ
12745,SESHAPAPER-BL,SESHAPAPER-BL
760442,753KA38-SG,753KA38-SG
24472,7865LICH26-N0,7865LICH26-N0
11218,MAKS-SM,MAKS-SM
21914,716KL30-SG,716KL30-SG
12472,INDIACEM-BL,INDIACEM-BL
29176,BARFLEX-SM,BARFLEX-SM
29614,704REC28-N4,704REC28-N4
1446,671TS40-SG,671TS40-SG
19959,WAAREEINDO-BE,WAAREEINDO-BE
13126,REPRO-EQ,REPRO-EQ
21955,HFCL-BL,HFCL-BL
6010,COASTCORP-BE,COASTCORP-BE
2995,NAZARA-BL,NAZARA-BL
15124,KOLTEPATIL-EQ,KOLTEPATIL-EQ
1997,LICHSGFIN-EQ,LICHSGFIN-EQ
1499,RBA-BL,RBA-BL
12823,TCI-BL,TCI-BL
25570,1075SCL34C-N1,1075SCL34C-N1
759261,GURUNANAK-SM,GURUNANAK-SM
757725,LIQGRWBEES-EQ,LIQGRWBEES-EQ
12642,NUCLEUS-BL,NUCLEUS-BL
22086,765UP30-SG,765UP30-SG
23347,747CG34A-SG,747CG34A-SG
13902,764RJ38-SG,764RJ38-SG
3425,76IGT26-ND,76IGT26-ND
760673,GROWWCHEM-EQ,GROWWCHEM-EQ
760075,JAYKAY-BL,JAYKAY-BL
294,69AS30A-SG,69AS30A-SG
15750,737AS33-SG,737AS33-SG
5896,693TS37-SG,693TS37-SG
21946,697MH28-SG,697MH28-SG
12098,KEYFINSERV-BL,KEYFINSERV-BL
24409,DHANUKA-EQ,DHANUKA-EQ
1652,663TN35-SG,663TN35-SG
27061,ACMESOLAR-EQ,ACMESOLAR-EQ
25668,SAHASRA-SM,SAHASRA-SM
758002,SHANTIGOLD-EQ,SHANTIGOLD-EQ
1842,66UP31-SG,66UP31-SG
6954,LINC-BL,LINC-BL
758561,KALPATARU-BL,KALPATARU-BL
6103,70NL31-SG,70NL31-SG
14687,GOACARBON-EQ,GOACARBON-EQ
7074,MAHKTECH-EQ,MAHKTECH-EQ
756859,674AP37-SG,674AP37-SG
760709,NEXT50ETF-EQ,NEXT50ETF-EQ
5363,KRSNAA-BL,KRSNAA-BL
760417,TOP20-BL,TOP20-BL
757472,902SCL2030-NG,902SCL2030-NG
22182,679JK30-SG,679JK30-SG
19880,RADIOCITY-BL,RADIOCITY-BL
23099,738KL44-SG,738KL44-SG
24164,DURLAX-SM,DURLAX-SM
1453,654KA30-SG,654KA30-SG
760121,VIJAYPD-SM,VIJAYPD-SM
11930,NECLIFE-BE,NECLIFE-BE
2562,HUHTAMAKI-EQ,HUHTAMAKI-EQ
14220,CTE-BL,CTE-BL
17266,ARMANFIN-BL,ARMANFIN-BL
759319,73UK32-SG,73UK32-SG
164,68AS30-SG,68AS30-SG
16645,734AS33A-SG,734AS33A-SG
755986,852MFL28A-N0,852MFL28A-N0
2407,718HR41-SG,718HR41-SG
1944,661KA33-SG,661KA33-SG
18035,SANGANI-SM,SANGANI-SM
23449,818CANF29-N1,818CANF29-N1
11507,783HR32-SG,783HR32-SG
25493,712BR33-SG,712BR33-SG
18954,748HR35-SG,748HR35-SG
19295,TERASOFT-BL,TERASOFT-BL
759331,75AP46-SG,75AP46-SG
16192,PAVNAIND-EQ,PAVNAIND-EQ
12607,UMIYA-MRO-BL,UMIYA-MRO-BL
10733,SPORTKING-EQ,SPORTKING-EQ
23344,744KA33-SG,744KA33-SG
12899,XPROINDIA-BL,XPROINDIA-BL
1531,665KA35-SG,665KA35-SG
24957,QVCEL-SM,QVCEL-SM
23583,755PN32-SG,755PN32-SG
13570,RBMINFRA-SM,RBMINFRA-SM
6307,634RJ27-SG,634RJ27-SG
6531,NHIT-IV,NHIT-IV
10588,SHREEPUSHK-EQ,SHREEPUSHK-EQ
19903,775RJ36-SG,775RJ36-SG
760594,BUILDPRO-EQ,BUILDPRO-EQ
5966,BSLSENETFG-BL,BSLSENETFG-BL
20666,656AP31-SG,656AP31-SG
18862,SGBAPR28I-GB,SGBAPR28I-GB
25515,FLEXITUFF-BL,FLEXITUFF-BL
12825,TCS-BL,TCS-BL
24819,849ABSLI34-N0,849ABSLI34-N0
757915,681RL36-N0,681RL36-N0
13514,MUNJALAU-BL,MUNJALAU-BL
14116,GANDHITUBE-EQ,GANDHITUBE-EQ
759178,TIGERLOGS-BL,TIGERLOGS-BL
759491,741JK42-SG,741JK42-SG
11155,CNL-EQ,CNL-EQ
19742,763JK53-SG,763JK53-SG
15300,VIRINCHI-BL,VIRINCHI-BL
28926,925SCL29S-N1,925SCL29S-N1
760761,364D280127-TB,364D280127-TB
1393,880IREDA34-N6,880IREDA34-N6
10580,TCI-EQ,TCI-EQ
755990,762TCL30-N0,762TCL30-N0
21982,735MP29-SG,735MP29-SG
10639,797AP36-SG,797AP36-SG
3247,NITIRAJ-EQ,NITIRAJ-EQ
23240,780BFL27-N0,780BFL27-N0
22758,745MP44A-SG,745MP44A-SG
22089,722UP30-SG,722UP30-SG
2970,SURYODAY-EQ,SURYODAY-EQ
3763,707RJ46-SG,707RJ46-SG
11980,767AS32-SG,767AS32-SG
314,696JK35-SG,696JK35-SG
19946,DEEPAKNTR-BL,DEEPAKNTR-BL
5114,SGIL-EQ,SGIL-EQ
12072,SCPL-EQ,SCPL-EQ
5035,695MH31-SG,695MH31-SG
11591,HDFCNIFTY-EQ,HDFCNIFTY-EQ
24004,743TN32-SG,743TN32-SG
12633,NIPPOBATRY-BL,NIPPOBATRY-BL
15971,72MH28-SG,72MH28-SG
14500,GARFIBRES-BL,GARFIBRES-BL
18556,JLHL-BL,JLHL-BL
22367,ITIETF-BL,ITIETF-BL
17115,743TS50-SG,743TS50-SG
22161,718CG27-SG,718CG27-SG
12284,CANFINHOME-BL,CANFINHOME-BL
17993,PGIMCSA3D-MF,PGIMCSA3D-MF
29607,704IRFC28-N6,704IRFC28-N6
23201,745KA35-SG,745KA35-SG
24435,EFFWA-SM,EFFWA-SM
23565,RBS-SM,RBS-SM
17869,JSWENERGY-EQ,JSWENERGY-EQ
20395,778NL33-SG,778NL33-SG
5971,659CG28-SG,659CG28-SG
22134,668TN55-SG,668TN55-SG
767,689MP40-SG,689MP40-SG
25952,USHAFIN-SM,USHAFIN-SM
3546,TTKPRESTIG-EQ,TTKPRESTIG-EQ
22102,663TN55-SG,663TN55-SG
760679,765BR44-SG,765BR44-SG
21166,779PN38-SG,779PN38-SG
22717,ENTERO-EQ,ENTERO-EQ
760092,74BR35-SG,74BR35-SG
12275,BPCL-BL,BPCL-BL
22575,837SMFG29-N2,837SMFG29-N2
1247,GSFC-EQ,GSFC-EQ
21503,764GJ34-SG,764GJ34-SG
12393,GIPCL-BL,GIPCL-BL
5378,ASAHIINDIA-EQ,ASAHIINDIA-EQ
19302,ITDC-BL,ITDC-BL
757955,PASHUPATI-EQ,PASHUPATI-EQ
13128,763KA39-SG,763KA39-SG
12928,BIOFILCHEM-BL,BIOFILCHEM-BL
22882,742MP46-SG,742MP46-SG
24051,739UK30-SG,739UK30-SG
12269,BLUECHIP-BL,BLUECHIP-BL
5886,694RJ33-SG,694RJ33-SG
14351,769AP43-SG,769AP43-SG
760135,SPEB-SM,SPEB-SM
25780,APLAPOLLO-EQ,APLAPOLLO-EQ
5232,71MH36-SG,71MH36-SG
1048,AXISBNKETF-BL,AXISBNKETF-BL
25355,713AS34-SG,713AS34-SG
757896,715SHFL28-N0,715SHFL28-N0
23879,737RJ39-SG,737RJ39-SG
757756,PICCADIL-BL,PICCADIL-BL
29294,711AS45-SG,711AS45-SG
16936,INDBANK-BL,INDBANK-BL
20397,777PN36-SG,777PN36-SG
5850,925SCL26-NR,925SCL26-NR
760472,756KL44-SG,756KL44-SG
14342,GANESHHOU-BL,GANESHHOU-BL
2733,643AS26-SG,643AS26-SG
18947,KINGFA-BL,KINGFA-BL
4530,NEXT50IETF-BL,NEXT50IETF-BL
7538,714TS33-SG,714TS33-SG
2307,MUNJALSHOW-EQ,MUNJALSHOW-EQ
22770,INM-SM,INM-SM
13837,DONEAR-BL,DONEAR-BL
30036,760CIT38-N0,760CIT38-N0
17684,SHRITECH-SM,SHRITECH-SM
25510,MOTHERSON-D1,MOTHERSON-D1
8873,CHOICEIN-BL,CHOICEIN-BL
14820,776UK33-SG,776UK33-SG
620,699WB35-SG,699WB35-SG
25704,712GA35-SG,712GA35-SG
30276,SILVERCASE-BL,SILVERCASE-BL
27123,NEELAM-SM,NEELAM-SM
18866,MAZDA-EQ,MAZDA-EQ
13773,757GJ32-SG,757GJ32-SG
29004,717MP38-SG,717MP38-SG
758707,LTGILTCASE-BL,LTGILTCASE-BL
23095,739BR39-SG,739BR39-SG
9431,NORBTEAEXP-BE,NORBTEAEXP-BE
2365,GIRIRAJ-SM,GIRIRAJ-SM
24742,CEIGALL-EQ,CEIGALL-EQ
18591,UNIHEALTH-ST,UNIHEALTH-ST
759997,ESENSEX-BL,ESENSEX-BL
5247,AAREYDRUGS-BL,AAREYDRUGS-BL
18220,KECL-EQ,KECL-EQ
8579,742KL34-SG,742KL34-SG
8331,717RJ32-SG,717RJ32-SG
12805,SUVEN-BL,SUVEN-BL
29182,990IIFL26-N0,990IIFL26-N0
24526,SBINEQWETF-BL,SBINEQWETF-BL
475,703AP40-SG,703AP40-SG
3815,ARIHANTCAP-BL,ARIHANTCAP-BL
14447,779WB42-SG,779WB42-SG
27183,705GJ29-SG,705GJ29-SG
17996,PGIMCSR2G-MF,PGIMCSR2G-MF
756884,686NHPCL40-N0,686NHPCL40-N0
17764,REFEX-EQ,REFEX-EQ
23407,LIQUIDADD-EQ,LIQUIDADD-EQ
7149,ANANDRATHI-BL,ANANDRATHI-BL
7426,MANAKALUCO-BL,MANAKALUCO-BL
12788,SUBROS-BL,SUBROS-BL
12298,CINEVISTA-BL,CINEVISTA-BL
9253,NILAINFRA-EQ,NILAINFRA-EQ
5668,698AP36-SG,698AP36-SG
758122,724MP45-SG,724MP45-SG
4822,DODLA-EQ,DODLA-EQ
20599,690AP27-SG,690AP27-SG
205,UNIDT-BL,UNIDT-BL
21542,76TS43-SG,76TS43-SG
12803,SURYAROSNI-BL,SURYAROSNI-BL
27441,935TSI34-N0,935TSI34-N0
3433,79IGT28-NF,79IGT28-NF
27055,SAGILITY-BL,SAGILITY-BL
17207,ITADD-EQ,ITADD-EQ
24009,745RJ40-SG,745RJ40-SG
13697,INFOMEDIA-BL,INFOMEDIA-BL
757471,925SCL30-NF,925SCL30-NF
24999,IBULLSLTD-EQ,IBULLSLTD-EQ
22872,742MP44-SG,742MP44-SG
24664,729TN54-SG,729TN54-SG
759439,PATELRMART-EQ,PATELRMART-EQ
24949,709GS2054-GS,709GS2054-GS
19694,JITFINFRA-BL,JITFINFRA-BL
13890,HIRECT-EQ,HIRECT-EQ
12689,764AP33-SG,764AP33-SG
16650,737JK38-SG,737JK38-SG
3064,69GJ30-SG,69GJ30-SG
760407,ICICIAMC-EQ,ICICIAMC-EQ
12824,TCIFINANCE-BL,TCIFINANCE-BL
685,CHOLAFIN-EQ,CHOLAFIN-EQ
16786,GVT&D-BL,GVT&D-BL
25095,725AP37-SG,725AP37-SG
25562,971SCL29B-N1,971SCL29B-N1
12362,FACT-BL,FACT-BL
15335,NMDC-BL,NMDC-BL
1614,FAIRCHEMOR-EQ,FAIRCHEMOR-EQ
21040,641GA30-SG,641GA30-SG
8371,733TN52A-SG,733TN52A-SG
25831,708KA34B-SG,708KA34B-SG
18011,WHIRLPOOL-EQ,WHIRLPOOL-EQ
755860,364D100426-TB,364D100426-TB
30051,ROADSTAR-IV,ROADSTAR-IV
4757,688UP31A-SG,688UP31A-SG
12465,10CAGL27-N5,10CAGL27-N5
7707,722KA35-SG,722KA35-SG
3980,TNPL-EQ,TNPL-EQ
16798,ARCHIDPLY-BL,ARCHIDPLY-BL
7530,70MN31B-SG,70MN31B-SG
27711,723DMEDL34-N0,723DMEDL34-N0
10871,GRMOVER-EQ,GRMOVER-EQ
20116,1003SCL30A-NV,1003SCL30A-NV
761206,723BOI35-N0,723BOI35-N0
13857,VENUSREM-BL,VENUSREM-BL
18566,RRKABEL-EQ,RRKABEL-EQ
24073,792LIC27-N5,792LIC27-N5
21711,68PN26-SG,68PN26-SG
759228,ASIFRG-SF,ASIFRG-SF
760143,CSSL-SM,CSSL-SM
23199,748NL34-SG,748NL34-SG
2442,NOCIL-EQ,NOCIL-EQ
10367,78GJ32A-SG,78GJ32A-SG
11514,785AP40-SG,785AP40-SG
21270,778AS34-SG,778AS34-SG
8935,711MH29-SG,711MH29-SG
12327,DEEPAKFERT-BL,DEEPAKFERT-BL
18743,SIGNATURE-EQ,SIGNATURE-EQ
12344,EIMCOELECO-BL,EIMCOELECO-BL
3451,769IGT28-NH,769IGT28-NH
19526,767AS33B-SG,767AS33B-SG
10719,774AP38-SG,774AP38-SG
11821,WELCORP-EQ,WELCORP-EQ
20368,765GJ29A-SG,765GJ29A-SG
13423,ELIN-EQ,ELIN-EQ
7533,702TN31-SG,702TN31-SG
21133,743GJ27-SG,743GJ27-SG
2259,MOREPENLAB-EQ,MOREPENLAB-EQ
18840,NIRAJISPAT-EQ,NIRAJISPAT-EQ
20742,761HP38-SG,761HP38-SG
757436,708MZ39-SG,708MZ39-SG
9408,RAINBOW-EQ,RAINBOW-EQ
25145,8049ABHF27-N0,8049ABHF27-N0
6973,DMCC-EQ,DMCC-EQ
29930,718MH39-SG,718MH39-SG
12316,CGPOWER-BL,CGPOWER-BL
12440,HIMATSEIDE-BL,HIMATSEIDE-BL
6817,695GS2061-GS,695GS2061-GS
25147,JEYYAM-SM,JEYYAM-SM
21275,SUMMITSEC-EQ,SUMMITSEC-EQ
759872,726JCL30-N0,726JCL30-N0
16935,735AP40-SG,735AP40-SG
17878,GODREJPROP-BL,GODREJPROP-BL
21924,68MN30-SG,68MN30-SG
20603,SHREEOSFM-SM,SHREEOSFM-SM
13816,LTFOODS-EQ,LTFOODS-EQ
9821,786MH30-SG,786MH30-SG
21926,69MN30-SG,69MN30-SG
2610,PEARLPOLY-EQ,PEARLPOLY-EQ
30204,1025SCL35A-N1,1025SCL35A-N1
31471,LYPSAGEMS-BL,LYPSAGEMS-BL
760474,741NIIF31-N0,741NIIF31-N0
759079,DEVX-EQ,DEVX-EQ
24372,833PHFL29-N0,833PHFL29-N0
2535,PGHH-EQ,PGHH-EQ
641,DNAMEDIA-EQ,DNAMEDIA-EQ
154,APCOTEXIND-EQ,APCOTEXIND-EQ
758906,AONEGOLD-BL,AONEGOLD-BL
29233,720LT35-N0,720LT35-N0
8713,74KL37-SG,74KL37-SG
29256,DENTA-EQ,DENTA-EQ
30063,790ABHFL28-N0,790ABHFL28-N0
758139,920SCL28-N0,920SCL28-N0
760512,747TN36-SG,747TN36-SG
1077,659HR30-SG,659HR30-SG
8193,713AP40-SG,713AP40-SG
10893,DBOL-EQ,DBOL-EQ
25078,772TIL34-N0,772TIL34-N0
10791,NUCLEUS-EQ,NUCLEUS-EQ
759265,TATACAP-EQ,TATACAP-EQ
755950,8016ABCL29-NB,8016ABCL29-NB
15358,NAHARCAP-BL,NAHARCAP-BL
760368,915APSBC29-N0,915APSBC29-N0
12217,ASHAPURMIN-BL,ASHAPURMIN-BL
12564,LUMAXIND-BL,LUMAXIND-BL
757499,955SCL35-NO,955SCL35-NO
21163,773KA35A-SG,773KA35A-SG
15342,SHALPAINTS-EQ,SHALPAINTS-EQ
17117,745AS33-SG,745AS33-SG
29131,72JK47-SG,72JK47-SG
34,ADOR-EQ,ADOR-EQ
20094,965SCL28A-NQ,965SCL28A-NQ
23884,734AP49-SG,734AP49-SG
22560,MEGATHERM-SM,MEGATHERM-SM
759182,719TN33-SG,719TN33-SG
14722,NIRMAN-SM,NIRMAN-SM
9708,769MZ31-SG,769MZ31-SG
29565,714BR37-SG,714BR37-SG
17118,745HP33-SG,745HP33-SG
166,ANDHRAPAP-EQ,ANDHRAPAP-EQ
30445,71KL43-SG,71KL43-SG
12524,JSWSTEEL-BL,JSWSTEEL-BL
19798,CELLO-BL,CELLO-BL
16934,736MZ38-SG,736MZ38-SG
22610,749UP34A-SG,749UP34A-SG
24234,OMINFRAL-BL,OMINFRAL-BL
19770,SCL26-NA,SCL26-NA
19236,SENSEXETF-BL,SENSEXETF-BL
14843,VIPCLOTHNG-EQ,VIPCLOTHNG-EQ
25065,AERON-SM,AERON-SM
13658,GEECEE-EQ,GEECEE-EQ
12122,NSIL-BL,NSIL-BL
19208,HEADSUP-BL,HEADSUP-BL
756104,678RJ47-SG,678RJ47-SG
20104,925SCL28A-NS,925SCL28A-NS
11434,KRITINUT-BL,KRITINUT-BL
23745,EMMIL-SM,EMMIL-SM
6173,BHAGCHEM-BL,BHAGCHEM-BL
15136,KAUSHALYA-EQ,KAUSHALYA-EQ
7105,TEGA-EQ,TEGA-EQ
24177,825NOM27-N0,825NOM27-N0
22661,745EXIM28-N0,745EXIM28-N0
759608,LENSKART-BL,LENSKART-BL
22925,820ABHF27-N5,820ABHF27-N5
10192,SHYAMCENT-BE,SHYAMCENT-BE
12751,SHOPERSTOP-BL,SHOPERSTOP-BL
12205,ANTGRAPHIC-BL,ANTGRAPHIC-BL
20724,755GJ31-SG,755GJ31-SG
20402,764JK50-SG,764JK50-SG
25702,71KL34-SG,71KL34-SG
30412,707AP36-SG,707AP36-SG
15069,BLAL-BL,BLAL-BL
12821,TATACONSUM-BL,TATACONSUM-BL
22622,746AP41A-SG,746AP41A-SG
760641,1150AFIL29-N0,1150AFIL29-N0
761467,89ICFL28-N0,89ICFL28-N0
20948,762KL44-SG,762KL44-SG
7194,657GS2033-GS,657GS2033-GS
25483,714PN49-SG,714PN49-SG
3586,MOKSH-EQ,MOKSH-EQ
13288,AFSL-EQ,AFSL-EQ
17476,NV20IETF-BL,NV20IETF-BL
8510,GATEWAY-EQ,GATEWAY-EQ
11157,CNL-BL,CNL-BL
7202,679GS2027-GS,679GS2027-GS
16894,TCHF30-NB,TCHF30-NB
759057,SAATVIKGL-EQ,SAATVIKGL-EQ
3232,LODHA-BL,LODHA-BL
13965,767MP33-SG,767MP33-SG
24649,734PN35-SG,734PN35-SG
24899,732PFCL39-N0,732PFCL39-N0
23982,8277SMF27-N5,8277SMF27-N5
22343,649MH31-SG,649MH31-SG
1675,ITI-EQ,ITI-EQ
758719,74GA37-SG,74GA37-SG
19325,HISARMETAL-BL,HISARMETAL-BL
20230,756JK48-SG,756JK48-SG
28786,716PFCL40-N0,716PFCL40-N0
22061,790RJ26-SG,790RJ26-SG
759033,744MP46-SG,744MP46-SG
2029,IRFC-EQ,IRFC-EQ
17480,CONTROLPR-BL,CONTROLPR-BL
8820,SONAMLTD-BL,SONAMLTD-BL
25844,HYUNDAI-EQ,HYUNDAI-EQ
22706,744TS46-SG,744TS46-SG
22876,746UP34-SG,746UP34-SG
760495,930IIFL35A-N0,930IIFL35A-N0
3273,SRF-EQ,SRF-EQ
13433,ELIN-BL,ELIN-BL
22215,722AP31-SG,722AP31-SG
29132,722BR35-SG,722BR35-SG
17670,743TN43-SG,743TN43-SG
17317,LLOYDSME-BL,LLOYDSME-BL
19180,754CG31-SG,754CG31-SG
24775,799RCFL27-N0,799RCFL27-N0
12766,SKMEGGPROD-BL,SKMEGGPROD-BL
6488,708TS42-SG,708TS42-SG
12674,PIDILITIND-BL,PIDILITIND-BL
22372,65RJ30-SG,65RJ30-SG
10243,SYNGENE-EQ,SYNGENE-EQ
23714,WINSOL-SM,WINSOL-SM
759476,364D151026-TB,364D151026-TB
22495,766RJ33A-SG,766RJ33A-SG
19158,NEWJAISA-SM,NEWJAISA-SM
19877,RADIOCITY-EQ,RADIOCITY-EQ
10820,SYRMA-BL,SYRMA-BL
14529,769NHAI31-NE,769NHAI31-NE
16821,VINYLINDIA-EQ,VINYLINDIA-EQ
17034,IIFLZC26B-NY,IIFLZC26B-NY
758589,364D200826-TB,364D200826-TB
781,DALMIASUG-EQ,DALMIASUG-EQ
12555,LMW-BL,LMW-BL
8638,LOWVOL1-BL,LOWVOL1-BL
439,691UP30A-SG,691UP30A-SG
24946,MODEFENCE-BL,MODEFENCE-BL
30147,860MFL28-N0,860MFL28-N0
12575,SWSOLAR-BL,SWSOLAR-BL
20939,KIRLOSENG-BL,KIRLOSENG-BL
757874,9AEL30-NE,9AEL30-NE
24226,STANLEY-EQ,STANLEY-EQ
18125,SRGHFL-BL,SRGHFL-BL
10229,MANORAMA-BL,MANORAMA-BL
25214,721BR33-SG,721BR33-SG
13946,UTIRAP35P3-MF,UTIRAP35P3-MF
18380,CPS-ST,CPS-ST
11404,779RJ32-SG,779RJ32-SG
759279,915SCL30-N0,915SCL30-N0
24486,735HP34-SG,735HP34-SG
25206,BALAJEE-BL,BALAJEE-BL
16292,PANACHE-EQ,PANACHE-EQ
24081,TOP100CASE-EQ,TOP100CASE-EQ
15061,PSUBANK-EQ,PSUBANK-EQ
24146,RETAIL-BL,RETAIL-BL
13706,VISHWARAJ-BL,VISHWARAJ-BL
21134,TEJASNET-BL,TEJASNET-BL
5610,ASTRAZEN-EQ,ASTRAZEN-EQ
27184,707KA29-SG,707KA29-SG
15101,ALKYLAMINE-BL,ALKYLAMINE-BL
18708,KEL-SM,KEL-SM
9532,77RJ32-SG,77RJ32-SG
2566,729KA36-SG,729KA36-SG
760462,DIL-BZ,DIL-BZ
760487,1096GIPL28-N0,1096GIPL28-N0
23046,RKSWAMY-BL,RKSWAMY-BL
15231,1025SFIL26-NT,1025SFIL26-NT
14959,771AP33A-SG,771AP33A-SG
12399,ZIMLAB-BL,ZIMLAB-BL
14071,SAGCEM-BL,SAGCEM-BL
15185,KIRLPNU-BL,KIRLPNU-BL
24089,805TCHFL29-NG,805TCHFL29-NG
12447,AGI-BL,AGI-BL
25775,716JK49-SG,716JK49-SG
29008,TVSHLTD-EQ,TVSHLTD-EQ
14014,LUMAXTECH-EQ,LUMAXTECH-EQ
12845,TTKPRESTIG-BL,TTKPRESTIG-BL
759596,746TN55-SG,746TN55-SG
21049,773GJ29-SG,773GJ29-SG
759853,712UP33B-SG,712UP33B-SG
6203,FCL-BL,FCL-BL
9386,TRU-BL,TRU-BL
12219,RUSTOMJEE-EQ,RUSTOMJEE-EQ
21872,773MZ39-SG,773MZ39-SG
14102,767UK33-SG,767UK33-SG
15783,732TS48-SG,732TS48-SG
758160,RNPL-ST,RNPL-ST
23336,753KL50-SG,753KL50-SG
18889,KSL-EQ,KSL-EQ
759922,740BTL29-N0,740BTL29-N0
4525,DYNAMATECH-EQ,DYNAMATECH-EQ
757037,684JK42-SG,684JK42-SG
29569,708GJ34-SG,708GJ34-SG
29225,ONESOURCE-BL,ONESOURCE-BL
1838,KARURVYSYA-EQ,KARURVYSYA-EQ
6200,875IIFL26-NM,875IIFL26-NM
5071,SHEMAROO-BL,SHEMAROO-BL
23356,752UP39-SG,752UP39-SG
14828,WSI-EQ,WSI-EQ
12101,HDFCNIFIT-EQ,HDFCNIFIT-EQ
21975,657MP30-SG,657MP30-SG
3018,SAURASHCEM-EQ,SAURASHCEM-EQ
23080,738CG34-SG,738CG34-SG
23427,744TS36-SG,744TS36-SG
13492,939SCL27-ZZ,939SCL27-ZZ
17528,948SCL26I-AX,948SCL26I-AX
19639,ITETF-BL,ITETF-BL
11794,SAKSOFT-EQ,SAKSOFT-EQ
30024,727OR41-SG,727OR41-SG
23518,723GS2039-GS,723GS2039-GS
29963,825TCSL28-N0,825TCSL28-N0
28205,711ML33-SG,711ML33-SG
758697,GROWWNIFTY-EQ,GROWWNIFTY-EQ
149,SGBSEP28VI-GB,SGBSEP28VI-GB
305,BAJAJHLDNG-EQ,BAJAJHLDNG-EQ
13874,765TN33-SG,765TN33-SG
24672,737IRFC29-N0,737IRFC29-N0
758584,709TN35A-SG,709TN35A-SG
13501,ALLCARGO-EQ,ALLCARGO-EQ
758818,715UP35-SG,715UP35-SG
20744,764KA39-SG,764KA39-SG
759407,SHEEL-SM,SHEEL-SM
25477,714MP43-SG,714MP43-SG
24054,739TN32-SG,739TN32-SG
2086,689AP35-SG,689AP35-SG
16708,GOKUL-BL,GOKUL-BL
19447,CAPTRUST-EQ,CAPTRUST-EQ
10726,INDIAMART-EQ,INDIAMART-EQ
10310,AURUM-EQ,AURUM-EQ
19808,746GS2073-GS,746GS2073-GS
13704,HINDZINC-BL,HINDZINC-BL
20244,768AR33-SG,768AR33-SG
12537,KCP-BL,KCP-BL
2312,HAL-BL,HAL-BL
12982,MODIRUBBER-BL,MODIRUBBER-BL
4007,CORALFINAC-EQ,CORALFINAC-EQ
20390,77AP29A-SG,77AP29A-SG
757118,686TS47-SG,686TS47-SG
25672,DIFFNKG-EQ,DIFFNKG-EQ
12168,WALCHANNAG-BL,WALCHANNAG-BL
6152,PANSARI-BE,PANSARI-BE
29009,715WB40-SG,715WB40-SG
321,705HR40-SG,705HR40-SG
11260,HDFCVALUE-EQ,HDFCVALUE-EQ
18178,FICRF3DP-MF,FICRF3DP-MF
25047,774LIC28-N0,774LIC28-N0
8692,734GA32-SG,734GA32-SG
22490,ITBETA-BL,ITBETA-BL
19916,DMART-BL,DMART-BL
20769,957ISFL26-N2,957ISFL26-N2
2951,S&SPOWER-EQ,S&SPOWER-EQ
23348,749HR35-SG,749HR35-SG
23485,DRSCARGO-SM,DRSCARGO-SM
758685,MRIL-SM,MRIL-SM
7691,712AS32-SG,712AS32-SG
29717,834MLICL35-N0,834MLICL35-N0
757890,975ISF28-N0,975ISF28-N0
25013,724HR36A-SG,724HR36A-SG
12045,ADROITINFO-BL,ADROITINFO-BL
24500,756RECL27-N0,756RECL27-N0
22076,703RJ30-SG,703RJ30-SG
11373,BIOCON-EQ,BIOCON-EQ
6592,NIDAN-SM,NIDAN-SM
18994,746MP38A-SG,746MP38A-SG
2031,M&M-EQ,M&M-EQ
13472,645GS2029-GS,645GS2029-GS
2810,SGBMR29XII-GB,SGBMR29XII-GB
20826,SURAJEST-BL,SURAJEST-BL
13939,UTIDGR35P3-MF,UTIDGR35P3-MF
29196,728IREDA35-N0,728IREDA35-N0
1289,GFLLIMITED-EQ,GFLLIMITED-EQ
8124,AJANTPHARM-EQ,AJANTPHARM-EQ
20017,72KA31-SG,72KA31-SG
16454,DENTALKART-SM,DENTALKART-SM
5887,684UP31-SG,684UP31-SG
10297,PPL-EQ,PPL-EQ
4343,GS220226C-GS,GS220226C-GS
30450,71WB46-SG,71WB46-SG
7358,DATAPATTNS-EQ,DATAPATTNS-EQ
20586,810ABHF28-N0,810ABHF28-N0
1157,654AR30-SG,654AR30-SG
9480,LICI-EQ,LICI-EQ
21065,INNOVACAP-BL,INNOVACAP-BL
1811,KAKATCEM-EQ,KAKATCEM-EQ
11294,778MZ37-SG,778MZ37-SG
21825,77AP42-SG,77AP42-SG
25520,AVIANSH-SM,AVIANSH-SM
16685,PTCIL-BL,PTCIL-BL
15323,746WB46-SG,746WB46-SG
28931,1075SCL34T-N1,1075SCL34T-N1
29057,706GJ34-SG,706GJ34-SG
759769,ADVENTHTL-EQ,ADVENTHTL-EQ
12280,BSL-BL,BSL-BL
14924,LAL-EQ,LAL-EQ
2435,CONSUMBEES-EQ,CONSUMBEES-EQ
28805,SANATHAN-EQ,SANATHAN-EQ
5419,697PN31-SG,697PN31-SG
14642,777RJ33-SG,777RJ33-SG
17251,743AP42-SG,743AP42-SG
22096,709UP30-SG,709UP30-SG
22206,731TS60-SG,731TS60-SG
757031,MOINFRA-EQ,MOINFRA-EQ
29295,712PN45-SG,712PN45-SG
5113,SGBJUL29IV-GB,SGBJUL29IV-GB
14901,ELECTHERM-BL,ELECTHERM-BL
3767,704TS51-SG,704TS51-SG
759220,729HR37-SG,729HR37-SG
25498,712GA34-SG,712GA34-SG
10986,TAPIFRUIT-SM,TAPIFRUIT-SM
20878,MUFTI-EQ,MUFTI-EQ
10300,RAMASTEEL-EQ,RAMASTEEL-EQ
12847,KRISHANA-EQ,KRISHANA-EQ
23869,734TN29-SG,734TN29-SG
24035,825TPL27-N6,825TPL27-N6
14848,ALPA-EQ,ALPA-EQ
23140,795NIIF36-N2,795NIIF36-N2
1165,66PN30-SG,66PN30-SG
760593,364D070127-TB,364D070127-TB
25851,VAL30IETF-EQ,VAL30IETF-EQ
16978,74MH32-SG,74MH32-SG
11522,NIITLTD-EQ,NIITLTD-EQ
21749,CAPACITE-EQ,CAPACITE-EQ
11677,INDOCO-EQ,INDOCO-EQ
14812,749GJ28-SG,749GJ28-SG
3304,678MN31-SG,678MN31-SG
29282,712BR37-SG,712BR37-SG
23337,75TN54-SG,75TN54-SG
12645,OMAXAUTO-BL,OMAXAUTO-BL
3002,WONDERLA-EQ,WONDERLA-EQ
757671,MOALPHA50-BL,MOALPHA50-BL
13877,767AS33-SG,767AS33-SG
11288,765RJ32A-SG,765RJ32A-SG
22455,668AP39-SG,668AP39-SG
23925,BEACON-ST,BEACON-ST
755873,704NBFID35-N0,704NBFID35-N0
3607,UNIVCABLES-EQ,UNIVCABLES-EQ
18172,BPF01QDD-MF,BPF01QDD-MF
16807,LOTUSEYE-EQ,LOTUSEYE-EQ
25591,734SIDBI29-N0,734SIDBI29-N0
760617,762PN33-SG,762PN33-SG
20713,85LTF26-NM,85LTF26-NM
27267,815PNB27-N0,815PNB27-N0
11309,BALAXI-EQ,BALAXI-EQ
15009,736MH28-SG,736MH28-SG
15157,RHL-EQ,RHL-EQ
4877,679WB28-SG,679WB28-SG
758883,748MP42-SG,748MP42-SG
27300,RTNINDIA-BL,RTNINDIA-BL
24487,732TS36-SG,732TS36-SG
14429,GOLDBEES-BL,GOLDBEES-BL
760736,AVANA-ST,AVANA-ST
3154,BORORENEW-BL,BORORENEW-BL
6671,SIGACHI-BL,SIGACHI-BL
2636,DIVOPPBEES-EQ,DIVOPPBEES-EQ
22020,711MZ30-SG,711MZ30-SG
10271,79TS44-SG,79TS44-SG
9913,738GS2027-GS,738GS2027-GS
14375,772BR33A-SG,772BR33A-SG
25234,VIESL-ST,VIESL-ST
28863,PROZONER-BE,PROZONER-BE
19468,KARNIKA-ST,KARNIKA-ST
14660,774TS48-SG,774TS48-SG
24096,723GJ27-SG,723GJ27-SG
758463,JSWCEMENT-BL,JSWCEMENT-BL
21809,DAVANGERE-BL,DAVANGERE-BL
758855,SGFIN-BL,SGFIN-BL
30157,AXISVALUE-BL,AXISVALUE-BL
30425,UTFDAIPIGI-MF,UTFDAIPIGI-MF
758713,713AS31-SG,713AS31-SG
31969,888NHB29-N5,888NHB29-N5
23390,1035CCSP26-N2,1035CCSP26-N2
7415,ALPHA-BL,ALPHA-BL
17940,925IHFL25E-N8,925IHFL25E-N8
23319,1075SCFL34-Z6,1075SCFL34-Z6
757474,960SCL32-NI,960SCL32-NI
203,ASHAPURMIN-EQ,ASHAPURMIN-EQ
8761,H187646RG-MF,H187646RG-MF
760691,VICTORYEV-SM,VICTORYEV-SM
14334,HSCL-EQ,HSCL-EQ
20483,763JK53A-SG,763JK53A-SG
11994,SYNCOMF-BL,SYNCOMF-BL
2017,661TS51-SG,661TS51-SG
17643,745AP33-SG,745AP33-SG
12377,GABRIEL-BL,GABRIEL-BL
13153,UTIDGR35P2-MF,UTIDGR35P2-MF
30984,846REC28-N6,846REC28-N6
11804,SUKHJITS-EQ,SUKHJITS-EQ
29938,72RJ42-SG,72RJ42-SG
758194,719TS44-SG,719TS44-SG
29571,718JK45-SG,718JK45-SG
10447,UNITDSPR-EQ,UNITDSPR-EQ
6863,BAJAJHCARE-EQ,BAJAJHCARE-EQ
6115,714AP41A-SG,714AP41A-SG
3321,SPMLINFRA-EQ,SPMLINFRA-EQ
10710,VEEKAYEM-SM,VEEKAYEM-SM
27057,709RL39-N0,709RL39-N0
28829,716WB39-SG,716WB39-SG
757044,364D280526-TB,364D280526-TB
3417,HONAUT-EQ,HONAUT-EQ
759989,KSR-BE,KSR-BE
23323,1025SCL34-Z8,1025SCL34-Z8
19142,UMESLTD-EQ,UMESLTD-EQ
20913,672GA30-SG,672GA30-SG
2294,MTNL-EQ,MTNL-EQ
6062,LICNETFGSC-EQ,LICNETFGSC-EQ
14163,762MP34-SG,762MP34-SG
759176,TIGERLOGS-EQ,TIGERLOGS-EQ
17440,NETWEB-BL,NETWEB-BL
19527,767GA33-SG,767GA33-SG
24366,SBISILVER-EQ,SBISILVER-EQ
17521,902SCL26I-AW,902SCL26I-AW
29994,727TS49-SG,727TS49-SG
23459,K2INFRA-SM,K2INFRA-SM
22999,738TS49-SG,738TS49-SG
760361,SMALLADD-BL,SMALLADD-BL
12789,SUNDARMFIN-BL,SUNDARMFIN-BL
20356,779PN36-SG,779PN36-SG
760010,EXCELSOFT-BL,EXCELSOFT-BL
3635,HEALTHIETF-BL,HEALTHIETF-BL
10844,77TN42-SG,77TN42-SG
29760,MSCIINDIA-BL,MSCIINDIA-BL
12384,ZIMLAB-EQ,ZIMLAB-EQ
14584,PSUBNKIETF-EQ,PSUBNKIETF-EQ
29669,HEXT-BL,HEXT-BL
18368,PERSISTENT-BL,PERSISTENT-BL
19885,ESAFSFB-BL,ESAFSFB-BL
17032,THYROCARE-EQ,THYROCARE-EQ
8329,717KL32-SG,717KL32-SG
757982,SELLOWRAP-SM,SELLOWRAP-SM
755988,703NBFID30-N0,703NBFID30-N0
22422,677AP40-SG,677AP40-SG
9953,784TN52-SG,784TN52-SG
5189,STYLAMIND-BL,STYLAMIND-BL
18991,759MN35-SG,759MN35-SG
7156,683TN31A-SG,683TN31A-SG
7374,STAR-EQ,STAR-EQ
759548,666RJ29-SG,666RJ29-SG
15076,BVCL-BL,BVCL-BL
14003,ZEEMEDIA-EQ,ZEEMEDIA-EQ
758007,768GSGL28-N0,768GSGL28-N0
22221,718UP30A-SG,718UP30A-SG
3725,705TS41-SG,705TS41-SG
72,665KA30-SG,665KA30-SG
343,TIINDIA-BL,TIINDIA-BL
760436,KSHINTL-BL,KSHINTL-BL
308,BAJAJHIND-EQ,BAJAJHIND-EQ
11757,750IRFC35-NK,750IRFC35-NK
758189,702AS35-SG,702AS35-SG
24872,SUNLITE-ST,SUNLITE-ST
20141,BABAFP-SM,BABAFP-SM
5414,643MH27-SG,643MH27-SG
20393,772HR33-SG,772HR33-SG
7106,824GS2033-GS,824GS2033-GS
13760,MANOMAY-BE,MANOMAY-BE
4891,694UK31-SG,694UK31-SG
760414,DIVIDEND-BL,DIVIDEND-BL
23980,817TFSIL27-N3,817TFSIL27-N3
28977,87HFL27-N0,87HFL27-N0
24420,732HR36-SG,732HR36-SG
20174,ARIHANTSUP-BL,ARIHANTSUP-BL
14022,VEEDOL-BL,VEEDOL-BL
5457,DUGLOBAL-SM,DUGLOBAL-SM
28662,DAMCAPITAL-EQ,DAMCAPITAL-EQ
17773,GROBTEA-BL,GROBTEA-BL
23872,737RJ34B-SG,737RJ34B-SG
758410,743BR55-SG,743BR55-SG
24157,DEEDEV-BL,DEEDEV-BL
7383,HPAL-BL,HPAL-BL
22111,66TN30-SG,66TN30-SG
1532,668WB35-SG,668WB35-SG
21953,833TPL27-N5,833TPL27-N5
9378,TRU-EQ,TRU-EQ
757888,ANTHEM-BL,ANTHEM-BL
2236,702HP36-SG,702HP36-SG
20223,CLEDUCATE-EQ,CLEDUCATE-EQ
315,704WB35-SG,704WB35-SG
29113,CARERATING-EQ,CARERATING-EQ
20259,ESILVER-BL,ESILVER-BL
30083,723TN55-SG,723TN55-SG
760211,72190LTFL2-N0,72190LTFL2-N0
17930,BAYERCROP-BL,BAYERCROP-BL
20071,INTENTECH-EQ,INTENTECH-EQ
8803,OBCL-BL,OBCL-BL
759323,743HR39A-SG,743HR39A-SG
29238,714HR38-SG,714HR38-SG
5143,JAICORPLTD-EQ,JAICORPLTD-EQ
14657,INSECTICID-EQ,INSECTICID-EQ
759560,912PFL27-N0,912PFL27-N0
18432,RATNAVEER-BL,RATNAVEER-BL
24072,702GS2031-GS,702GS2031-GS
25912,1015UCL26-N1,1015UCL26-N1
3126,SHREYANIND-EQ,SHREYANIND-EQ
5877,623RJ27-SG,623RJ27-SG
13639,JMFINANCIL-BL,JMFINANCIL-BL
14856,OMAXE-BL,OMAXE-BL
21909,65KL27-SG,65KL27-SG
8656,MOLOWVOL-BL,MOLOWVOL-BL
15271,CORDSCABLE-EQ,CORDSCABLE-EQ
11697,791UP37-SG,791UP37-SG
18945,749GA33A-SG,749GA33A-SG
10413,KSHITIJPOL-BL,KSHITIJPOL-BL
10923,753BR32-SG,753BR32-SG
760477,757WB46-SG,757WB46-SG
11705,XCHANGING-EQ,XCHANGING-EQ
10591,SHREEPUSHK-BL,SHREEPUSHK-BL
6000,692UP31-SG,692UP31-SG
755959,831ABCL34-NK,831ABCL34-NK
2708,PRAKASH-EQ,PRAKASH-EQ
19519,762HP43-SG,762HP43-SG
22174,65WB30-SG,65WB30-SG
6489,IRIS-EQ,IRIS-EQ
15242,BIRLAMONEY-BL,BIRLAMONEY-BL
993,EVERESTIND-EQ,EVERESTIND-EQ
1482,IFBAGRO-EQ,IFBAGRO-EQ
13180,STERTOOLS-BL,STERTOOLS-BL
14714,925SCL28-AM,925SCL28-AM
12851,TVTODAY-BL,TVTODAY-BL
16822,IKIO-EQ,IKIO-EQ
21693,DIXON-BL,DIXON-BL
30447,71AS45-SG,71AS45-SG
756710,679TS56-SG,679TS56-SG
12702,RAMCOIND-BL,RAMCOIND-BL
16993,742AP43-SG,742AP43-SG
22218,714KA29-SG,714KA29-SG
21168,77AP43A-SG,77AP43A-SG
1076,ZENSARTECH-EQ,ZENSARTECH-EQ
31234,SCHNEIDER-EQ,SCHNEIDER-EQ
19692,ONDOOR-SM,ONDOOR-SM
12522,JPPOWER-BL,JPPOWER-BL
30568,MHLSDDR-SF,MHLSDDR-SF
17963,NESTLEIND-EQ,NESTLEIND-EQ
857,DHAMPURSUG-EQ,DHAMPURSUG-EQ
8735,PROPEQUITY-SM,PROPEQUITY-SM
759230,735UP39-SG,735UP39-SG
12583,MANINDS-BL,MANINDS-BL
14271,768BR33-SG,768BR33-SG
16029,732TN33-SG,732TN33-SG
29517,675GJ27-SG,675GJ27-SG
15361,GOLDADD-BL,GOLDADD-BL
13043,BIOCON-BL,BIOCON-BL
20740,76KA38-SG,76KA38-SG
10967,VIVIANA-SM,VIVIANA-SM
1001,94SFL28-YL,94SFL28-YL
10213,796WB37-SG,796WB37-SG
1782,KANPRPLA-EQ,KANPRPLA-EQ
14204,LRRPL-SM,LRRPL-SM
3392,69JK33-SG,69JK33-SG
22558,CIF29-NO,CIF29-NO
158,67MH28-SG,67MH28-SG
29494,ORCHASP-BL,ORCHASP-BL
25356,712MH36-SG,712MH36-SG
16921,20MICRONS-EQ,20MICRONS-EQ
10453,SATIN-EQ,SATIN-EQ
23704,0MOFSL27-N3,0MOFSL27-N3
22699,747HR36-SG,747HR36-SG
757435,703HR39-SG,703HR39-SG
12892,WHEELS-BL,WHEELS-BL
24319,10IIFL26-N0,10IIFL26-N0
18686,741WB42-SG,741WB42-SG
25294,956AEL29-N6,956AEL29-N6
17071,URAVIDEF-EQ,URAVIDEF-EQ
756101,667UP32-SG,667UP32-SG
12099,KHAITANLTD-BL,KHAITANLTD-BL
428,693JH30-SG,693JH30-SG
12708,RAYMOND-BL,RAYMOND-BL
30080,687GJ28-SG,687GJ28-SG
1186,GLAND-EQ,GLAND-EQ
23386,VHLTD-BE,VHLTD-BE
12083,SCPL-BL,SCPL-BL
19768,948SCL26-N9,948SCL26-N9
25502,712MH38-SG,712MH38-SG
12493,IPCALAB-BL,IPCALAB-BL
14532,77HR32-SG,77HR32-SG
17400,NHPC-EQ,NHPC-EQ
4010,PVP-EQ,PVP-EQ
15086,ADANIPORTS-BL,ADANIPORTS-BL
13404,SUNTV-EQ,SUNTV-EQ
1814,KPIL-EQ,KPIL-EQ
728,SBIETFPB-BL,SBIETFPB-BL
19716,773RJ33-SG,773RJ33-SG
7867,643RJ27-SG,643RJ27-SG
6385,CCHHL-EQ,CCHHL-EQ
757413,1025VCCL28-N0,1025VCCL28-N0
8530,GMRP&UI-BL,GMRP&UI-BL
20470,767TN30-SG,767TN30-SG
307,69UP30-SG,69UP30-SG
759291,BLUESTONE-EQ,BLUESTONE-EQ
24567,735AS39-SG,735AS39-SG
1854,66UK31-SG,66UK31-SG
759424,GREENLEAF-SM,GREENLEAF-SM
759385,706GJ33-SG,706GJ33-SG
759745,746JK45-SG,746JK45-SG
23814,741RJ34-SG,741RJ34-SG
758344,950ISF27B-N0,950ISF27B-N0
30005,721GJ35-SG,721GJ35-SG
758675,EFCIL-EQ,EFCIL-EQ
11593,HDFCSENSEX-EQ,HDFCSENSEX-EQ
13903,CREST-BL,CREST-BL
12694,RADICO-BL,RADICO-BL
15749,733TN33-SG,733TN33-SG
5146,CIGNITITEC-BL,CIGNITITEC-BL
11538,HDFCMOMENT-EQ,HDFCMOMENT-EQ
29561,READYMIX-SM,READYMIX-SM
22566,BLSE-EQ,BLSE-EQ
13656,ALICON-EQ,ALICON-EQ
19268,BLISSGVS-BL,BLISSGVS-BL
18060,CONCORDBIO-EQ,CONCORDBIO-EQ
11509,785SK32-SG,785SK32-SG
759007,ATLANTAELE-EQ,ATLANTAELE-EQ
29954,735NHB32-N0,735NHB32-N0
817,DCW-EQ,DCW-EQ
29925,724BR37-SG,724BR37-SG
20533,AXISGOLD-BL,AXISGOLD-BL
12852,UCAL-BL,UCAL-BL
457,715JK32-SG,715JK32-SG
759159,JAYESH-SM,JAYESH-SM
27113,705GJ31-SG,705GJ31-SG
12488,INGERRAND-BL,INGERRAND-BL
19279,THEJO-EQ,THEJO-EQ
22654,AAFS27A-N0,AAFS27A-N0
757775,HDBFS-BL,HDBFS-BL
18374,NDGL-BL,NDGL-BL
756855,661GJ32-SG,661GJ32-SG
15110,704IRFC26-NL,704IRFC26-NL
14099,SIYSIL-BL,SIYSIL-BL
759823,PINELABS-BL,PINELABS-BL
25640,LICMFGOLD-EQ,LICMFGOLD-EQ
11909,SWELECTES-EQ,SWELECTES-EQ
23665,903MFL29-NN,903MFL29-NN
9599,DELHIVERY-EQ,DELHIVERY-EQ
19113,UDS-EQ,UDS-EQ
5151,875PCHFL26-N8,875PCHFL26-N8
7950,PRECISION-SM,PRECISION-SM
20701,SCHAND-BL,SCHAND-BL
21992,669MP30-SG,669MP30-SG
17752,SHILPAMED-EQ,SHILPAMED-EQ
12436,HEROMOTOCO-BL,HEROMOTOCO-BL
759733,715NBFID40-N0,715NBFID40-N0
22202,735UK30-SG,735UK30-SG
5012,610GS2031-GS,610GS2031-GS
22365,ITIETF-EQ,ITIETF-EQ
22822,825CFHL27-N0,825CFHL27-N0
18388,FISTIPIP3G-MF,FISTIPIP3G-MF
3513,694AP37-SG,694AP37-SG
760293,752HR41-SG,752HR41-SG
24141,1003IIFL29-NC,1003IIFL29-NC
29515,719PN45-SG,719PN45-SG
11472,LLOYDS-SM,LLOYDS-SM
10355,803AP36-SG,803AP36-SG
759217,71HR33-SG,71HR33-SG
757749,697UK35-SG,697UK35-SG
757653,715MP43A-SG,715MP43A-SG
15134,729IRFC26-NN,729IRFC26-NN
29516,719TS46-SG,719TS46-SG
7550,714AP41B-SG,714AP41B-SG
17053,HMAAGRO-EQ,HMAAGRO-EQ
9260,ARROWGREEN-EQ,ARROWGREEN-EQ
13339,GALLANTT-BL,GALLANTT-BL
11281,771AP34-SG,771AP34-SG
6733,JINDALSTEL-EQ,JINDALSTEL-EQ
18473,CAGL26-NA,CAGL26-NA
22217,729GA29-SG,729GA29-SG
6873,75GS2034-GS,75GS2034-GS
758712,70TN31A-SG,70TN31A-SG
2907,694CG29-SG,694CG29-SG
6991,687SK31-SG,687SK31-SG
5336,70TN31-SG,70TN31-SG
23361,890MFL27-NK,890MFL27-NK
3149,BORORENEW-EQ,BORORENEW-EQ
29149,NAVKARURB-BE,NAVKARURB-BE
17110,SGBJ28VIII-GB,SGBJ28VIII-GB
12352,ESCORTS-BL,ESCORTS-BL
759037,744KL50-SG,744KL50-SG
13750,FLUOROCHEM-EQ,FLUOROCHEM-EQ
18562,MITTAL-EQ,MITTAL-EQ
359,ROML-EQ,ROML-EQ
3432,TATACONSUM-EQ,TATACONSUM-EQ
1824,582RJ27-SG,582RJ27-SG
21792,MPTODAY-SM,MPTODAY-SM
25803,GARUDA-BL,GARUDA-BL
757719,115VCCL27-N0,115VCCL27-N0
6696,699GS2051-GS,699GS2051-GS
4764,69RJ32-SG,69RJ32-SG
2649,PCBL-EQ,PCBL-EQ
14912,KPRMILL-EQ,KPRMILL-EQ
715,SUDARCOLOR-EQ,SUDARCOLOR-EQ
11659,WESTLIFE-BL,WESTLIFE-BL
6303,HEALTHY-BL,HEALTHY-BL
757752,715HR40-SG,715HR40-SG
16290,737AP33-SG,737AP33-SG
432,KHADIM-BL,KHADIM-BL
25600,MANBA-BL,MANBA-BL
2681,718SK31-SG,718SK31-SG
6483,70GA31-SG,70GA31-SG
16092,729KL49-SG,729KL49-SG
757875,930AEL30-NF,930AEL30-NF
758496,SBILIQETF-EQ,SBILIQETF-EQ
759337,744TN55A-SG,744TN55A-SG
29169,770SUNF28-N0,770SUNF28-N0
27018,ABINFRA-BL,ABINFRA-BL
21056,835SCL23B-YM,835SCL23B-YM
12685,PREMIER-BL,PREMIER-BL
12545,SFMP72DD-MF,SFMP72DD-MF
12780,STAR-BL,STAR-BL
758121,PERFECT-SZ,PERFECT-SZ
756139,9IIFL26-NV,9IIFL26-NV
22597,HDFCPSUBK-BL,HDFCPSUBK-BL
22834,SMALLCAP-BL,SMALLCAP-BL
1727,651KA30C-SG,651KA30C-SG
8079,MIDCAP-BL,MIDCAP-BL
28069,SFML-SM,SFML-SM
8676,ABSLFTTQDG-MF,ABSLFTTQDG-MF
757900,718SFL28-N0,718SFL28-N0
13799,BAIDFIN-BL,BAIDFIN-BL
23195,747CG34-SG,747CG34-SG
279,CHEMCON-BL,CHEMCON-BL
12125,OILCOUNTUB-BL,OILCOUNTUB-BL
20924,AZAD-BL,AZAD-BL
20959,719JK29-SG,719JK29-SG
12287,CCL-BL,CCL-BL
19928,764HUDCO31-N8,764HUDCO31-N8
3758,70AP38-SG,70AP38-SG
22468,ADDICTIVE-SM,ADDICTIVE-SM
756152,SILVER360-BL,SILVER360-BL
24782,BSLNIFTY-BL,BSLNIFTY-BL
13991,771WB39-SG,771WB39-SG
12315,CRISIL-BL,CRISIL-BL
757552,704MH40-SG,704MH40-SG
14051,726GS2033-GS,726GS2033-GS
5695,687UP31-SG,687UP31-SG
21030,1025SCL33-YJ,1025SCL33-YJ
20040,711HP30-SG,711HP30-SG
16874,84TCHF28-NA,84TCHF28-NA
21430,THEINVEST-BL,THEINVEST-BL
8597,MSUMI-BL,MSUMI-BL
3475,THERMAX-EQ,THERMAX-EQ
22785,ATMASTCO-SM,ATMASTCO-SM
760522,759TS48-SG,759TS48-SG
23907,768LIC34-N4,768LIC34-N4
22962,925BCIL28-N0,925BCIL28-N0
15649,ATALREAL-EQ,ATALREAL-EQ
19764,ADFFOODS-BL,ADFFOODS-BL
759522,GROWWSC250-EQ,GROWWSC250-EQ
13334,SOLARINDS-BL,SOLARINDS-BL
11400,775GJ32-SG,775GJ32-SG
17781,KKVAPOW-SM,KKVAPOW-SM
756858,671AP35-SG,671AP35-SG
30290,SBIBPB-EQ,SBIBPB-EQ
554,UTIAMC-BL,UTIAMC-BL
9273,843SCL27-YS,843SCL27-YS
2181,BOSCHLTD-EQ,BOSCHLTD-EQ
8196,712KA37-SG,712KA37-SG
437,691NL30-SG,691NL30-SG
14137,PITTIENG-BL,PITTIENG-BL
21161,692BR32-SG,692BR32-SG
634,IGARASHI-EQ,IGARASHI-EQ
756888,686NHPCL35-N0,686NHPCL35-N0
759793,12DCCL27-N0,12DCCL27-N0
5090,717TS41-SG,717TS41-SG
9393,PNCINFRA-BL,PNCINFRA-BL
13120,TVSELECT-BE,TVSELECT-BE
16900,DPWIRES-EQ,DPWIRES-EQ
9608,DELHIVERY-BL,DELHIVERY-BL
29736,NIBL-BL,NIBL-BL
24966,SURAJLTD-EQ,SURAJLTD-EQ
22082,726UP29-SG,726UP29-SG
22605,PFS-BL,PFS-BL
12532,KPIL-BL,KPIL-BL
756161,890ALSL27-N0,890ALSL27-N0
12281,ZYDUSLIFE-BL,ZYDUSLIFE-BL
14493,NCLIND-BL,NCLIND-BL
16872,83TCHF28-N9,83TCHF28-N9
9776,78TN32-SG,78TN32-SG
8625,957ICCL25-YW,957ICCL25-YW
11096,757JK34-SG,757JK34-SG
12515,JINDALSAW-BL,JINDALSAW-BL
2140,694UP31-SG,694UP31-SG
756100,665HP32-SG,665HP32-SG
760592,182D090726-TB,182D090726-TB
22368,65KA30-SG,65KA30-SG
760001,MOSERVICE-EQ,MOSERVICE-EQ
2560,724RJ36-SG,724RJ36-SG
12844,TRIGYN-BL,TRIGYN-BL
18078,CONCORDBIO-BL,CONCORDBIO-BL
11050,SIRCA-EQ,SIRCA-EQ
18209,749GA33-SG,749GA33-SG
2137,695RJ31-SG,695RJ31-SG
10285,AYMSYNTEX-EQ,AYMSYNTEX-EQ
760571,767JK38-SG,767JK38-SG
10753,UNIONBANK-EQ,UNIONBANK-EQ
759190,747JK40-SG,747JK40-SG
16739,MKPL-BL,MKPL-BL
7897,727AR32-SG,727AR32-SG
760564,734KA34-SG,734KA34-SG
10783,774TS45-SG,774TS45-SG
22198,705JH30-SG,705JH30-SG
12194,ALEMBICLTD-BL,ALEMBICLTD-BL
6168,97SFL28-YS,97SFL28-YS
21951,HFCL-EQ,HFCL-EQ
10462,781RJ32-SG,781RJ32-SG
21842,766RJ31-SG,766RJ31-SG
21288,768JK44-SG,768JK44-SG
8123,737AP42-SG,737AP42-SG
11864,PRIMESECU-EQ,PRIMESECU-EQ
29995,706GJ30-SG,706GJ30-SG
8479,TVSMOTOR-EQ,TVSMOTOR-EQ
13968,768HR33-SG,768HR33-SG
19677,ANSALAPI-BZ,ANSALAPI-BZ
759067,ABCRESET28-N0,ABCRESET28-N0
24347,864CIFL29A-N0,864CIFL29A-N0
15589,AVG-EQ,AVG-EQ
22180,662JK30-SG,662JK30-SG
22986,74BR39-SG,74BR39-SG
756912,688AP40-SG,688AP40-SG
12650,ORIENTHOT-BL,ORIENTHOT-BL
20302,PRESTIGE-EQ,PRESTIGE-EQ
21710,723KA28-SG,723KA28-SG
13252,769MN34-SG,769MN34-SG
22749,748UP34-SG,748UP34-SG
11197,AXISILVER-BL,AXISILVER-BL
10636,HDFCNIF100-BL,HDFCNIF100-BL
25827,709KA35-SG,709KA35-SG
758674,724GS2055-GS,724GS2055-GS
27672,709HR37-SG,709HR37-SG
20930,JALAN-ST,JALAN-ST
30441,709HR40-SG,709HR40-SG
8082,SILVERBEES-BL,SILVERBEES-BL
21971,664MP30-SG,664MP30-SG
12243,BANKBARODA-BL,BANKBARODA-BL
13979,773RJ38-SG,773RJ38-SG
8341,CALSOFT-EQ,CALSOFT-EQ
756809,663AS35-SG,663AS35-SG
24560,738PGCIL34-N0,738PGCIL34-N0
14257,REDINGTON-BL,REDINGTON-BL
25248,AUSL-SM,AUSL-SM
6993,692TN46-SG,692TN46-SG
30167,718MP46-SG,718MP46-SG
20330,FEDFINA-BL,FEDFINA-BL
757948,QUALITY30-BL,QUALITY30-BL
12983,MODTHREAD-BL,MODTHREAD-BL
3009,KOHINOOR-EQ,KOHINOOR-EQ
2575,729KA37-SG,729KA37-SG
311,697KA31-SG,697KA31-SG
12295,768HR31-SG,768HR31-SG
8492,722RJ32-SG,722RJ32-SG
757549,705HR38-SG,705HR38-SG
10184,BALKRISHNA-BL,BALKRISHNA-BL
9414,RAINBOW-BL,RAINBOW-BL
23797,770NABAR27-N4,770NABAR27-N4
10215,795AP39-SG,795AP39-SG
23206,745MH37-SG,745MH37-SG
17707,QUESS-BL,QUESS-BL
3692,704AP41-SG,704AP41-SG
28824,703TN29A-SG,703TN29A-SG
12572,POONAWALLA-BL,POONAWALLA-BL
29251,ITCHOTELS-EQ,ITCHOTELS-EQ
18902,1075SCL33A-N2,1075SCL33A-N2
5415,692HR30-SG,692HR30-SG
12706,763PN39-SG,763PN39-SG
25830,708HP34-SG,708HP34-SG
9921,ALANKIT-EQ,ALANKIT-EQ
22026,688PY31-SG,688PY31-SG
21615,875GFL27-N0,875GFL27-N0
21225,910TCAP28-NA,910TCAP28-NA
21893,722PN32-SG,722PN32-SG
28797,770TPREL34-N0,770TPREL34-N0
20549,BBNPPGOLD-BL,BBNPPGOLD-BL
9362,CAMPUS-EQ,CAMPUS-EQ
14744,AXSENSEX-BL,AXSENSEX-BL
997,659UP30-SG,659UP30-SG
760760,182D300726-TB,182D300726-TB
28933,1025SCL34Z-N1,1025SCL34Z-N1
31487,892NHPC33-N6,892NHPC33-N6
760116,GLOTTIS-EQ,GLOTTIS-EQ
12976,MAHAPEXLTD-BL,MAHAPEXLTD-BL
27337,SURAKSHA-BL,SURAKSHA-BL
6352,702AP37-SG,702AP37-SG
10435,OSEINTRUST-IV,OSEINTRUST-IV
23034,950BCIPL28-N2,950BCIPL28-N2
29574,716MZ35-SG,716MZ35-SG
25718,POLYMED-EQ,POLYMED-EQ
2551,717ML31-SG,717ML31-SG
4920,HINDCON-EQ,HINDCON-EQ
756807,642JK31-SG,642JK31-SG
30067,MOCAPITAL-BL,MOCAPITAL-BL
757551,704HR40-SG,704HR40-SG
4973,PHARMABEES-EQ,PHARMABEES-EQ
18879,957SCL30-BX,957SCL30-BX
760093,744ML35-SG,744ML35-SG
28971,CONSUMER-BL,CONSUMER-BL
19803,WELINV-BL,WELINV-BL
756815,684KL47-SG,684KL47-SG
29650,719HUDCO28-N7,719HUDCO28-N7
1449,593CG26-SG,593CG26-SG
7048,HESTERBIO-EQ,HESTERBIO-EQ
22429,MAXIND-BL,MAXIND-BL
22503,769PN36-SG,769PN36-SG
14871,USK-EQ,USK-EQ
6607,GENUSPAPER-BL,GENUSPAPER-BL
20931,767UK33A-SG,767UK33A-SG
6063,LICNETFGSC-BL,LICNETFGSC-BL
17966,NESTLEIND-BL,NESTLEIND-BL
5589,VIJAYA-BL,VIJAYA-BL
8573,723TN32-SG,723TN32-SG
22499,762TN34-SG,762TN34-SG
6212,708KA34A-SG,708KA34A-SG
19127,UDS-BL,UDS-BL
31760,848NTPC28-N2,848NTPC28-N2
28125,IKS-EQ,IKS-EQ
13369,757GJ31-SG,757GJ31-SG
14588,PSUBNKIETF-BL,PSUBNKIETF-BL
5500,SFMP49GR-MF,SFMP49GR-MF
9667,MEDICO-EQ,MEDICO-EQ
24842,726TS35-SG,726TS35-SG
25692,714TS42-SG,714TS42-SG
3753,FINEORG-BL,FINEORG-BL
755948,797ABCL28-N9,797ABCL28-N9
24539,OILIETF-BL,OILIETF-BL
14637,772HP31-SG,772HP31-SG
20733,763GA33-SG,763GA33-SG
759885,CHEMICAL-EQ,CHEMICAL-EQ
5394,MOL-EQ,MOL-EQ
10350,CSLFINANCE-EQ,CSLFINANCE-EQ
14946,F13DG-MF,F13DG-MF
27629,ETML-SM,ETML-SM
24053,74PY30-SG,74PY30-SG
1136,GTECJAINX-BL,GTECJAINX-BL
29993,727MP48-SG,727MP48-SG
14255,REDINGTON-EQ,REDINGTON-EQ
20797,708KA31-SG,708KA31-SG
7975,1015ECL29-NR,1015ECL29-NR
22136,649TN50-SG,649TN50-SG
21967,719MP40-SG,719MP40-SG
23254,762NABAR29-N3,762NABAR29-N3
1382,673PN40-SG,673PN40-SG
1373,665JK30-SG,665JK30-SG
759273,745BTL28-N0,745BTL28-N0
10325,SKP-SM,SKP-SM
12022,AURIONPRO-EQ,AURIONPRO-EQ
12036,FIVESTAR-BL,FIVESTAR-BL
755945,ABCL28-N6,ABCL28-N6
757938,BELLACASA-EQ,BELLACASA-EQ
756091,67RJ35-SG,67RJ35-SG
5890,698JK36-SG,698JK36-SG
20859,695HP33-SG,695HP33-SG
4963,ICICIBANK-EQ,ICICIBANK-EQ
759038,745BR50-SG,745BR50-SG
22482,813LTF29-NP,813LTF29-NP
24330,737AP33A-SG,737AP33A-SG
10426,DYCL-BL,DYCL-BL
24154,DEEDEV-EQ,DEEDEV-EQ
757529,ABHF26625-N0,ABHF26625-N0
21241,AUBANK-BL,AUBANK-BL
7549,714AP40-SG,714AP40-SG
14038,985SFIL28-NO,985SFIL28-NO
4422,INDIANCARD-EQ,INDIANCARD-EQ
758588,182D190226-TB,182D190226-TB
25706,0RL34-N0,0RL34-N0
22720,ENTERO-BL,ENTERO-BL
760509,742KA35A-SG,742KA35A-SG
12785,STLTECH-BL,STLTECH-BL
18567,LTTS-BL,LTTS-BL
5671,653CG28-SG,653CG28-SG
5718,SHREMINVIT-IV,SHREMINVIT-IV
11356,87SCL27-Z6,87SCL27-Z6
5516,JAIPURKURT-EQ,JAIPURKURT-EQ
13567,RAMANEWS-BL,RAMANEWS-BL
18893,KSL-BL,KSL-BL
12657,744HR27-SG,744HR27-SG
21334,JYOTICNC-EQ,JYOTICNC-EQ
21324,SEITINVIT-BL,SEITINVIT-BL
5040,70UK31-SG,70UK31-SG
756143,935IIFL28-NZ,935IIFL28-NZ
25489,705AS31-SG,705AS31-SG
29919,719OR35-SG,719OR35-SG
2687,POLYPLEX-EQ,POLYPLEX-EQ
24464,817ABHF27-N0,817ABHF27-N0
14627,HILTON-EQ,HILTON-EQ
14509,SYSTANGO-ST,SYSTANGO-ST
7880,AUTOBEES-EQ,AUTOBEES-EQ
12736,SASKEN-BL,SASKEN-BL
6964,GOCOLORS-EQ,GOCOLORS-EQ
760288,757ML34-SG,757ML34-SG
8198,713TN47-SG,713TN47-SG
21314,DYNPRO-EQ,DYNPRO-EQ
11695,788MP33-SG,788MP33-SG
18816,GICL-ST,GICL-ST
18933,752BR31-SG,752BR31-SG
13456,SWELECTES-BL,SWELECTES-BL
7238,MAPMYINDIA-BL,MAPMYINDIA-BL
5290,ROLEXRINGS-BL,ROLEXRINGS-BL
8612,SWARAJ-ST,SWARAJ-ST
24707,RAJINDLTD-SM,RAJINDLTD-SM
759480,CANHLIFE-BL,CANHLIFE-BL
30423,704RJ32-SG,704RJ32-SG
758580,748BR39-SG,748BR39-SG
23063,778NHB27-NA,778NHB27-NA
9263,ARROWGREEN-BL,ARROWGREEN-BL
756909,678AP33-SG,678AP33-SG
1360,HIMATSEIDE-EQ,HIMATSEIDE-EQ
760650,7EHS246-N0,7EHS246-N0
757058,708IIFCL35-N0,708IIFCL35-N0
760591,91D090426-TB,91D090426-TB
757830,728HP47-SG,728HP47-SG
8013,721RJ32-SG,721RJ32-SG
757925,698OR37-SG,698OR37-SG
14435,JKTYRE-EQ,JKTYRE-EQ
605,655MH28-SG,655MH28-SG
14629,HILTON-BL,HILTON-BL
16672,BAJAJ-AUTO-BL,BAJAJ-AUTO-BL
2316,HEIDELBERG-EQ,HEIDELBERG-EQ
29514,719BR45-SG,719BR45-SG
19863,SARTELE-SM,SARTELE-SM
1571,RVHL-BL,RVHL-BL
317,BAJFINANCE-EQ,BAJFINANCE-EQ
758494,698PGCIL35-N0,698PGCIL35-N0
22019,704MZ30-SG,704MZ30-SG
760099,182D040626-TB,182D040626-TB
25923,OBSCP-SM,OBSCP-SM
12807,SWARAJENG-BL,SWARAJENG-BL
22126,694TN50-SG,694TN50-SG
28815,711GJ33-SG,711GJ33-SG
1426,MHHL-SM,MHHL-SM
333,VALIANTORG-BL,VALIANTORG-BL
757345,708JCL28-N0,708JCL28-N0
25392,PANAMAPET-EQ,PANAMAPET-EQ
757742,715WB52-SG,715WB52-SG
29425,0NHIT35-N0,0NHIT35-N0
6916,VISHNU-BL,VISHNU-BL
16656,729TN53-SG,729TN53-SG
760069,72TN35-SG,72TN35-SG
759736,702UP32-SG,702UP32-SG
9435,761MH29-SG,761MH29-SG
11097,758GA37A-SG,758GA37A-SG
13606,764KL34-SG,764KL34-SG
10195,753AS27-SG,753AS27-SG
18521,748PN34-SG,748PN34-SG
29135,INDUSTOWER-EQ,INDUSTOWER-EQ
760570,759MP38A-SG,759MP38A-SG
4717,GAIL-EQ,GAIL-EQ
22793,760PFC29-N0,760PFC29-N0
760383,746UP37-SG,746UP37-SG
759849,SHILCTECH-BL,SHILCTECH-BL
756906,679AP34A-SG,679AP34A-SG
17669,744AP43-SG,744AP43-SG
6663,SIGACHI-EQ,SIGACHI-EQ
313,71MH32-SG,71MH32-SG
24549,10157PCP27-N0,10157PCP27-N0
760755,767WB44A-SG,767WB44A-SG
958,ESCORTS-EQ,ESCORTS-EQ
3577,698TS41-SG,698TS41-SG
22347,MACPOWER-EQ,MACPOWER-EQ
10457,ARVSMART-EQ,ARVSMART-EQ
27027,825BTL27-N0,825BTL27-N0
6557,692RJ31-SG,692RJ31-SG
14339,GANESHHOU-EQ,GANESHHOU-EQ
12686,MBAPL-EQ,MBAPL-EQ
11896,GEOJITFSL-EQ,GEOJITFSL-EQ
6066,ATGL-EQ,ATGL-EQ
13239,749ML27-SG,749ML27-SG
759858,729RJ37-SG,729RJ37-SG
24490,733TS40-SG,733TS40-SG
29048,710KA32-SG,710KA32-SG
22412,664RJ30-SG,664RJ30-SG
21879,771MP40-SG,771MP40-SG
1129,GTECJAINX-EQ,GTECJAINX-EQ
7045,683KA31A-SG,683KA31A-SG
21870,768AP37-SG,768AP37-SG
11730,728IRFC30-NG,728IRFC30-NG
760480,702MP30-SG,702MP30-SG
9383,EMBASSY-RR,EMBASSY-RR
3252,SPIC-EQ,SPIC-EQ
14908,KDDL-EQ,KDDL-EQ
12549,BSOFT-BL,BSOFT-BL
17427,GLOBUSSPR-BL,GLOBUSSPR-BL
18002,UNITEDTEA-BL,UNITEDTEA-BL
25977,AFCONS-EQ,AFCONS-EQ
14049,10IFSL26-N7,10IFSL26-N7
23379,NAMAN-SM,NAMAN-SM
758138,GVPTECHPP-BL,GVPTECHPP-BL
10948,STCINDIA-EQ,STCINDIA-EQ
20643,935LTF29-N5,935LTF29-N5
14592,FORTIS-EQ,FORTIS-EQ
22014,657MZ35-SG,657MZ35-SG
18029,MBLINFRA-EQ,MBLINFRA-EQ
13724,JHS-BL,JHS-BL
757497,995SCL2035-NM,995SCL2035-NM
3376,682MH32-SG,682MH32-SG
18215,747KL37-SG,747KL37-SG
17854,DLINKINDIA-BL,DLINKINDIA-BL
20478,771KA36-SG,771KA36-SG
29582,364D120226-TB,364D120226-TB
2081,69AP32-SG,69AP32-SG
782,662KA32-SG,662KA32-SG
83,67ML30-SG,67ML30-SG
20772,715AP31-SG,715AP31-SG
27052,SAGILITY-EQ,SAGILITY-EQ
25364,713MH43-SG,713MH43-SG
8427,RAJRILTD-BL,RAJRILTD-BL
5885,698PN33-SG,698PN33-SG
21253,AXISNIFTY-BL,AXISNIFTY-BL
14449,NAHARPOLY-BL,NAHARPOLY-BL
1084,66SK30-SG,66SK30-SG
23677,747AP37A-SG,747AP37A-SG
20575,721AP31-SG,721AP31-SG
618,675KA33A-SG,675KA33A-SG
25235,XTGLOBAL-EQ,XTGLOBAL-EQ
756025,759LTFL28-N0,759LTFL28-N0
22163,718CG30-SG,718CG30-SG
1628,BECTORFOOD-EQ,BECTORFOOD-EQ
1254,673TN40-SG,673TN40-SG
10633,HDFCNIF100-EQ,HDFCNIF100-EQ
6278,MEDICAMEQ-EQ,MEDICAMEQ-EQ
12215,ASAHIINDIA-BL,ASAHIINDIA-BL
29268,729NHB31-N0,729NHB31-N0
756820,364D210526-TB,364D210526-TB
30206,980SCL35-N1,980SCL35-N1
9422,SILVERTUC-EQ,SILVERTUC-EQ
13900,CREST-EQ,CREST-EQ
760623,668GS2033-GS,668GS2033-GS
603,865IRFC29-NA,865IRFC29-NA
1738,665TR35-SG,665TR35-SG
4380,SENSEXIETF-BL,SENSEXIETF-BL
28960,UNIMECH-EQ,UNIMECH-EQ
20377,COALINDIA-BL,COALINDIA-BL
9099,748PN42-SG,748PN42-SG
12661,755AP29-SG,755AP29-SG
760595,BUILDPRO-BL,BUILDPRO-BL
25082,TREEHOUSE-EQ,TREEHOUSE-EQ
23100,739WB44-SG,739WB44-SG
759309,731BR45-SG,731BR45-SG
14437,777JK35-SG,777JK35-SG
4880,696GA31-SG,696GA31-SG
758850,747HR40-SG,747HR40-SG
21773,ICICIGI-BL,ICICIGI-BL
759146,755TCSL28-N0,755TCSL28-N0
7088,86GS2028-GS,86GS2028-GS
24190,SYMPHONY-EQ,SYMPHONY-EQ
12135,PRAKASH-BL,PRAKASH-BL
2150,697RJ51-SG,697RJ51-SG
7122,788GS2030-GS,788GS2030-GS
13969,HBLENGINE-BL,HBLENGINE-BL
8590,74TN42-SG,74TN42-SG
20735,762UP34-SG,762UP34-SG
11942,AMIABLE-ST,AMIABLE-ST
760303,LEMERITE-BL,LEMERITE-BL
760338,737CG33-SG,737CG33-SG
25577,SHAKTIPUMP-BL,SHAKTIPUMP-BL
758921,774KL60-SG,774KL60-SG
1767,890NHB34-N7,890NHB34-N7
16647,733AP33-SG,733AP33-SG
21236,703HR40-SG,703HR40-SG
29241,715TN35-SG,715TN35-SG
760056,MOMNC-BL,MOMNC-BL
302,685RJ30-SG,685RJ30-SG
14670,KMSUGAR-BL,KMSUGAR-BL
17257,742KL43-SG,742KL43-SG
759306,708OR33-SG,708OR33-SG
19912,772RJ33-SG,772RJ33-SG
8686,731KL32-SG,731KL32-SG
760218,8SMC29-N1,8SMC29-N1
22077,671RJ30-SG,671RJ30-SG
758453,CONNPLEX-SM,CONNPLEX-SM
756923,686NHPCL33-N0,686NHPCL33-N0
13988,ABSLBANETF-BL,ABSLBANETF-BL
2955,KALYANKJIL-EQ,KALYANKJIL-EQ
15716,PIGL-EQ,PIGL-EQ
11954,735NHAI31-N9,735NHAI31-N9
5033,695GJ31-SG,695GJ31-SG
10046,757GS2033-GS,757GS2033-GS
3253,NITIRAJ-BL,NITIRAJ-BL
758924,701GJ31A-SG,701GJ31A-SG
756040,WAAREERTL-BL,WAAREERTL-BL
18406,744MN35-SG,744MN35-SG
1139,GICHSGFIN-EQ,GICHSGFIN-EQ
27127,692GS2039-GS,692GS2039-GS
29455,AGARWALEYE-BL,AGARWALEYE-BL
11437,SPANDANA-BL,SPANDANA-BL
15127,KOLTEPATIL-BL,KOLTEPATIL-BL
758853,SGFIN-EQ,SGFIN-EQ
23103,736TS50-SG,736TS50-SG
28995,717AP39-SG,717AP39-SG
7907,725UK32-SG,725UK32-SG
760752,ARMOUR-ST,ARMOUR-ST
758868,KAYTEX-SM,KAYTEX-SM
11282,769BR32-SG,769BR32-SG
12859,UNIVCABLES-BL,UNIVCABLES-BL
20475,771HR33A-SG,771HR33A-SG
11935,SPLIL-EQ,SPLIL-EQ
760064,709TN32-SG,709TN32-SG
759956,ARSSBL-EQ,ARSSBL-EQ
757761,749RCFL28-N0,749RCFL28-N0
14483,GOKULAGRO-BL,GOKULAGRO-BL
19532,768UP34-SG,768UP34-SG
8574,724RJ32B-SG,724RJ32B-SG
6752,699TS43-SG,699TS43-SG
4889,694UP31A-SG,694UP31A-SG
29103,773TCHFL30-N0,773TCHFL30-N0
5851,BANKNIFTY1-EQ,BANKNIFTY1-EQ
759389,726MH41-SG,726MH41-SG
15374,840CIFCL28-N4,840CIFCL28-N4
12442,HCC-BL,HCC-BL
757958,PASHUPATI-BL,PASHUPATI-BL
757876,AEL170725A-NG,AEL170725A-NG
24455,736SBI39-N0,736SBI39-N0
10352,CSLFINANCE-BL,CSLFINANCE-BL
14225,TIIL-BL,TIIL-BL
25316,PNGJL-BL,PNGJL-BL
29281,703GJ35-SG,703GJ35-SG
1721,66WB30-SG,66WB30-SG
758727,775WB47-SG,775WB47-SG
1645,66AS30A-SG,66AS30A-SG
17534,MGL-EQ,MGL-EQ
30218,SCL19325-N1,SCL19325-N1
21479,NEXT50BETA-BL,NEXT50BETA-BL
19902,772TS36-SG,772TS36-SG
9107,AGROPHOS-BL,AGROPHOS-BL
20784,1050ISFL28-N5,1050ISFL28-N5
12917,ARENTERP-BL,ARENTERP-BL
11256,JAIBALAJI-EQ,JAIBALAJI-EQ
11658,79NHIT35-N1,79NHIT35-N1
13276,LANDMARK-EQ,LANDMARK-EQ
4972,ABSLFTTIRN-MF,ABSLFTTIRN-MF
5276,ALIVUS-BL,ALIVUS-BL
5026,682BR28-SG,682BR28-SG
759373,MONIFTY100-BL,MONIFTY100-BL
20355,777AP35-SG,777AP35-SG
22123,717TN29-SG,717TN29-SG
23909,VILAS-SM,VILAS-SM
16374,735RJ43-SG,735RJ43-SG
757105,BELRISE-BL,BELRISE-BL
7544,714PN36-SG,714PN36-SG
18830,TARAPUR-BL,TARAPUR-BL
1599,MGEL-BL,MGEL-BL
11842,CYBERMEDIA-EQ,CYBERMEDIA-EQ
13725,DCBBANK-EQ,DCBBANK-EQ
17022,MAWANASUG-EQ,MAWANASUG-EQ
23495,745MH41-SG,745MH41-SG
9687,MEDICO-BL,MEDICO-BL
16950,CELLPOINT-SM,CELLPOINT-SM
756038,WAAREERTL-EQ,WAAREERTL-EQ
10511,NIFTYBETA-EQ,NIFTYBETA-EQ
7690,718TS33-SG,718TS33-SG
29284,VMART-EQ,VMART-EQ
9113,ARVINDFASN-BL,ARVINDFASN-BL
4885,70MN31-SG,70MN31-SG
10851,767KL34-SG,767KL34-SG
22152,730WB29-SG,730WB29-SG
16649,736AP37-SG,736AP37-SG
12737,KOHINOOR-BL,KOHINOOR-BL
23545,748UP44-SG,748UP44-SG
22521,GILT5BETA-EQ,GILT5BETA-EQ
30109,SELECTIPO-EQ,SELECTIPO-EQ
759198,182D190326-TB,182D190326-TB
757417,74242ABC30-N0,74242ABC30-N0
760482,TWCGOLDETF-EQ,TWCGOLDETF-EQ
759974,888ECL28-N1,888ECL28-N1
1406,HINDPETRO-EQ,HINDPETRO-EQ
25878,ANKITMETAL-BZ,ANKITMETAL-BZ
29236,714BR45-SG,714BR45-SG
7898,729MZ33-SG,729MZ33-SG
8359,725MZ34-SG,725MZ34-SG
17043,IIFLZC28B-Y1,IIFLZC28B-Y1
16696,GHCLTEXTIL-EQ,GHCLTEXTIL-EQ
29501,712MH36A-SG,712MH36A-SG
2756,716ML31-SG,716ML31-SG
756062,676MH37-SG,676MH37-SG
22128,670TN50-SG,670TN50-SG
760599,NEXT50ADD-EQ,NEXT50ADD-EQ
19218,VALIANTLAB-EQ,VALIANTLAB-EQ
756014,690GS2065-GS,690GS2065-GS
13621,764WB42-SG,764WB42-SG
20854,HAPPYFORGE-EQ,HAPPYFORGE-EQ
757977,364D300726-TB,364D300726-TB
23248,773LIC34-N2,773LIC34-N2
13491,JKLAKSHMI-EQ,JKLAKSHMI-EQ
21908,728KL30-SG,728KL30-SG
11452,CCL-EQ,CCL-EQ
759213,TRUALT-BL,TRUALT-BL
3379,687MH33-SG,687MH33-SG
19972,735PFCL35-N1,735PFCL35-N1
8932,734AP40-SG,734AP40-SG
19011,MASTER-SM,MASTER-SM
18042,ADVENZYMES-BL,ADVENZYMES-BL
21308,777IREDA27-N9,777IREDA27-N9
12516,JINDALSTEL-BL,JINDALSTEL-BL
20850,722AS30-SG,722AS30-SG
18049,MINDTECK-EQ,MINDTECK-EQ
758861,CPPLUS-BL,CPPLUS-BL
5052,CLEAN-BL,CLEAN-BL
760390,182D180626-TB,182D180626-TB
16654,733AP43-SG,733AP43-SG
757714,71KL45-SG,71KL45-SG
12350,ENGINERSIN-BL,ENGINERSIN-BL
8695,734MN32A-SG,734MN32A-SG
12438,HIKAL-BL,HIKAL-BL
22675,CAPITALSFB-EQ,CAPITALSFB-EQ
24998,723WB49-SG,723WB49-SG
12971,PRITIKA-SM,PRITIKA-SM
760505,764UK32-SG,764UK32-SG
11094,755BR32-SG,755BR32-SG
11572,PPLPHARMA-BL,PPLPHARMA-BL
5868,LAGNAM-BL,LAGNAM-BL
5405,NGIL-BL,NGIL-BL
676,EXIDEIND-EQ,EXIDEIND-EQ
24873,INVENTURE-BL,INVENTURE-BL
29683,820CIFL28-N0,820CIFL28-N0
12158,TAINWALCHM-BL,TAINWALCHM-BL
760664,750TN36-SG,750TN36-SG
757914,719PN49-SG,719PN49-SG
14582,SRHHYPOLTD-EQ,SRHHYPOLTD-EQ
17651,POKARNA-EQ,POKARNA-EQ
22280,WORTHPERI-BL,WORTHPERI-BL
21894,730PN31-SG,730PN31-SG
759466,ELIQUID-EQ,ELIQUID-EQ
7904,724TN32-SG,724TN32-SG
14514,BANSWRAS-BL,BANSWRAS-BL
14650,779JK35-SG,779JK35-SG
12837,TNPETRO-BL,TNPETRO-BL
14236,HDFCMID150-EQ,HDFCMID150-EQ
760031,840CIFL32-N0,840CIFL32-N0
17836,AHLUCONT-BL,AHLUCONT-BL
759776,FINBUD-SM,FINBUD-SM
11052,SIRCA-BL,SIRCA-BL
760037,727ABL35-N0,727ABL35-N0
21325,840CIFCL27-NI,840CIFCL27-NI
31468,LYPSAGEMS-EQ,LYPSAGEMS-EQ
4389,GS120626C-GS,GS120626C-GS
29758,MSCIINDIA-EQ,MSCIINDIA-EQ
29988,364D050326-TB,364D050326-TB
7314,696UP31-SG,696UP31-SG
5064,GRINFRA-BL,GRINFRA-BL
29498,707AP34-SG,707AP34-SG
13735,GLOBALVECT-EQ,GLOBALVECT-EQ
16779,SILVERAG-BL,SILVERAG-BL
10618,SADBHIN-EQ,SADBHIN-EQ
3363,SUPREMEIND-EQ,SUPREMEIND-EQ
6135,DIGJAMLMTD-BL,DIGJAMLMTD-BL
21278,SUMMITSEC-BL,SUMMITSEC-BL
3575,696AP35-SG,696AP35-SG
7942,SILVERIETF-EQ,SILVERIETF-EQ
25708,HVAX-SM,HVAX-SM
20401,774BR38-SG,774BR38-SG
2097,685TN51-SG,685TN51-SG
760667,759WB37-SG,759WB37-SG
11892,VHL-EQ,VHL-EQ
760078,728TFSIL28-N0,728TFSIL28-N0
16249,INFIBEAM-EQ,INFIBEAM-EQ
761214,EPWINDIA-SM,EPWINDIA-SM
760616,734OR33-SG,734OR33-SG
12873,VENKEYS-BL,VENKEYS-BL
18886,SJVN-BL,SJVN-BL
13163,UTIRMP35P2-MF,UTIRMP35P2-MF
20731,763ML32-SG,763ML32-SG
20309,718AP28-SG,718AP28-SG
6271,SELMC-BL,SELMC-BL
759943,799GSGL29-N0,799GSGL29-N0
13571,DYNAMATECH-BL,DYNAMATECH-BL
4566,RUCHINFRA-EQ,RUCHINFRA-EQ
17985,PGIMCSA1G-MF,PGIMCSA1G-MF
760389,91D190326-TB,91D190326-TB
17379,EXCEL-BL,EXCEL-BL
22048,704RJ30-SG,704RJ30-SG
24461,EVINDIA-EQ,EVINDIA-EQ
759167,705TN31-SG,705TN31-SG
13186,ROHLTD-BL,ROHLTD-BL
14087,763JH30-SG,763JH30-SG
18052,MINDTECK-BL,MINDTECK-BL
758009,768GSGL28A-N0,768GSGL28A-N0
13517,EMAMILTD-EQ,EMAMILTD-EQ
6943,TARSONS-EQ,TARSONS-EQ
22160,717CG30-SG,717CG30-SG
8701,736WB32-SG,736WB32-SG
13800,MANALIPETC-BL,MANALIPETC-BL
6482,70WB31A-SG,70WB31A-SG
14920,TAKE-BE,TAKE-BE
760066,72MP33-SG,72MP33-SG
12781,STARPAPER-BL,STARPAPER-BL
28808,SANATHAN-BL,SANATHAN-BL
24777,OLAELEC-EQ,OLAELEC-EQ
22513,885MFL29-NJ,885MFL29-NJ
758666,754TS53-SG,754TS53-SG
23212,746RJ42-SG,746RJ42-SG
21716,665PN50-SG,665PN50-SG
14742,AXSENSEX-EQ,AXSENSEX-EQ
4960,GANGAFORGE-BL,GANGAFORGE-BL
6286,GULPOLY-EQ,GULPOLY-EQ
17459,736KL41-SG,736KL41-SG
20046,872MMFSL26-N1,872MMFSL26-N1
756851,SAMAY-ST,SAMAY-ST
760768,732KA33A-SG,732KA33A-SG
11683,783GA32-SG,783GA32-SG
12978,NPBET-EQ,NPBET-EQ
19456,SGBSEP31II-GB,SGBSEP31II-GB
20173,77MH34A-SG,77MH34A-SG
11874,784HP37-SG,784HP37-SG
14219,IMC1-N1,IMC1-N1
30418,696KA30-SG,696KA30-SG
25114,STYLEBAAZA-EQ,STYLEBAAZA-EQ
18897,1025SCL33A-N1,1025SCL33A-N1
755929,364D160426-TB,364D160426-TB
17063,HMAAGRO-BL,HMAAGRO-BL
6727,MOLDTKPAC-BL,MOLDTKPAC-BL
22097,669UP30-SG,669UP30-SG
23653,MUTHOOTFIN-BL,MUTHOOTFIN-BL
13332,SOLARINDS-EQ,SOLARINDS-EQ
15285,QUICKTOUCH-SM,QUICKTOUCH-SM
23224,ENFUSE-SM,ENFUSE-SM
30232,1075SCL35-N1,1075SCL35-N1
18783,IDFNIFTYET-EQ,IDFNIFTYET-EQ
24992,727RJ42-SG,727RJ42-SG
756165,850HHFL27-N0,850HHFL27-N0
24039,830SMF29-N6,830SMF29-N6
2320,SMCGLOBAL-EQ,SMCGLOBAL-EQ
23802,GODIGIT-BL,GODIGIT-BL
760012,729PN33-SG,729PN33-SG
27092,850CIFL34-N0,850CIFL34-N0
11809,IIFL-EQ,IIFL-EQ
20231,766ML32-SG,766ML32-SG
14337,HSCL-BL,HSCL-BL
12478,INDORAMA-BL,INDORAMA-BL
2933,863REC29-NC,863REC29-NC
23402,SRM-EQ,SRM-EQ
16996,TPHQ-EQ,TPHQ-EQ
10219,781RJ47-SG,781RJ47-SG
8394,SHIGAN-SM,SHIGAN-SM
1833,663MN31-SG,663MN31-SG
1879,CARYSIL-EQ,CARYSIL-EQ
17127,747PN34-SG,747PN34-SG
29666,HEXT-EQ,HEXT-EQ
23970,1075SCL34-ZR,1075SCL34-ZR
16675,BAJAJFINSV-EQ,BAJAJFINSV-EQ
760747,780TOPL31-N0,780TOPL31-N0
13878,769AP35-SG,769AP35-SG
6898,826GS2027-GS,826GS2027-GS
24424,731TN54-SG,731TN54-SG
7541,714KL35-SG,714KL35-SG
10902,745TS30-SG,745TS30-SG
28900,888SCL26X-N1,888SCL26X-N1
760017,731MN37-SG,731MN37-SG
759829,91D120226-TB,91D120226-TB
20831,MUTHOOTMF-EQ,MUTHOOTMF-EQ
757550,708MH39-SG,708MH39-SG
16235,737NL33-SG,737NL33-SG
25758,GROWWDEFNC-EQ,GROWWDEFNC-EQ
29572,708KA31A-SG,708KA31A-SG
27617,710PFCL35-N0,710PFCL35-N0
6052,BMETRICS-SM,BMETRICS-SM
760649,743GS2076-GS,743GS2076-GS
6447,TECHNOE-BL,TECHNOE-BL
759221,735HR39-SG,735HR39-SG
25406,WCIL-BL,WCIL-BL
29287,VMART-BL,VMART-BL
758161,714SDIL32-N0,714SDIL32-N0
6887,687KA31-SG,687KA31-SG
30085,717MP31-SG,717MP31-SG
21617,ABCAPITAL-BL,ABCAPITAL-BL
14177,IZMO-BL,IZMO-BL
25466,12VCCL29-N0,12VCCL29-N0
1530,INDIANHUME-EQ,INDIANHUME-EQ
12687,PRIMESECU-BL,PRIMESECU-BL
759800,EUROPRATIK-BL,EUROPRATIK-BL
24159,AFIL-EQ,AFIL-EQ
17654,POKARNA-BL,POKARNA-BL
759852,684GJ31B-SG,684GJ31B-SG
12526,JUNIORBEES-BL,JUNIORBEES-BL
18998,746WB39-SG,746WB39-SG
4899,72KL56-SG,72KL56-SG
27160,810GIL28-N0,810GIL28-N0
21922,699MN30-SG,699MN30-SG
10765,765AS32-SG,765AS32-SG
14403,RAJTV-EQ,RAJTV-EQ
2398,722KA38-SG,722KA38-SG
7537,LCCINFOTEC-BE,LCCINFOTEC-BE
29492,ORCHASP-EQ,ORCHASP-EQ
8527,SPRL-ST,SPRL-ST
756880,731SDIL40-N0,731SDIL40-N0
758556,LTFL28-N0,LTFL28-N0
24484,736IOCL29-N0,736IOCL29-N0
21979,694MP35-SG,694MP35-SG
20018,71JK30-SG,71JK30-SG
23430,744MH41-SG,744MH41-SG
23689,SLONE-SM,SLONE-SM
850,SMVD-ST,SMVD-ST
22614,749TS35-SG,749TS35-SG
8587,743TN47-SG,743TN47-SG
16658,SIGMA-EQ,SIGMA-EQ
27188,718BR34-SG,718BR34-SG
477,BIRLACABLE-EQ,BIRLACABLE-EQ
12141,RSSOFTWARE-BL,RSSOFTWARE-BL
759456,VIKRAMSOLR-BL,VIKRAMSOLR-BL
757845,INDIQUBE-EQ,INDIQUBE-EQ
757396,694TN55-SG,694TN55-SG
21840,DIAMONDYD-EQ,DIAMONDYD-EQ
22889,832TPL26-N4,832TPL26-N4
1802,JYOTISTRUC-EQ,JYOTISTRUC-EQ
1134,APOLLO-EQ,APOLLO-EQ
19723,773KA36-SG,773KA36-SG
17159,875SFL27-ZF,875SFL27-ZF
15417,TITAGARH-BL,TITAGARH-BL
10234,765TN29-SG,765TN29-SG
759934,STYL-EQ,STYL-EQ
760213,LGEINDIA-EQ,LGEINDIA-EQ
25010,720MH34-SG,720MH34-SG
2229,MODIRUBBER-EQ,MODIRUBBER-EQ
29507,712MH38A-SG,712MH38A-SG
22895,832TPL29-N7,832TPL29-N7
20240,765HR33B-SG,765HR33B-SG
27023,865BTL27-N0,865BTL27-N0
758925,724BR31-SG,724BR31-SG
12896,WOCKPHARMA-BL,WOCKPHARMA-BL
11212,SHK-EQ,SHK-EQ
759474,975CCSP28-N0,975CCSP28-N0
14794,ABSLFTUJDG-MF,ABSLFTUJDG-MF
2260,695TN31-SG,695TN31-SG
14248,TVSSRICHAK-BL,TVSSRICHAK-BL
6327,696RJ31-SG,696RJ31-SG
757398,640TN32-SG,640TN32-SG
760269,746KA36-SG,746KA36-SG
28233,712KA36-SG,712KA36-SG
4130,REGENCERAM-EQ,REGENCERAM-EQ
11208,KANDARP-SM,KANDARP-SM
760073,JAYKAY-EQ,JAYKAY-EQ
13248,764WB32-SG,764WB32-SG
9516,SFMP1DD-MF,SFMP1DD-MF
760014,719CG35A-SG,719CG35A-SG
13174,BALKRISIND-BL,BALKRISIND-BL
18696,746GA33-SG,746GA33-SG
12742,SCI-BL,SCI-BL
12703,RAMCOSYS-BL,RAMCOSYS-BL
22846,GPTHEALTH-EQ,GPTHEALTH-EQ
23635,753PN36-SG,753PN36-SG
25931,712INBK34-N0,712INBK34-N0
25395,PANAMAPET-BL,PANAMAPET-BL
27006,715MZ40-SG,715MZ40-SG
21044,980SCL33B-YL,980SCL33B-YL
23768,902MFL27-NO,902MFL27-NO
10839,HDFC1406DG-MF,HDFC1406DG-MF
5970,687BR30-SG,687BR30-SG
1899,664MZ32-SG,664MZ32-SG
20224,JWL-EQ,JWL-EQ
24545,MACOBSTECH-SM,MACOBSTECH-SM
22701,744AP39-SG,744AP39-SG
5852,BANKNIFTY1-BL,BANKNIFTY1-BL
29010,716WB42-SG,716WB42-SG
1535,667TS50-SG,667TS50-SG
758165,GROWWPOWER-EQ,GROWWPOWER-EQ
17779,ATL-BL,ATL-BL
9834,799TN42-SG,799TN42-SG
13511,MUNJALAU-EQ,MUNJALAU-EQ
10751,762NTPC35F-ND,762NTPC35F-ND
20394,774RJ33A-SG,774RJ33A-SG
3721,TATACOMM-EQ,TATACOMM-EQ
30023,ATULAUTO-EQ,ATULAUTO-EQ
759574,710PFCL40-N0,710PFCL40-N0
4393,GS150626C-GS,GS150626C-GS
2080,688UP31-SG,688UP31-SG
11785,ACEINTEG-BL,ACEINTEG-BL
25900,MINDACORP-BL,MINDACORP-BL
10440,LUPIN-EQ,LUPIN-EQ
18401,747AS33-SG,747AS33-SG
19976,760PFCL35-N3,760PFCL35-N3
13253,SAKUMA-BL,SAKUMA-BL
10722,726GS2032-GS,726GS2032-GS
1007,679PN35-SG,679PN35-SG
15503,739TN33-SG,739TN33-SG
972,64KA30C-SG,64KA30C-SG
6749,698WB37-SG,698WB37-SG
760772,758TN56A-SG,758TN56A-SG
22692,744CG30-SG,744CG30-SG
14982,CENTUM-EQ,CENTUM-EQ
22472,KONSTELEC-SM,KONSTELEC-SM
11650,BOHRAIND-BL,BOHRAIND-BL
30000,722TN33-SG,722TN33-SG
29676,773TIL35-N0,773TIL35-N0
17113,743RJ48-SG,743RJ48-SG
755930,850TIAPL28-N0,850TIAPL28-N0
12552,KTKBANK-BL,KTKBANK-BL
22714,POLYSIL-ST,POLYSIL-ST
25914,1025UCL26A-N1,1025UCL26A-N1
6077,AIROLAM-BL,AIROLAM-BL
13505,ALLCARGO-BL,ALLCARGO-BL
760344,815MOFS28-N0,815MOFS28-N0
22901,GOLDCASE-EQ,GOLDCASE-EQ
2383,708MH31-SG,708MH31-SG
24942,775LICH29-N0,775LICH29-N0
13779,755JK38-SG,755JK38-SG
21107,HRHNEXT-SM,HRHNEXT-SM
10964,746TS48-SG,746TS48-SG
760590,758TN56-SG,758TN56-SG
223,IEX-BL,IEX-BL
24571,733KL54-SG,733KL54-SG
11566,DCI-EQ,DCI-EQ
24895,719TN34-SG,719TN34-SG
19223,TCIEXP-EQ,TCIEXP-EQ
14825,777HR33-SG,777HR33-SG
14549,766MH33-SG,766MH33-SG
7798,UNIINFO-BL,UNIINFO-BL
15420,ACL-EQ,ACL-EQ
18102,NIFTY1-EQ,NIFTY1-EQ
20391,773AP32A-SG,773AP32A-SG
9928,785AP37-SG,785AP37-SG
758595,INTERNET-EQ,INTERNET-EQ
13393,769TN37-SG,769TN37-SG
759526,712OIT40-N0,712OIT40-N0
2683,727MZ33-SG,727MZ33-SG
25537,925SCL26F-N1,925SCL26F-N1
1365,653KA30-SG,653KA30-SG
6472,TECH-BL,TECH-BL
29946,NIFTY100EW-BL,NIFTY100EW-BL
25376,765LICH31-N0,765LICH31-N0
10544,764TN32-SG,764TN32-SG
758414,364D130826-TB,364D130826-TB
27218,LAMOSAIC-SM,LAMOSAIC-SM
6104,703KA32-SG,703KA32-SG
759503,182D300426-TB,182D300426-TB
29933,72MN40-SG,72MN40-SG
14630,SANCO-BZ,SANCO-BZ
5525,599MP26-SG,599MP26-SG
472,709WB40-SG,709WB40-SG
19352,PROLIFE-SM,PROLIFE-SM
12885,VHL-BL,VHL-BL
1765,893NHB29-N6,893NHB29-N6
29590,JUBLCPL-EQ,JUBLCPL-EQ
3129,TRANSWORLD-EQ,TRANSWORLD-EQ
14103,76JK35-SG,76JK35-SG
22172,69UK30-SG,69UK30-SG
3339,SUNDARMFIN-EQ,SUNDARMFIN-EQ
3083,682KL35-SG,682KL35-SG
8774,H1876D46DQ-MF,H1876D46DQ-MF
12625,NAVA-BL,NAVA-BL
21960,INDTERRAIN-BL,INDTERRAIN-BL
23196,747UK34-SG,747UK34-SG
2275,IRISDOREME-EQ,IRISDOREME-EQ
25918,OCCLLTD-EQ,OCCLLTD-EQ
19647,MAXESTATES-BL,MAXESTATES-BL
757476,920SCL32-NK,920SCL32-NK
23409,LIQUIDADD-BL,LIQUIDADD-BL
27203,718AP40A-SG,718AP40A-SG
15422,DPSCLTD-BL,DPSCLTD-BL
3375,SURYAROSNI-EQ,SURYAROSNI-EQ
758973,VIKRAN-EQ,VIKRAN-EQ
24753,723TN34-SG,723TN34-SG
30155,AXISVALUE-EQ,AXISVALUE-EQ
27070,VSSL-BL,VSSL-BL
21283,771KA38-SG,771KA38-SG
7855,723MN32-SG,723MN32-SG
7777,889SCFL27-YC,889SCFL27-YC
28314,ANUHPHR-EQ,ANUHPHR-EQ
12504,JAYAGROGN-BL,JAYAGROGN-BL
23121,1090NFL26-NB,1090NFL26-NB
24117,BBNPNBETF-EQ,BBNPNBETF-EQ
758705,LTGILTCASE-EQ,LTGILTCASE-EQ
29707,714PY31A-SG,714PY31A-SG
759376,MOENERGY-BL,MOENERGY-BL
18482,ISFT-BL,ISFT-BL
2374,67AS27-SG,67AS27-SG
27020,ABINFRA-EQ,ABINFRA-EQ
22897,SADHAV-SM,SADHAV-SM
10771,766UP32-SG,766UP32-SG
2537,702KL28-SG,702KL28-SG
2988,SANDESH-EQ,SANDESH-EQ
22149,698WB35-SG,698WB35-SG
772,DABUR-EQ,DABUR-EQ
430,692RJ30-SG,692RJ30-SG
19234,LAURUSLABS-EQ,LAURUSLABS-EQ
12450,HONAUT-BL,HONAUT-BL
14369,773HR32-SG,773HR32-SG
1791,KANPRPLA-BL,KANPRPLA-BL
13893,HIRECT-BL,HIRECT-BL
760568,751KA36-SG,751KA36-SG
19974,736PFCL28-N2,736PFCL28-N2
29679,BAJAJINDEF-BL,BAJAJINDEF-BL
14180,NSLNISP-EQ,NSLNISP-EQ
28250,713WB40-SG,713WB40-SG
25229,807SMFG27-N0,807SMFG27-N0
348,CAMS-BL,CAMS-BL
29504,711OR37-SG,711OR37-SG
29699,716UP39B-SG,716UP39B-SG
760096,736UP36-SG,736UP36-SG
14707,TIMETECHNO-EQ,TIMETECHNO-EQ
22951,EXICOM-BL,EXICOM-BL
3482,CLSEL-EQ,CLSEL-EQ
18192,HFMPCC75RD-MF,HFMPCC75RD-MF
27154,710UP32-SG,710UP32-SG
23429,743MH39-SG,743MH39-SG
10280,KAYA-BL,KAYA-BL
24439,GGBL-SM,GGBL-SM
22930,PLATIND-EQ,PLATIND-EQ
804,SHIVATEX-EQ,SHIVATEX-EQ
9111,ARVINDFASN-EQ,ARVINDFASN-EQ
12840,TORNTPHARM-BL,TORNTPHARM-BL
11790,GOYALALUM-BL,GOYALALUM-BL
840,651HP30-SG,651HP30-SG
1424,HINDZINC-EQ,HINDZINC-EQ
25546,940SCL27A-N1,940SCL27A-N1
27011,HEXATRADEX-BL,HEXATRADEX-BL
12406,KANSAINER-BL,KANSAINER-BL
23000,738TN54-SG,738TN54-SG
14330,HDFC2638RD-MF,HDFC2638RD-MF
3398,AGARIND-BL,AGARIND-BL
20956,SUNCLAY-EQ,SUNCLAY-EQ
18365,PERSISTENT-EQ,PERSISTENT-EQ
756992,755TPREL40-N0,755TPREL40-N0
759203,DHARAN-BZ,DHARAN-BZ
1703,588CG26-SG,588CG26-SG
10773,776KL38-SG,776KL38-SG
18014,WHIRLPOOL-BL,WHIRLPOOL-BL
5231,70WB31-SG,70WB31-SG
3220,LODHA-EQ,LODHA-EQ
755879,875CIFL32-N0,875CIFL32-N0
17,GATECHDVR-EQ,GATECHDVR-EQ
1515,INDIACEM-EQ,INDIACEM-EQ
759256,BMWVENTLTD-EQ,BMWVENTLTD-EQ
29939,72AS45-SG,72AS45-SG
25464,12VCCL27-N0,12VCCL27-N0
19166,759HR35-SG,759HR35-SG
7039,92GS2030-GS,92GS2030-GS
25365,714KL47-SG,714KL47-SG
14791,SPARC-BL,SPARC-BL
18208,ORIENTLTD-EQ,ORIENTLTD-EQ
17224,744TS39-SG,744TS39-SG
28952,DUCON-EQ,DUCON-EQ
17688,GPTINFRA-BL,GPTINFRA-BL
7340,ABSLNN50ET-BL,ABSLNN50ET-BL
12562,LT-BL,LT-BL
14198,TIMKEN-EQ,TIMKEN-EQ
14036,940SFIL28-NN,940SFIL28-NN
23757,742AP45-SG,742AP45-SG
3078,SHANTIGEAR-EQ,SHANTIGEAR-EQ
13218,SULA-EQ,SULA-EQ
9016,ANUP-BL,ANUP-BL
13421,EMKAY-EQ,EMKAY-EQ
13759,SHIVAMAUTO-BL,SHIVAMAUTO-BL
46,SANWARIA-BZ,SANWARIA-BZ
17667,745TS40-SG,745TS40-SG
25770,713AS34A-SG,713AS34A-SG
22497,766RJ34-SG,766RJ34-SG
759204,RHFL-BZ,RHFL-BZ
24423,736RJ46-SG,736RJ46-SG
13287,M&MFIN-BL,M&MFIN-BL
23756,744TS41-SG,744TS41-SG
29278,703OR31-SG,703OR31-SG
23463,71GS2034-GS,71GS2034-GS
12893,WILLAMAGOR-BL,WILLAMAGOR-BL
991,65NL30-SG,65NL30-SG
6792,SBC-EQ,SBC-EQ
1383,855IREDA34-N3,855IREDA34-N3
20671,885LTF27-NE,885LTF27-NE
758457,MOSILVER-EQ,MOSILVER-EQ
19700,GOLDIETF-BL,GOLDIETF-BL
30149,773LICH27-N0,773LICH27-N0
760601,NEXT50ADD-BL,NEXT50ADD-BL
759739,724UP36-SG,724UP36-SG
27033,78241ABH29-N0,78241ABH29-N0
28180,697TN28-SG,697TN28-SG
20,66GA30A-SG,66GA30A-SG
328,ANGELONE-BL,ANGELONE-BL
13115,ORIENTCER-BL,ORIENTCER-BL
12425,HARRMALAYA-BL,HARRMALAYA-BL
22612,752AS34-SG,752AS34-SG
25528,SDREAMS-SM,SDREAMS-SM
30003,722AP35-SG,722AP35-SG
17872,JSWENERGY-BL,JSWENERGY-BL
20092,TASTYBITE-EQ,TASTYBITE-EQ
8642,97SFL29-YZ,97SFL29-YZ
13915,764HR31-SG,764HR31-SG
757614,ARISINFRA-EQ,ARISINFRA-EQ
760577,885NACL28-N0,885NACL28-N0
9356,MSTCLTD-EQ,MSTCLTD-EQ
759186,748MZ36-SG,748MZ36-SG
757968,SMARTWORKS-BL,SMARTWORKS-BL
759334,746RJ51-SG,746RJ51-SG
29695,714RJ37A-SG,714RJ37A-SG
756069,950ISF27A-N0,950ISF27A-N0
10202,786HR32-SG,786HR32-SG
4014,NAVA-EQ,NAVA-EQ
757445,MOTOUR-BL,MOTOUR-BL
17189,SHRIPISTON-BL,SHRIPISTON-BL
17920,HDIL-BZ,HDIL-BZ
760042,SUDEEPPHRM-BL,SUDEEPPHRM-BL
12498,IVC-BL,IVC-BL
760335,714PY30-SG,714PY30-SG
27038,726IIFCL34-N0,726IIFCL34-N0
757656,713TS55-SG,713TS55-SG
12404,GOKEX-BL,GOKEX-BL
30198,732RL35-N0,732RL35-N0
9345,745AP37-SG,745AP37-SG
6713,MOLDTKPAC-EQ,MOLDTKPAC-EQ
25766,71KA32A-SG,71KA32A-SG
3757,VENKEYS-EQ,VENKEYS-EQ
2548,717AS31-SG,717AS31-SG
29991,727MP45-SG,727MP45-SG
17653,745KL40-SG,745KL40-SG
1730,664PY32-SG,664PY32-SG
20863,702AP30-SG,702AP30-SG
525,ICICIB22-BL,ICICIB22-BL
13337,GALLANTT-EQ,GALLANTT-EQ
23708,935MOFSL29-N5,935MOFSL29-N5
15229,LICNFNHGP-EQ,LICNFNHGP-EQ
28908,SCL271224A-N1,SCL271224A-N1
20146,718AS30-SG,718AS30-SG
18332,745AP34-SG,745AP34-SG
13981,SGBOCT27-GB,SGBOCT27-GB
760128,FABTECH-BL,FABTECH-BL
759345,PACEDIGITK-BL,PACEDIGITK-BL
15337,RAIN-EQ,RAIN-EQ
760267,742TN35-SG,742TN35-SG
3345,SUNDRMFAST-EQ,SUNDRMFAST-EQ
4897,713KL46-SG,713KL46-SG
2735,699KA28-SG,699KA28-SG
24070,IXIGO-BL,IXIGO-BL
24342,742KL46-SG,742KL46-SG
10775,OAL-BL,OAL-BL
760566,753AP36A-SG,753AP36A-SG
2987,NAZARA-EQ,NAZARA-EQ
17361,GKWLIMITED-BL,GKWLIMITED-BL
8136,724RJ32A-SG,724RJ32A-SG
13113,758BR32-SG,758BR32-SG
3022,SDL26BEES-EQ,SDL26BEES-EQ
19528,IITL-BL,IITL-BL
27572,ODIGMA-BL,ODIGMA-BL
19538,766AP37-SG,766AP37-SG
30087,723MP47-SG,723MP47-SG
14387,POCL-BL,POCL-BL
9725,772RJ35-SG,772RJ35-SG
12857,UPL-BL,UPL-BL
24752,722MH34-SG,722MH34-SG
14385,POCL-EQ,POCL-EQ
755940,78ABCL33-N1,78ABCL33-N1
17564,971SCL28I-BC,971SCL28I-BC
12054,BLBLIMITED-BL,BLBLIMITED-BL
24129,807NIIF29-N3,807NIIF29-N3
5107,ABSLFTTJRN-MF,ABSLFTTJRN-MF
599,645MH27-SG,645MH27-SG
17546,925SCL28I-BA,925SCL28I-BA
757865,SPUNWEB-SM,SPUNWEB-SM
1337,MARINE-BL,MARINE-BL
14594,FORTIS-BL,FORTIS-BL
21966,712MP35-SG,712MP35-SG
20028,892PFCL33-N8,892PFCL33-N8
12762,SIMPLEXINF-BL,SIMPLEXINF-BL
8651,SFMP61GR-MF,SFMP61GR-MF
18400,744AP33-SG,744AP33-SG
29125,724MH44-SG,724MH44-SG
29709,713KA34A-SG,713KA34A-SG
20529,PRUDMOULI-BL,PRUDMOULI-BL
29557,790ABHFL27-N0,790ABHFL27-N0
20453,APCL-EQ,APCL-EQ
10332,79HR34-SG,79HR34-SG
758968,AHCL-EQ,AHCL-EQ
20030,774IREDA31-N7,774IREDA31-N7
757142,EQUAL50-EQ,EQUAL50-EQ
12179,3MINDIA-BL,3MINDIA-BL
5592,SFMP50DD-MF,SFMP50DD-MF
20374,COALINDIA-EQ,COALINDIA-EQ
8930,729AP34-SG,729AP34-SG
757673,364D090726-TB,364D090726-TB
7713,718AP40-SG,718AP40-SG
16948,ASHOKAMET-BL,ASHOKAMET-BL
20760,RPPINFRA-EQ,RPPINFRA-EQ
5142,CIGNITITEC-EQ,CIGNITITEC-EQ
760025,745KL50-SG,745KL50-SG
19763,902SCL26-N8,902SCL26-N8
1959,662TS41-SG,662TS41-SG
3244,678JK33-SG,678JK33-SG
25012,724AP36-SG,724AP36-SG
18423,RATNAVEER-EQ,RATNAVEER-EQ
9537,727GS2026-GS,727GS2026-GS
13154,UTIDMP35P2-MF,UTIDMP35P2-MF
757462,SCL01825-N6,SCL01825-N6
13618,ANANTRAJ-BL,ANANTRAJ-BL
30159,715RJ35-SG,715RJ35-SG
22122,673TN30-SG,673TN30-SG
3704,681MH31-SG,681MH31-SG
24447,AGIIL-BL,AGIIL-BL
2718,MTARTECH-BL,MTARTECH-BL
30393,NIF100IETF-BL,NIF100IETF-BL
23145,PVSL-BL,PVSL-BL
10853,761HR32-SG,761HR32-SG
25652,TECHERA-SM,TECHERA-SM
20788,MOTISONS-EQ,MOTISONS-EQ
14306,FSL-BL,FSL-BL
27282,778SHFL28-N0,778SHFL28-N0
17165,AARTECH-BL,AARTECH-BL
21001,PSB-EQ,PSB-EQ
758718,749RJ35-SG,749RJ35-SG
23497,744TS51-SG,744TS51-SG
18056,SSFL-SM,SSFL-SM
12139,REMSONSIND-BL,REMSONSIND-BL
761192,KRISHNADEF-EQ,KRISHNADEF-EQ
14235,HDFCSML250-BL,HDFCSML250-BL
757728,614TN28-SG,614TN28-SG
12341,EICHERMOT-BL,EICHERMOT-BL
15016,758AS33-SG,758AS33-SG
30182,715TN33-SG,715TN33-SG
20082,SCLZC26D-NO,SCLZC26D-NO
14535,GOLDBETA-EQ,GOLDBETA-EQ
12335,DREDGECORP-BL,DREDGECORP-BL
1221,66HP30-SG,66HP30-SG
22028,735PY30-SG,735PY30-SG
12221,ASTRAZEN-BL,ASTRAZEN-BL
20280,658AP30-SG,658AP30-SG
24814,FIRSTCRY-EQ,FIRSTCRY-EQ
19776,980SCL33C-ND,980SCL33C-ND
12838,TNPL-BL,TNPL-BL
24979,731RECL39-N0,731RECL39-N0
18391,RBLBANK-EQ,RBLBANK-EQ
1164,NEWGEN-EQ,NEWGEN-EQ
14639,772MH32-SG,772MH32-SG
24239,MEDIORG-SM,MEDIORG-SM
10508,MOHEALTH-EQ,MOHEALTH-EQ
11399,SALZERELEC-EQ,SALZERELEC-EQ
28714,TRANSRAILL-EQ,TRANSRAILL-EQ
12400,GODFRYPHLP-BL,GODFRYPHLP-BL
14425,77MH33-SG,77MH33-SG
16286,EBBETF0430-BL,EBBETF0430-BL
22850,BSLIQPIRDP-MF,BSLIQPIRDP-MF
1215,653HP29-SG,653HP29-SG
21640,624HR26-SG,624HR26-SG
8186,685AS29-SG,685AS29-SG
1044,AXISBNKETF-EQ,AXISBNKETF-EQ
13127,763HP37-SG,763HP37-SG
12654,PANACEABIO-BL,PANACEABIO-BL
21119,KICL-EQ,KICL-EQ
17881,DBCORP-EQ,DBCORP-EQ
3510,MAFANG-BL,MAFANG-BL
22743,747CG30A-SG,747CG30A-SG
16071,73AP38-SG,73AP38-SG
12019,AEROENTER-BL,AEROENTER-BL
1443,671WB40-SG,671WB40-SG
760690,KRISHPP-BL,KRISHPP-BL
11159,756WB39-SG,756WB39-SG
13994,766RJ43-SG,766RJ43-SG
6456,CONSUMIETF-BL,CONSUMIETF-BL
460,707MP32-SG,707MP32-SG
2820,ARVEE-BE,ARVEE-BE
9741,PARADEEP-EQ,PARADEEP-EQ
22747,744TN34-SG,744TN34-SG
12077,GMBREW-BL,GMBREW-BL
2079,685RJ31-SG,685RJ31-SG
2463,MIDHANI-EQ,MIDHANI-EQ
20322,FEDFINA-EQ,FEDFINA-EQ
761195,KRISHNADEF-BL,KRISHNADEF-BL
22050,658RJ30-SG,658RJ30-SG
29096,830TPL28-N0,830TPL28-N0
760270,75MP36-SG,75MP36-SG
13387,766TS34-SG,766TS34-SG
18352,MIDCAPBETA-BL,MIDCAPBETA-BL
161,674UP30-SG,674UP30-SG
25094,725HR36-SG,725HR36-SG
1380,855IREDA29-N2,855IREDA29-N2
760517,76TS42-SG,76TS42-SG
3772,WILLAMAGOR-EQ,WILLAMAGOR-EQ
758197,717RJ52-SG,717RJ52-SG
12229,BBOX-BL,BBOX-BL
8075,DALBHARAT-EQ,DALBHARAT-EQ
759986,706UK32-SG,706UK32-SG
12326,DCW-BL,DCW-BL
20741,763BR38-SG,763BR38-SG
29969,744PFCL30-N0,744PFCL30-N0
18700,JETKNIT-ST,JETKNIT-ST
6545,NYKAA-EQ,NYKAA-EQ
761465,91ICFL29-N0,91ICFL29-N0
22496,765GA34-SG,765GA34-SG
9931,VIKASLIFE-EQ,VIKASLIFE-EQ
760484,TWCGOLDETF-BL,TWCGOLDETF-BL
16655,729KL51-SG,729KL51-SG
22170,704UK30-SG,704UK30-SG
15184,BRIGADE-EQ,BRIGADE-EQ
1611,AURIGROW-BL,AURIGROW-BL
17324,738GA33-SG,738GA33-SG
760444,754HR40-SG,754HR40-SG
11882,783BR32-SG,783BR32-SG
7928,BYKE-BL,BYKE-BL
28781,CEWATER-BL,CEWATER-BL
5677,685MP31-SG,685MP31-SG
22200,699JH30-SG,699JH30-SG
165,674GA30-SG,674GA30-SG
8699,735SK32-SG,735SK32-SG
23410,BLUEPEBBLE-SM,BLUEPEBBLE-SM
14608,GSLSU-BL,GSLSU-BL
27934,965SFL27-N0,965SFL27-N0
758583,712UP33-SG,712UP33-SG
5037,698TN31-SG,698TN31-SG
12639,NRBBEARING-BL,NRBBEARING-BL
17635,ZYDUSWELL-EQ,ZYDUSWELL-EQ
24368,SBISILVER-BL,SBISILVER-BL
24830,AESTHETIK-SM,AESTHETIK-SM
758722,782JK42-SG,782JK42-SG
12310,COROMANDEL-BL,COROMANDEL-BL
25786,KANANIIND-EQ,KANANIIND-EQ
21986,BANKBETF-EQ,BANKBETF-EQ
2014,657GJ31-SG,657GJ31-SG
20612,850TPL26-N0,850TPL26-N0
13976,TANLA-EQ,TANLA-EQ
1083,661RJ30-SG,661RJ30-SG
117,OMFURN-SM,OMFURN-SM
30096,723OR47-SG,723OR47-SG
3580,696TN56-SG,696TN56-SG
759333,757BR49-SG,757BR49-SG
21138,688AP34-SG,688AP34-SG
11878,782SK32A-SG,782SK32A-SG
212,ASHOKLEY-EQ,ASHOKLEY-EQ
23870,738TN33-SG,738TN33-SG
12419,GUJALKALI-BL,GUJALKALI-BL
11276,768PN42-SG,768PN42-SG
22603,725GJ26-SG,725GJ26-SG
24253,842GIL27-N0,842GIL27-N0
18081,749HR33-SG,749HR33-SG
1480,REPL-EQ,REPL-EQ
30417,702AS30A-SG,702AS30A-SG
12173,HNDFDS-EQ,HNDFDS-EQ
12665,PEARLPOLY-BL,PEARLPOLY-BL
86,67NL30-SG,67NL30-SG
2134,698AS31-SG,698AS31-SG
16975,74MH31-SG,74MH31-SG
12584,MARALOVER-BL,MARALOVER-BL
10922,OMAXAUTO-EQ,OMAXAUTO-EQ
20851,702AS30-SG,702AS30-SG
12520,JKPAPER-BL,JKPAPER-BL
755883,EVIETF-BL,EVIETF-BL
29285,713KA41-SG,713KA41-SG
28858,9IHFL27-N1,9IHFL27-N1
12717,RICOAUTO-BL,RICOAUTO-BL
8588,ABNINT-IT,ABNINT-IT
17210,TRIDHYA-SM,TRIDHYA-SM
9309,STLTECH-EQ,STLTECH-EQ
25556,SCL25924D-N1,SCL25924D-N1
1137,APOLLO-BL,APOLLO-BL
758411,733TS60-SG,733TS60-SG
759307,712UP33A-SG,712UP33A-SG
1363,HINDALCO-EQ,HINDALCO-EQ
3743,SGBJUN29II-GB,SGBJUN29II-GB
29513,716AS40-SG,716AS40-SG
17461,736WB41-SG,736WB41-SG
758919,773RJ55-SG,773RJ55-SG
758,651KA30-SG,651KA30-SG
22183,664TS50-SG,664TS50-SG
22997,74JK44-SG,74JK44-SG
10480,797RJ42-SG,797RJ42-SG
20667,714GA30-SG,714GA30-SG
757593,TRAVELFOOD-BL,TRAVELFOOD-BL
17671,743TN53-SG,743TN53-SG
7714,719PN37-SG,719PN37-SG
759941,799GSGL28-N0,799GSGL28-N0
757650,714MZ40-SG,714MZ40-SG
12804,SILINV-BL,SILINV-BL
6718,SAPPHIRE-EQ,SAPPHIRE-EQ
17990,TRF-BL,TRF-BL
20180,773UP35-SG,773UP35-SG
8146,DEVIT-EQ,DEVIT-EQ
19486,775PN36-SG,775PN36-SG
759738,714MZ33-SG,714MZ33-SG
18688,74GJ27-SG,74GJ27-SG
11359,DHANBANK-EQ,DHANBANK-EQ
20152,ASKAUTOLTD-EQ,ASKAUTOLTD-EQ
21238,AUBANK-EQ,AUBANK-EQ
13379,761TN32A-SG,761TN32A-SG
13551,AKASH-BL,AKASH-BL
22208,735TS30-SG,735TS30-SG
170,67KA30-SG,67KA30-SG
17325,736AP38A-SG,736AP38A-SG
20148,69GA30-SG,69GA30-SG
10993,INDORAMA-EQ,INDORAMA-EQ
15168,764IRFC31-NO,764IRFC31-NO
13810,GREENPANEL-EQ,GREENPANEL-EQ
1039,AARON-BL,AARON-BL
759988,KSR-BL,KSR-BL
18944,KINGFA-EQ,KINGFA-EQ
303,689GA30-SG,689GA30-SG
24006,745ML34-SG,745ML34-SG
1512,INDHOTEL-EQ,INDHOTEL-EQ
14649,778UP35-SG,778UP35-SG
22705,748WB44-SG,748WB44-SG
759205,JKIPL-EQ,JKIPL-EQ
22135,633TN30-SG,633TN30-SG
760054,MOMNC-EQ,MOMNC-EQ
18095,BPF02RDR-MF,BPF02RDR-MF
17820,QUAL30IETF-BL,QUAL30IETF-BL
760717,HALDER-BE,HALDER-BE
13031,DHARMAJ-BL,DHARMAJ-BL
9552,RVNL-EQ,RVNL-EQ
19262,AARTISURF-BL,AARTISURF-BL
13882,765HR33-SG,765HR33-SG
13579,VOLTAMP-BL,VOLTAMP-BL
759595,748KL45-SG,748KL45-SG
27095,SWANCORP-EQ,SWANCORP-EQ
14641,776HP33-SG,776HP33-SG
24990,724MH39-SG,724MH39-SG
16781,722GJ28-SG,722GJ28-SG
20222,767KA36-SG,767KA36-SG
30246,BHARATSE-BL,BHARATSE-BL
21484,STEL-EQ,STEL-EQ
17039,865IFL28-NZ,865IFL28-NZ
29742,7645LICH30-N0,7645LICH30-N0
7395,SUPRIYA-BL,SUPRIYA-BL
18119,SRGHFL-EQ,SRGHFL-EQ
8974,752AP38-SG,752AP38-SG
128,ROUTE-EQ,ROUTE-EQ
13959,769AS33-SG,769AS33-SG
759486,758CIFL30-N0,758CIFL30-N0
2807,CHEMFAB-BL,CHEMFAB-BL
759549,714TN35A-SG,714TN35A-SG
757393,692HP45-SG,692HP45-SG
12538,KCPSUGIND-BL,KCPSUGIND-BL
19524,765TN33A-SG,765TN33A-SG
9830,807AP36-SG,807AP36-SG
24301,NXT-INFRA-BL,NXT-INFRA-BL
450,5PAISA-BL,5PAISA-BL
28816,716HR37-SG,716HR37-SG
29624,AJAXENGG-EQ,AJAXENGG-EQ
758817,734CG40-SG,734CG40-SG
759420,BAGDIGITAL-SM,BAGDIGITAL-SM
12390,GHCL-BL,GHCL-BL
15265,743TS33-SG,743TS33-SG
27869,SAILIFE-BL,SAILIFE-BL
20323,RESPONIND-EQ,RESPONIND-EQ
13037,SAFARI-BL,SAFARI-BL
760310,705SFL28-N0,705SFL28-N0
985,648AS30-SG,648AS30-SG
19968,876HUDCO28-ND,876HUDCO28-ND
23628,AAFS27B-N3,AAFS27B-N3
1364,649GJ29-SG,649GJ29-SG
757391,692TS44-SG,692TS44-SG
22125,719TN30-SG,719TN30-SG
9854,RILINFRA-SM,RILINFRA-SM
18578,RRKABEL-BL,RRKABEL-BL
10690,NIFTYQLITY-EQ,NIFTYQLITY-EQ
7457,HAVISHA-EQ,HAVISHA-EQ
760091,724RJ35-SG,724RJ35-SG
29627,AJAXENGG-BL,AJAXENGG-BL
760567,757AS36-SG,757AS36-SG
22303,646JK30-SG,646JK30-SG
5995,691RJ31B-SG,691RJ31B-SG
12060,UTIRGR35P1-MF,UTIRGR35P1-MF
4887,695PN31-SG,695PN31-SG
7919,BYKE-EQ,BYKE-EQ
5697,698WB36-SG,698WB36-SG
1153,GLAXO-EQ,GLAXO-EQ
21985,NIFTYBETF-BL,NIFTYBETF-BL
21899,705KL30-SG,705KL30-SG
758582,744TN55-SG,744TN55-SG
23442,RADIOWALLA-SM,RADIOWALLA-SM
758942,CPEDU-BL,CPEDU-BL
11665,79NHIT40-N2,79NHIT40-N2
12704,RANASUG-BL,RANASUG-BL
7013,883GS2041-GS,883GS2041-GS
23854,702GS2027-GS,702GS2027-GS
30144,745PFCL28-N0,745PFCL28-N0
760726,BHARATCOAL-EQ,BHARATCOAL-EQ
760268,744AP35-SG,744AP35-SG
13049,759KA38-SG,759KA38-SG
17995,PGIMCSR1D-MF,PGIMCSR1D-MF
1227,65KA30A-SG,65KA30A-SG
18773,MARCO-SM,MARCO-SM
756137,850TIAP28A-N0,850TIAP28A-N0
12124,DOLATALGO-EQ,DOLATALGO-EQ
25772,715MP35-SG,715MP35-SG
24985,726PN36-SG,726PN36-SG
759405,ADVANCE-BL,ADVANCE-BL
12207,APCOTEXIND-BL,APCOTEXIND-BL
25306,SPPPOLY-SM,SPPPOLY-SM
22158,759CG30-SG,759CG30-SG
25358,PGEL-EQ,PGEL-EQ
9439,SKIPPER-BL,SKIPPER-BL
6087,DESTINY-SM,DESTINY-SM
759505,692OIT28-N0,692OIT28-N0
14761,NELCAST-EQ,NELCAST-EQ
843,64KA30B-SG,64KA30B-SG
13852,865IIFL28-NS,865IIFL28-NS
694,CIPLA-EQ,CIPLA-EQ
24755,726HR36-SG,726HR36-SG
18175,IF3GPD-MF,IF3GPD-MF
758336,635LT28-N0,635LT28-N0
1212,635MH28-SG,635MH28-SG
14,656KA30-SG,656KA30-SG
14301,PFC-BL,PFC-BL
757932,686UP33-SG,686UP33-SG
17403,NHPC-BL,NHPC-BL
30162,717UP39-SG,717UP39-SG
18281,HDFCLIQUID-BL,HDFCLIQUID-BL
12196,ALLDIGI-BL,ALLDIGI-BL
758726,777WB46-SG,777WB46-SG
2531,CONTI-SM,CONTI-SM
758689,773AIFL30-N0,773AIFL30-N0
20120,980SCL33-NX,980SCL33-NX
759029,727MH36-SG,727MH36-SG
12646,ONGC-BL,ONGC-BL
23578,TCL26-NG,TCL26-NG
21080,SURANASOL-BL,SURANASOL-BL
14559,766MP48-SG,766MP48-SG
3742,SGBMAY29I-GB,SGBMAY29I-GB
760112,SUBAHOTELS-SM,SUBAHOTELS-SM
20108,718HP32-SG,718HP32-SG
24891,722MH50-SG,722MH50-SG
2242,705NL31-SG,705NL31-SG
24199,VADILALIND-BL,VADILALIND-BL
11965,VIVIMEDLAB-EQ,VIVIMEDLAB-EQ
5173,697TN31A-SG,697TN31A-SG
22239,EBBETF0431-EQ,EBBETF0431-EQ
23128,SCILAL-BL,SCILAL-BL
12525,JUBLPHARMA-BL,JUBLPHARMA-BL
6981,83GS2040-GS,83GS2040-GS
22188,765TS30-SG,765TS30-SG
9590,POLYCAB-EQ,POLYCAB-EQ
4911,MADRASFERT-EQ,MADRASFERT-EQ
22165,745UK30-SG,745UK30-SG
24338,736AP41-SG,736AP41-SG
13152,UTIDFP35P2-MF,UTIDFP35P2-MF
24255,793TPRE34-N0,793TPRE34-N0
24987,726MP38-SG,726MP38-SG
9604,772GS2049-GS,772GS2049-GS
760521,759WB47-SG,759WB47-SG
10277,NGLFINE-EQ,NGLFINE-EQ
7109,JMA-EQ,JMA-EQ
14696,990SCFL26-AJ,990SCFL26-AJ
13828,SOBHA-BL,SOBHA-BL
18260,CLSL-SM,CLSL-SM
15386,MANKIND-BL,MANKIND-BL
15130,SVLL-BL,SVLL-BL
16959,ALKALI-EQ,ALKALI-EQ
30226,SCL190325A-N1,SCL190325A-N1
21451,APS-SM,APS-SM
23291,940SCL27-YS,940SCL27-YS
7610,VIVO-SM,VIVO-SM
15380,MANKIND-EQ,MANKIND-EQ
1241,659RJ30A-SG,659RJ30A-SG
20616,SUPERHOUSE-EQ,SUPERHOUSE-EQ
756864,677MP37-SG,677MP37-SG
13950,LIQUID1-EQ,LIQUID1-EQ
17745,YATHARTH-BL,YATHARTH-BL
18528,747MH34-SG,747MH34-SG
13451,RATNAMANI-EQ,RATNAMANI-EQ
14381,769PN39-SG,769PN39-SG
18013,VLEGOV-BL,VLEGOV-BL
24202,731AP44-SG,731AP44-SG
22294,655AP35-SG,655AP35-SG
10478,807WB38-SG,807WB38-SG
20026,867PFCL33-N7,867PFCL33-N7
760376,915APSBC33-N0,915APSBC33-N0
30269,14RARL30-N0,14RARL30-N0
15324,746KL48-SG,746KL48-SG
760234,AEQUS-EQ,AEQUS-EQ
759995,ESENSEX-EQ,ESENSEX-EQ
28874,IHF261224A-N1,IHF261224A-N1
759592,985CCSP28-N0,985CCSP28-N0
879,ASTRON-BL,ASTRON-BL
24191,732KL41-SG,732KL41-SG
1949,KSB-EQ,KSB-EQ
757669,MOALPHA50-EQ,MOALPHA50-EQ
22739,MON100-EQ,MON100-EQ
28979,87HFL26-N0,87HFL26-N0
13234,ABSLFTUBRG-MF,ABSLFTUBRG-MF
759394,118VCCL27B-N0,118VCCL27B-N0
12452,HTMEDIA-BL,HTMEDIA-BL
760438,GROWWMETAL-EQ,GROWWMETAL-EQ
14380,769RJ39-SG,769RJ39-SG
208,MASFIN-BL,MASFIN-BL
25638,ESSARSHPNG-BE,ESSARSHPNG-BE
201,UNIDT-EQ,UNIDT-EQ
5025,629RJ26-SG,629RJ26-SG
14889,ASIANTILES-EQ,ASIANTILES-EQ
10793,SYRMA-EQ,SYRMA-EQ
18431,BIGBLOC-EQ,BIGBLOC-EQ
22362,MCL-BE,MCL-BE
17611,PVTBANKADD-BL,PVTBANKADD-BL
17804,LLOYDSENGG-BL,LLOYDSENGG-BL
13042,ABAN-BL,ABAN-BL
5039,702WB31-SG,702WB31-SG
6487,708AP40-SG,708AP40-SG
12451,HLVLTD-BL,HLVLTD-BL
28320,ANUHPHR-BL,ANUHPHR-BL
22115,733TN54-SG,733TN54-SG
23995,746HP36-SG,746HP36-SG
2233,705HP35-SG,705HP35-SG
18118,THANGAMAYL-EQ,THANGAMAYL-EQ
15121,SVLL-EQ,SVLL-EQ
4288,943ECL28-NJ,943ECL28-NJ
12074,63MOONS-BL,63MOONS-BL
6584,FINOPB-BL,FINOPB-BL
760771,762AS46-SG,762AS46-SG
24840,726BR33-SG,726BR33-SG
21409,AVADHSUGAR-BL,AVADHSUGAR-BL
3021,SOTL-EQ,SOTL-EQ
22448,645GJ30-SG,645GJ30-SG
757980,75GFL28-N0,75GFL28-N0
29658,VOLERCAR-SM,VOLERCAR-SM
757554,708JK46A-SG,708JK46A-SG
10661,PONNIERODE-EQ,PONNIERODE-EQ
21829,759TN44-SG,759TN44-SG
14945,NAGREEKCAP-BL,NAGREEKCAP-BL
12216,ASAL-BL,ASAL-BL
12358,EVEREADY-BL,EVEREADY-BL
8077,MIDCAP-EQ,MIDCAP-EQ
12276,BRITANNIA-BL,BRITANNIA-BL
14838,DECCANCE-EQ,DECCANCE-EQ
1565,RVHL-EQ,RVHL-EQ
759084,URBANCO-EQ,URBANCO-EQ
12843,TRENT-BL,TRENT-BL
16979,74HR33-SG,74HR33-SG
10634,ASAL-EQ,ASAL-EQ
759361,RUBICON-BL,RUBICON-BL
29276,970ISF28-N0,970ISF28-N0
13842,MMFL-BL,MMFL-BL
21976,717MP29-SG,717MP29-SG
5117,SGIL-BL,SGIL-BL
9759,EMUDHRA-BL,EMUDHRA-BL
24321,VRAJ-EQ,VRAJ-EQ
20232,CLEDUCATE-BL,CLEDUCATE-BL
757902,INTEGRITY-SM,INTEGRITY-SM
25353,711BR33-SG,711BR33-SG
2212,BIRET-BL,BIRET-BL
4969,ABSLFTTIRG-MF,ABSLFTTIRG-MF
760277,MODINATUR-EQ,MODINATUR-EQ
10382,795TS35-SG,795TS35-SG
3719,703TN46-SG,703TN46-SG
877,676PN40-SG,676PN40-SG
14426,LAOPALA-BL,LAOPALA-BL
758206,182D050226-TB,182D050226-TB
8006,732KA34-SG,732KA34-SG
758150,MBEL-EQ,MBEL-EQ
11458,NV20-BL,NV20-BL
757748,694RJ35-SG,694RJ35-SG
2357,NURECA-BL,NURECA-BL
757617,ARISINFRA-BL,ARISINFRA-BL
13374,76KA32A-SG,76KA32A-SG
21921,656MN30-SG,656MN30-SG
18680,745HR35A-SG,745HR35A-SG
760356,MIDCAPADD-EQ,MIDCAPADD-EQ
9909,AXITA-BE,AXITA-BE
25935,UHTL-SM,UHTL-SM
20106,971SCL28A-NT,971SCL28A-NT
760508,734TN34A-SG,734TN34A-SG
22255,NDRAUTO-EQ,NDRAUTO-EQ
760485,925IIFL32A-N0,925IIFL32A-N0
21174,CDSL-EQ,CDSL-EQ
16977,742ML32-SG,742ML32-SG
23370,VISHWAS-SM,VISHWAS-SM
20172,77MH33A-SG,77MH33A-SG
11760,775AP29-SG,775AP29-SG
21589,COMSYN-BL,COMSYN-BL
5013,WALPAR-SM,WALPAR-SM
23805,BSLGOLDETF-BL,BSLGOLDETF-BL
21365,SALASAR-BL,SALASAR-BL
759789,692AVTL28-N0,692AVTL28-N0
474,3MINDIA-EQ,3MINDIA-EQ
14718,971SCL28-AN,971SCL28-AN
12518,JISLJALEQS-BL,JISLJALEQS-BL
14802,ABSLFTUJRG-MF,ABSLFTUJRG-MF
18531,746MH33-SG,746MH33-SG
4953,ADROITINFO-EQ,ADROITINFO-EQ
18063,BPF02IDR-MF,BPF02IDR-MF
17945,COHANCE-EQ,COHANCE-EQ
12612,MUKANDLTD-BL,MUKANDLTD-BL
12396,GLFL-BL,GLFL-BL
23749,753RECL34-NP,753RECL34-NP
20988,INDIGRID-IV,INDIGRID-IV
13118,74ML27-SG,74ML27-SG
15245,957SFIL28-NW,957SFIL28-NW
20880,PSPPROJECT-BL,PSPPROJECT-BL
25063,ECOSMOBLTY-BL,ECOSMOBLTY-BL
5861,935SCL28-NV,935SCL28-NV
12107,HDFCNIFIT-BL,HDFCNIFIT-BL
12208,GVPIL-BL,GVPIL-BL
3259,682RJ31-SG,682RJ31-SG
4368,GS200326C-GS,GS200326C-GS
14547,NDLVENTURE-EQ,NDLVENTURE-EQ
5550,ABMINTLLTD-BL,ABMINTLLTD-BL
24948,LTF-EQ,LTF-EQ
2401,SANDHAR-BL,SANDHAR-BL
23642,749RJ44-SG,749RJ44-SG
5428,TRIGYN-EQ,TRIGYN-EQ
756173,9TIAPL28-N0,9TIAPL28-N0
4575,675GJ31-SG,675GJ31-SG
18923,748MP29-SG,748MP29-SG
20076,INTENTECH-BL,INTENTECH-BL
25883,711BR33B-SG,711BR33B-SG
24670,85GHFL27-N0,85GHFL27-N0
10477,806JK37-SG,806JK37-SG
4656,SBCL-EQ,SBCL-EQ
29090,QUADFUTURE-BL,QUADFUTURE-BL
20063,SASTASUNDR-EQ,SASTASUNDR-EQ
24730,RUBFILA-EQ,RUBFILA-EQ
13745,GTLINFRA-EQ,GTLINFRA-EQ
5479,719KL51-SG,719KL51-SG
6426,MANORG-BL,MANORG-BL
759347,885TIAPL29-N0,885TIAPL29-N0
18420,RISHABH-BL,RISHABH-BL
12818,TATAPOWER-BL,TATAPOWER-BL
6563,70AP38A-SG,70AP38A-SG
30169,718WB46-SG,718WB46-SG
15526,739AP33-SG,739AP33-SG
20443,860CIFCL28-NG,860CIFCL28-NG
15174,TARIL-EQ,TARIL-EQ
6899,832GS2032-GS,832GS2032-GS
12782,STCINDIA-BL,STCINDIA-BL
759883,TENNIND-BL,TENNIND-BL
12174,HNDFDS-BL,HNDFDS-BL
17295,NAGAFERT-EQ,NAGAFERT-EQ
816,SHIVATEX-BL,SHIVATEX-BL
760815,725BACL28-N0,725BACL28-N0
401,GLOBE-BL,GLOBE-BL
18166,BPF01D2G-MF,BPF01D2G-MF
11289,768UP32-SG,768UP32-SG
25393,840CIFL27-N0,840CIFL27-N0
4957,GANGAFORGE-EQ,GANGAFORGE-EQ
24741,787SDIL30-N0,787SDIL30-N0
756792,709TS60-SG,709TS60-SG
29694,712GJ37A-SG,712GJ37A-SG
13309,CENTURYPLY-BL,CENTURYPLY-BL
22911,OWAIS-SM,OWAIS-SM
12530,KAKATCEM-BL,KAKATCEM-BL
17568,DAMODARIND-BL,DAMODARIND-BL
13175,NITINSPIN-EQ,NITINSPIN-EQ
17796,TREL-BL,TREL-BL
22854,830TFSIL27-N2,830TFSIL27-N2
12849,TVSELECT-BL,TVSELECT-BL
759027,726TN35-SG,726TN35-SG
30420,705MP32-SG,705MP32-SG
25138,GALAPREC-BL,GALAPREC-BL
756958,MONOLITH-SM,MONOLITH-SM
30200,793NIIF32-N0,793NIIF32-N0
12443,HINDUNILVR-BL,HINDUNILVR-BL
22556,86CIFC29-NN,86CIFC29-NN
19685,733GS2026-GS,733GS2026-GS
5741,687AP40-SG,687AP40-SG
22737,890NCPL28-N1,890NCPL28-N1
15259,RPOWER-EQ,RPOWER-EQ
24246,CITI2626-N0,CITI2626-N0
16815,735TS45-SG,735TS45-SG
760259,WAKEFIT-EQ,WAKEFIT-EQ
758650,790TIL28-N0,790TIL28-N0
23222,765HDFC34-N1,765HDFC34-N1
30460,RAPIDFLEET-SM,RAPIDFLEET-SM
13987,ABSLBANETF-EQ,ABSLBANETF-EQ
14491,VERTEXPLUS-SM,VERTEXPLUS-SM
18008,BPF02D3R-MF,BPF02D3R-MF
18337,74RJ41-SG,74RJ41-SG
14319,TFL-EQ,TFL-EQ
15350,GSS-BL,GSS-BL
22146,726WB34-SG,726WB34-SG
10854,762BR32-SG,762BR32-SG
24812,UNIECOM-BL,UNIECOM-BL
2251,699RJ41-SG,699RJ41-SG
12855,UNICHEMLAB-BL,UNICHEMLAB-BL
27000,702TN29-SG,702TN29-SG
23438,TAC-SM,TAC-SM
14109,764UP36-SG,764UP36-SG
20839,MUTHOOTMF-BL,MUTHOOTMF-BL
15400,RACE-BL,RACE-BL
23944,99SCL27-ZH,99SCL27-ZH
757978,75GFL30-N0,75GFL30-N0
23355,752HP39-SG,752HP39-SG
10334,789TS34-SG,789TS34-SG
19196,TI-EQ,TI-EQ
20532,AXISGOLD-EQ,AXISGOLD-EQ
11239,NSIL-EQ,NSIL-EQ
24401,EMCURE-BL,EMCURE-BL
25328,APLLTD-EQ,APLLTD-EQ
2616,SEAMECLTD-EQ,SEAMECLTD-EQ
759336,752TS54-SG,752TS54-SG
21164,774AP36A-SG,774AP36A-SG
31128,810IRFC27-N2,810IRFC27-N2
4900,718TS51-SG,718TS51-SG
5678,691MH33-SG,691MH33-SG
755926,671TN35-SG,671TN35-SG
8080,SILVERBEES-EQ,SILVERBEES-EQ
21470,771REC27-NJ,771REC27-NJ
1250,CASTROLIND-EQ,CASTROLIND-EQ
11419,SALZERELEC-BL,SALZERELEC-BL
25961,715MN39-SG,715MN39-SG
23088,729PY26-SG,729PY26-SG
757924,709TS63-SG,709TS63-SG
756907,688ML35-SG,688ML35-SG
23816,743MN36-SG,743MN36-SG
22875,746UK34-SG,746UK34-SG
760086,768TS44-SG,768TS44-SG
5688,ARCHIES-EQ,ARCHIES-EQ
14064,ASMS-EQ,ASMS-EQ
24233,STANLEY-BL,STANLEY-BL
3646,VARDMNPOLY-EQ,VARDMNPOLY-EQ
759355,SYSTMTXC-EQ,SYSTMTXC-EQ
31413,MTEDUCARE-BE,MTEDUCARE-BE
25963,717AP43-SG,717AP43-SG
757148,738ABCL28-N0,738ABCL28-N0
23179,KRYSTAL-BL,KRYSTAL-BL
20944,767HR35-SG,767HR35-SG
29050,ZUARI-EQ,ZUARI-EQ
758601,TVSINVIT-BL,TVSINVIT-BL
11258,HDFCQUAL-BL,HDFCQUAL-BL
759367,ANANTAM-BL,ANANTAM-BL
27136,ONYX-SM,ONYX-SM
11511,CENTEXT-EQ,CENTEXT-EQ
25739,SRD-BL,SRD-BL
19029,KIRLOSIND-BL,KIRLOSIND-BL
3722,703TN51-SG,703TN51-SG
27688,708JK46-SG,708JK46-SG
24582,SANSTAR-EQ,SANSTAR-EQ
6695,574GS2026-GS,574GS2026-GS
24961,ORIENTTECH-EQ,ORIENTTECH-EQ
245,ADL-EQ,ADL-EQ
18229,MANINFRA-BL,MANINFRA-BL
20288,658KA30-SG,658KA30-SG
1338,SDBL-EQ,SDBL-EQ
19579,ARVINDPORT-SM,ARVINDPORT-SM
759587,STUDDS-EQ,STUDDS-EQ
759971,PAUSHAKLTD-BL,PAUSHAKLTD-BL
20100,711AS30-SG,711AS30-SG
7225,JETFREIGHT-BL,JETFREIGHT-BL
13389,767TS35-SG,767TS35-SG
25037,JAYBEE-SM,JAYBEE-SM
23089,738UP36-SG,738UP36-SG
21233,9HFL34-N0,9HFL34-N0
758918,774TS55-SG,774TS55-SG
757926,707WB37-SG,707WB37-SG
9897,AIRAN-EQ,AIRAN-EQ
12725,MBAPL-BL,MBAPL-BL
24580,739IREDA39-N0,739IREDA39-N0
760384,751UP39-SG,751UP39-SG
23351,749KL36-SG,749KL36-SG
19205,HEADSUP-EQ,HEADSUP-EQ
760770,731TN33-SG,731TN33-SG
5097,ETERNAL-EQ,ETERNAL-EQ
3048,SCI-EQ,SCI-EQ
24893,72MZ31-SG,72MZ31-SG
20746,771JK48-SG,771JK48-SG
7648,820IIFL27-N9,820IIFL27-N9
13124,755GA32-SG,755GA32-SG
25102,725WB45-SG,725WB45-SG
757871,885AEL28-NB,885AEL28-NB
8654,MOLOWVOL-EQ,MOLOWVOL-EQ
9684,KPITTECH-BL,KPITTECH-BL
756903,686NHPCL36-N0,686NHPCL36-N0
23482,SINCLAIR-BL,SINCLAIR-BL
22673,RPTECH-BL,RPTECH-BL
24646,727TN32-SG,727TN32-SG
19679,GOLDIETF-EQ,GOLDIETF-EQ
24231,OMINFRAL-EQ,OMINFRAL-EQ
23333,752RJ44-SG,752RJ44-SG
20479,766GJ30A-SG,766GJ30A-SG
16911,TOUCHWOOD-BL,TOUCHWOOD-BL
2935,861REC34-ND,861REC34-ND
5227,677BR28-SG,677BR28-SG
23585,751PN37-SG,751PN37-SG
22874,744WB44-SG,744WB44-SG
758732,1025PATE28-N0,1025PATE28-N0
19174,75AP41-SG,75AP41-SG
28993,717AP38-SG,717AP38-SG
12039,UTIDAP35P1-MF,UTIDAP35P1-MF
13984,JASH-BL,JASH-BL
12566,LYKALABS-BL,LYKALABS-BL
17755,SHILPAMED-BL,SHILPAMED-BL
12250,BBTC-BL,BBTC-BL
759310,731JK45-SG,731JK45-SG
24184,PIIND-EQ,PIIND-EQ
756853,654TN31-SG,654TN31-SG
29965,JUSTDIAL-BL,JUSTDIAL-BL
22141,731WB34-SG,731WB34-SG
30464,ACTIVEINFR-SM,ACTIVEINFR-SM
526,BPCL-EQ,BPCL-EQ
21509,767HP34-SG,767HP34-SG
5674,685GA31B-SG,685GA31B-SG
20136,732GS2030-GS,732GS2030-GS
20480,77TS38-SG,77TS38-SG
25357,713TS36-SG,713TS36-SG
23433,746AP42-SG,746AP42-SG
25132,747SIDBI29-N0,747SIDBI29-N0
25907,WAAREEENER-EQ,WAAREEENER-EQ
11480,KRIDHANINF-EQ,KRIDHANINF-EQ
14288,GOLDETF-BL,GOLDETF-BL
14533,769TS32-SG,769TS32-SG
759598,91D060226-TB,91D060226-TB
17281,SENCO-BL,SENCO-BL
24761,729JK45-SG,729JK45-SG
14957,MAGNUM-EQ,MAGNUM-EQ
1576,GILLETTE-EQ,GILLETTE-EQ
2514,OSWALAGRO-EQ,OSWALAGRO-EQ
757732,680AP35-SG,680AP35-SG
756743,694PGCIL35-N0,694PGCIL35-N0
13375,763KL32-SG,763KL32-SG
757487,910HFL35-N0,910HFL35-N0
756714,820MFL30-N0,820MFL30-N0
757872,915AEL28-NC,915AEL28-NC
17766,ZEAL-SM,ZEAL-SM
8584,74WB38-SG,74WB38-SG
756905,686NHPCL37-N0,686NHPCL37-N0
19086,ITBEES-BL,ITBEES-BL
1100,GARFIBRES-EQ,GARFIBRES-EQ
758579,702GJ33A-SG,702GJ33A-SG
18226,MANINFRA-EQ,MANINFRA-EQ
24759,727MH44-SG,727MH44-SG
1510,MOGSEC-BL,MOGSEC-BL
23551,885NOM28-N2,885NOM28-N2
11047,SATIA-BL,SATIA-BL
5172,699WB30-SG,699WB30-SG
12379,GAIL-BL,GAIL-BL
24991,727AP41-SG,727AP41-SG
246,ADL-BL,ADL-BL
6879,691HP31-SG,691HP31-SG
1190,FMGOETZE-EQ,FMGOETZE-EQ
11612,PHANTOMFX-SM,PHANTOMFX-SM
4212,UCL-SM,UCL-SM
17202,SGBJUN31I-GB,SGBJUN31I-GB
28672,DAMCAPITAL-BL,DAMCAPITAL-BL
1073,FOSECOIND-EQ,FOSECOIND-EQ
18693,AVSL-ST,AVSL-ST
28220,711KA35-SG,711KA35-SG
24520,TUNWAL-SM,TUNWAL-SM
10760,VERTIS-BL,VERTIS-BL
15281,ONMOBILE-BL,ONMOBILE-BL
13562,AVONMORE-BL,AVONMORE-BL
755946,791ABCL34-N7,791ABCL34-N7
25100,725AS44-SG,725AS44-SG
12731,SALSTEEL-BL,SALSTEEL-BL
13038,755BR32A-SG,755BR32A-SG
28969,CONSUMER-EQ,CONSUMER-EQ
13487,894SCL27-ZY,894SCL27-ZY
24061,UTFIAIPRRI-MF,UTFIAIPRRI-MF
12846,TTML-BL,TTML-BL
13377,761RJ32-SG,761RJ32-SG
8178,MANYAVAR-BL,MANYAVAR-BL
14317,TTL-BL,TTL-BL
2656,729KA39-SG,729KA39-SG
7839,WEL-BL,WEL-BL
3650,639BR27-SG,639BR27-SG
759556,935PFL26-N0,935PFL26-N0
758145,LOTUSDEV-EQ,LOTUSDEV-EQ
29202,806TFSIL28-N0,806TFSIL28-N0
756810,665GA35-SG,665GA35-SG
758171,724CANF28-N0,724CANF28-N0
12159,TIPSMUSIC-BL,TIPSMUSIC-BL
756064,675MH39-SG,675MH39-SG
17664,SGBFEB28IX-GB,SGBFEB28IX-GB
19438,AHLEAST-EQ,AHLEAST-EQ
21091,STARCEMENT-EQ,STARCEMENT-EQ
12282,CALSOFT-BL,CALSOFT-BL
756103,678KL46-SG,678KL46-SG
17964,CIFC28-NB,CIFC28-NB
759520,MIDWESTLTD-BL,MIDWESTLTD-BL
2317,676GS2061-GS,676GS2061-GS
14855,776KL51-SG,776KL51-SG
15356,GOLDADD-EQ,GOLDADD-EQ
14104,PTL-BL,PTL-BL
23532,745RL34-NN,745RL34-NN
17367,VINATIORGA-BL,VINATIORGA-BL
8835,AVROIND-BE,AVROIND-BE
29058,715AS35-SG,715AS35-SG
6022,ABSLAMC-BL,ABSLAMC-BL
5549,ABMINTLLTD-EQ,ABMINTLLTD-EQ
18561,716GS2050-GS,716GS2050-GS
25049,PREMIERENE-EQ,PREMIERENE-EQ
759285,QSIFHDG-SF,QSIFHDG-SF
759814,SMALL250-EQ,SMALL250-EQ
758834,182D240426-TB,182D240426-TB
25054,VDEAL-SM,VDEAL-SM
20779,1003ISFL28-N4,1003ISFL28-N4
758885,751JK45-SG,751JK45-SG
18922,743TN53A-SG,743TN53A-SG
10876,HDFCSILVER-EQ,HDFCSILVER-EQ
4064,CUBEXTUB-EQ,CUBEXTUB-EQ
15320,747WB43-SG,747WB43-SG
2848,LXCHEM-BL,LXCHEM-BL
21162,695AS30-SG,695AS30-SG
17675,ALOKINDS-EQ,ALOKINDS-EQ
17256,ALBERTDAVD-EQ,ALBERTDAVD-EQ
25763,GROWWDEFNC-BL,GROWWDEFNC-BL
18655,ICICIPRULI-BL,ICICIPRULI-BL
23817,74AP41-SG,74AP41-SG
760095,735AP36-SG,735AP36-SG
14656,774MP43-SG,774MP43-SG
23193,744TN34A-SG,744TN34A-SG
17273,SETFGOLD-BL,SETFGOLD-BL
7325,DCMSRIND-EQ,DCMSRIND-EQ
22099,729UP29-SG,729UP29-SG
30134,PRABHA-EQ,PRABHA-EQ
11767,784TS39-SG,784TS39-SG
20845,716KA30-SG,716KA30-SG
12558,LICHSGFIN-BL,LICHSGFIN-BL
20413,IOLCP-EQ,IOLCP-EQ
16669,BAJAJ-AUTO-EQ,BAJAJ-AUTO-EQ
25837,VINCOFE-BL,VINCOFE-BL
29587,NATCAPSUQ-BL,NATCAPSUQ-BL
18916,743RJ49-SG,743RJ49-SG
2922,685AR31-SG,685AR31-SG
22155,728SK30-SG,728SK30-SG
10191,SHYAMCENT-BL,SHYAMCENT-BL
757711,701BR37-SG,701BR37-SG
29487,NIBE-EQ,NIBE-EQ
11368,905SC24B-Z9,905SC24B-Z9
17105,SUMICHEM-EQ,SUMICHEM-EQ
12046,UTIDQP35P1-MF,UTIDQP35P1-MF
849,642UP30-SG,642UP30-SG
15347,GSS-EQ,GSS-EQ
21950,729MP35-SG,729MP35-SG
14168,759PY41-SG,759PY41-SG
24606,VLINFRA-SM,VLINFRA-SM
23050,740EXIM29-N1,740EXIM29-N1
30251,ISHANCH-BL,ISHANCH-BL
10961,75HP37-SG,75HP37-SG
18514,PRAMARA-SM,PRAMARA-SM
18691,749BR31A-SG,749BR31A-SG
13818,LTFOODS-BL,LTFOODS-BL
23168,835KSFL27-N0,835KSFL27-N0
858,655TR30-SG,655TR30-SG
3530,AXISBPSETF-EQ,AXISBPSETF-EQ
5086,697TN31-SG,697TN31-SG
1712,66ML30A-SG,66ML30A-SG
21317,DYNPRO-BL,DYNPRO-BL
3676,VESUVIUS-EQ,VESUVIUS-EQ
760811,769ICPR35-N0,769ICPR35-N0
24726,UTSSAV-SM,UTSSAV-SM
15404,ATAM-EQ,ATAM-EQ
9750,ETHOSLTD-EQ,ETHOSLTD-EQ
12214,ARVIND-BL,ARVIND-BL
21965,704MP30-SG,704MP30-SG
14766,V2RETAIL-EQ,V2RETAIL-EQ
17167,GLOBALPET-SM,GLOBALPET-SM
12345,763TN47-SG,763TN47-SG
18652,ICICIPRULI-EQ,ICICIPRULI-EQ
758118,JSLL-BL,JSLL-BL
758451,ALLTIME-BL,ALLTIME-BL
5264,PDSL-EQ,PDSL-EQ
756789,711WB47-SG,711WB47-SG
12598,MIRCELECTR-BL,MIRCELECTR-BL
12626,NAVNETEDUL-BL,NAVNETEDUL-BL
19503,TICL-BE,TICL-BE
9087,PIXTRANS-EQ,PIXTRANS-EQ
29069,713TS49-SG,713TS49-SG
14704,965SCL28-AK,965SCL28-AK
29207,STALLION-BL,STALLION-BL
5106,ABSLFTTJRG-MF,ABSLFTTJRG-MF
30107,GOLD360-BL,GOLD360-BL
759259,BMWVENTLTD-BL,BMWVENTLTD-BL
760380,915APSBC35-N0,915APSBC35-N0
10985,SABAR-ST,SABAR-ST
9781,782MN32-SG,782MN32-SG
916,EIDPARRY-EQ,EIDPARRY-EQ
25744,METAL-EQ,METAL-EQ
10966,745SK32-SG,745SK32-SG
20531,BAJEL-EQ,BAJEL-EQ
29947,737NBRD35-N0,737NBRD35-N0
5407,CARTRADE-EQ,CARTRADE-EQ
2313,MURUDCERA-EQ,MURUDCERA-EQ
759298,QSIFHRG-SF,QSIFHRG-SF
10939,JUNIORBEES-EQ,JUNIORBEES-EQ
12167,BBTCL-BL,BBTCL-BL
15207,ARIES-BL,ARIES-BL
21919,642MN30-SG,642MN30-SG
760507,765BR33-SG,765BR33-SG
24677,SATECH-ST,SATECH-ST
3405,TATACHEM-EQ,TATACHEM-EQ
757545,TRAVELFOOD-EQ,TRAVELFOOD-EQ
5948,SOUTHBANK-EQ,SOUTHBANK-EQ
24903,845NOM27A-N0,845NOM27A-N0
760072,743MH40-SG,743MH40-SG
760024,745TS48-SG,745TS48-SG
759396,648GS2035-GS,648GS2035-GS
759605,LENSKART-EQ,LENSKART-EQ
3388,691AP40-SG,691AP40-SG
1075,65GJ30-SG,65GJ30-SG
12293,CESC-BL,CESC-BL
11444,LICNETFSEN-BL,LICNETFSEN-BL
6650,SJS-BL,SJS-BL
7435,HECPROJECT-BL,HECPROJECT-BL
3186,SKFINDIA-EQ,SKFINDIA-EQ
22013,729ML29-SG,729ML29-SG
760101,SKFINDUS-EQ,SKFINDUS-EQ
758844,702BR30A-SG,702BR30A-SG
19523,764KA32-SG,764KA32-SG
757146,747ABCL29-N0,747ABCL29-N0
11447,CMRSL-SM,CMRSL-SM
11884,MANINDS-EQ,MANINDS-EQ
6690,FOODSIN-BL,FOODSIN-BL
2639,DIVOPPBEES-BL,DIVOPPBEES-BL
11606,GUFICBIO-EQ,GUFICBIO-EQ
18212,ORIENTLTD-BL,ORIENTLTD-BL
20203,URJA-EQ,URJA-EQ
760471,758WB42-SG,758WB42-SG
3578,696TN51-SG,696TN51-SG
23996,744TS40-SG,744TS40-SG
19534,BAJAJCON-BL,BAJAJCON-BL
20219,780HR30-SG,780HR30-SG
3672,SOLARA-EQ,SOLARA-EQ
24805,755RECL26-N0,755RECL26-N0
25765,705UK29-SG,705UK29-SG
1213,PRAXIS-BL,PRAXIS-BL
4848,SNOWMAN-BL,SNOWMAN-BL
22867,744RJ34-SG,744RJ34-SG
23571,755PGCI34-N2,755PGCI34-N2
12241,BALRAMCHIN-BL,BALRAMCHIN-BL
495,BLUEDART-EQ,BLUEDART-EQ
757839,9PFL27-N0,9PFL27-N0
760289,729MH35-SG,729MH35-SG
756149,364D020426-TB,364D020426-TB
10892,KORE-ST,KORE-ST
23119,1040NFL26-NA,1040NFL26-NA
3716,705RJ41-SG,705RJ41-SG
867,672HR35-SG,672HR35-SG
21770,ICICIGI-EQ,ICICIGI-EQ
15145,COLPAL-BL,COLPAL-BL
11632,NARMADA-BL,NARMADA-BL
22236,DHUNINV-BL,DHUNINV-BL
30184,716CG33-SG,716CG33-SG
5501,YUKEN-EQ,YUKEN-EQ
20257,ESILVER-EQ,ESILVER-EQ
13098,ARHAM-ST,ARHAM-ST
760584,76AP44A-SG,76AP44A-SG
3324,SUBROS-EQ,SUBROS-EQ
12265,OSWALGREEN-BL,OSWALGREEN-BL
5726,SHREMINVIT-BL,SHREMINVIT-BL
27098,SWANCORP-BL,SWANCORP-BL
15744,727GJ31-SG,727GJ31-SG
22015,720MZ30-SG,720MZ30-SG
30244,BHARATSE-EQ,BHARATSE-EQ
23428,748PN37-SG,748PN37-SG
25816,116VCCL26-N0,116VCCL26-N0
4292,985ECL28-NK,985ECL28-NK
27150,713GA34-SG,713GA34-SG
31141,COMPUSOFT-BL,COMPUSOFT-BL
21932,654MH30-SG,654MH30-SG
18938,745GJ31-SG,745GJ31-SG
13925,NFL-EQ,NFL-EQ
404,BERGEPAINT-EQ,BERGEPAINT-EQ
9581,METROPOLIS-EQ,METROPOLIS-EQ
7047,688KA32-SG,688KA32-SG
756863,679AP36-SG,679AP36-SG
757459,842SCL27-N3,842SCL27-N3
291,69PY29-SG,69PY29-SG
14942,NAGREEKCAP-EQ,NAGREEKCAP-EQ
11936,FUSION-BL,FUSION-BL
24075,735RECL34-NS,735RECL34-NS
12836,DENORA-BL,DENORA-BL
19642,ALPHAETF-BL,ALPHAETF-BL
22195,660TS30-SG,660TS30-SG
29643,779LTFL30-N0,779LTFL30-N0
17133,PARAGMILK-BL,PARAGMILK-BL
739,COROMANDEL-EQ,COROMANDEL-EQ
21865,769GA34-SG,769GA34-SG
12066,CYBERTECH-BL,CYBERTECH-BL
23702,91MOFSL27-N2,91MOFSL27-N2
14523,ICRA-EQ,ICRA-EQ
3499,TATASTEEL-EQ,TATASTEEL-EQ
24837,727JK49-SG,727JK49-SG
22505,763RJ41-SG,763RJ41-SG
22338,661MP35-SG,661MP35-SG
19000,744WB42-SG,744WB42-SG
20995,990SCL26B-Y7,990SCL26B-Y7
2557,723PN31-SG,723PN31-SG
12182,TRIDENT-BL,TRIDENT-BL
28856,865IHFL27-N1,865IHFL27-N1
13967,767NL33A-SG,767NL33A-SG
22032,722AP31A-SG,722AP31A-SG
6407,LAMBODHARA-EQ,LAMBODHARA-EQ
14539,772AS33-SG,772AS33-SG
25237,XTGLOBAL-BL,XTGLOBAL-BL
22811,850NIRMA27-N7,850NIRMA27-N7
22034,727RJ29-SG,727RJ29-SG
15067,BLAL-EQ,BLAL-EQ
13530,GMRAIRPORT-BL,GMRAIRPORT-BL
8480,XELPMOC-BL,XELPMOC-BL
2939,RUBYMILLS-EQ,RUBYMILLS-EQ
19533,766HR35-SG,766HR35-SG
25403,WCIL-EQ,WCIL-EQ
9027,VCL-BE,VCL-BE
14868,FLFL-BZ,FLFL-BZ
22335,648KA30-SG,648KA30-SG
25641,LICMFGOLD-BL,LICMFGOLD-BL
759998,ENIFTY-EQ,ENIFTY-EQ
982,646GJ30-SG,646GJ30-SG
759590,STUDDS-BL,STUDDS-BL
16686,DIGISPICE-BL,DIGISPICE-BL
760405,706TCHE28-N0,706TCHE28-N0
5583,ACUTAAS-BL,ACUTAAS-BL
21167,773BR39-SG,773BR39-SG
15590,HCG-BL,HCG-BL
22113,669TN50-SG,669TN50-SG
758887,182D120326-TB,182D120326-TB
30202,925SCL27A-N1,925SCL27A-N1
2839,MAHICKRA-SM,MAHICKRA-SM
22139,721TR29-SG,721TR29-SG
760341,723TN35-SG,723TN35-SG
3703,VIPIND-EQ,VIPIND-EQ
25099,725AP44-SG,725AP44-SG
12760,SIEMENS-BL,SIEMENS-BL
9049,ROTO-EQ,ROTO-EQ
4306,SHRIRAMFIN-EQ,SHRIRAMFIN-EQ
12747,SHANTIGEAR-BL,SHANTIGEAR-BL
5309,REXPIPES-SM,REXPIPES-SM
19714,LIQUIDSBI-BL,LIQUIDSBI-BL
12432,HEG-BL,HEG-BL
23208,745MH38-SG,745MH38-SG
756825,717TCHFL30-N0,717TCHFL30-N0
25966,716AP47-SG,716AP47-SG
12040,UTIDGR35P1-MF,UTIDGR35P1-MF
11885,786JH34-SG,786JH34-SG
14555,PHOENIXLTD-BL,PHOENIXLTD-BL
758876,773AIFL28-N0,773AIFL28-N0
756769,73064ABH28-N0,73064ABH28-N0
22500,763MH35-SG,763MH35-SG
22340,646RJ30-SG,646RJ30-SG
759322,746RJ38-SG,746RJ38-SG
11199,INDIGO-BL,INDIGO-BL
759300,761ABCL35A-N0,761ABCL35A-N0
8167,MANYAVAR-EQ,MANYAVAR-EQ
12458,ICICIBANK-BL,ICICIBANK-BL
5468,698AS31A-SG,698AS31A-SG
760656,1225IFL28-N0,1225IFL28-N0
20927,758GJ32-SG,758GJ32-SG
757644,IWARE-ST,IWARE-ST
2771,719KA40-SG,719KA40-SG
11184,IDFCFIRSTB-EQ,IDFCFIRSTB-EQ
29551,775CIT38-N0,775CIT38-N0
15146,JYOTHYLAB-EQ,JYOTHYLAB-EQ
20283,IREDA-BL,IREDA-BL
12161,TOKYOPLAST-BL,TOKYOPLAST-BL
25776,715MP43-SG,715MP43-SG
11172,HARSHA-BL,HARSHA-BL
25675,DIFFNKG-BL,DIFFNKG-BL
4176,ZENITHEXPO-EQ,ZENITHEXPO-EQ
179,669TN30-SG,669TN30-SG
12630,NIITLTD-BL,NIITLTD-BL
236,ASIANPAINT-EQ,ASIANPAINT-EQ
1455,BIRLANU-EQ,BIRLANU-EQ
18538,744TS45-SG,744TS45-SG
11045,SATIA-EQ,SATIA-EQ
16802,737NL33A-SG,737NL33A-SG
756709,679TN55-SG,679TN55-SG
7654,SGBDEC26-GB,SGBDEC26-GB
4119,HBSL-BL,HBSL-BL
29936,72UP40-SG,72UP40-SG
20689,852LTF27-NG,852LTF27-NG
17025,MAWANASUG-BL,MAWANASUG-BL
22668,768SIDB27-N2,768SIDB27-N2
17875,GODREJPROP-EQ,GODREJPROP-EQ
12589,FINIETF-BL,FINIETF-BL
7900,727SK32-SG,727SK32-SG
13960,766RJ33-SG,766RJ33-SG
12191,AJANTPHARM-BL,AJANTPHARM-BL
759349,724TFSIL27-N0,724TFSIL27-N0
23087,738HR35-SG,738HR35-SG
2457,CENTRUM-BL,CENTRUM-BL
29126,724KL44-SG,724KL44-SG
24003,738KL55-SG,738KL55-SG
23216,742KL49-SG,742KL49-SG
24187,PIIND-BL,PIIND-BL
16933,INDBANK-EQ,INDBANK-EQ
20317,NRAIL-BL,NRAIL-BL
760133,780HFL27-N0,780HFL27-N0
11877,78TN42-SG,78TN42-SG
757180,930APMD28-N0,930APMD28-N0
17936,BEARDSELL-BL,BEARDSELL-BL
20376,FLAIR-BL,FLAIR-BL
759202,AGSTRA-BZ,AGSTRA-BZ
14880,USK-BL,USK-BL
24474,739IRFC34-N0,739IRFC34-N0
23675,748ML34-SG,748ML34-SG
11589,762GJ29-SG,762GJ29-SG
19940,KILITCH-BL,KILITCH-BL
30088,727NL35-SG,727NL35-SG
1891,661UP31-SG,661UP31-SG
759311,CRAMC-EQ,CRAMC-EQ
2844,RANEHOLDIN-EQ,RANEHOLDIN-EQ
2384,719SK31-SG,719SK31-SG
24101,736HR34-SG,736HR34-SG
29204,STALLION-EQ,STALLION-EQ
13649,BANKADD-BL,BANKADD-BL
23313,957SCL31-Z3,957SCL31-Z3
16049,733UP33-SG,733UP33-SG
25103,725TS46-SG,725TS46-SG
14336,HDFC2638DQ-MF,HDFC2638DQ-MF
760465,895PAPL28-N0,895PAPL28-N0
758843,674MH29-SG,674MH29-SG
16827,KOKUYOCMLN-EQ,KOKUYOCMLN-EQ
12261,BHEL-BL,BHEL-BL
757917,652RL28-N0,652RL28-N0
19278,EFACTOR-ST,EFACTOR-ST
13382,763PY32-SG,763PY32-SG
15264,743AP31-SG,743AP31-SG
758724,757MP43-SG,757MP43-SG
31040,830NHAI27-N2,830NHAI27-N2
758937,774TS51-SG,774TS51-SG
11647,KOTARISUG-EQ,KOTARISUG-EQ
15333,746TS48A-SG,746TS48A-SG
11374,TIPSFILMS-EQ,TIPSFILMS-EQ
25927,DANISH-SM,DANISH-SM
29731,GUJTHEM-EQ,GUJTHEM-EQ
760676,761TS42-SG,761TS42-SG
14395,UTIDPP36P1-MF,UTIDPP36P1-MF
11597,774GA32-SG,774GA32-SG
22523,GILT5BETA-BL,GILT5BETA-BL
1158,649KA30A-SG,649KA30A-SG
757122,364D140526-TB,364D140526-TB
5577,667GS2035-GS,667GS2035-GS
18143,JIOFIN-EQ,JIOFIN-EQ
21494,764AP31-SG,764AP31-SG
30992,862REC33-NA,862REC33-NA
757125,708TML28A-N0,708TML28A-N0
29123,723MH41-SG,723MH41-SG
9829,SAMBHAAV-BE,SAMBHAAV-BE
22856,ALPHA27-N1,ALPHA27-N1
14453,EMBDL-BE,EMBDL-BE
15306,BANG-BL,BANG-BL
17114,743PN48-SG,743PN48-SG
756805,OSWALPUMPS-BL,OSWALPUMPS-BL
2930,685AS31-SG,685AS31-SG
441,IFGLEXPOR-BL,IFGLEXPOR-BL
25721,POLYMED-BL,POLYMED-BL
760587,759CG46-SG,759CG46-SG
760049,115VCCL28-N0,115VCCL28-N0
23864,AWFIS-EQ,AWFIS-EQ
29711,QPOWER-EQ,QPOWER-EQ
30013,732WB38-SG,732WB38-SG
29323,734IRFC28-N4,734IRFC28-N4
16810,LOTUSEYE-BL,LOTUSEYE-BL
5036,70RJ31-SG,70RJ31-SG
28378,IGIL-EQ,IGIL-EQ
11915,YESBANK-EQ,YESBANK-EQ
68,684TS40-SG,684TS40-SG
21877,774BR39-SG,774BR39-SG
29693,716KA36B-SG,716KA36B-SG
19154,INSPIRE-SM,INSPIRE-SM
2443,RAILTEL-BL,RAILTEL-BL
21227,875TCAPS29-NB,875TCAPS29-NB
12336,DRREDDY-BL,DRREDDY-BL
8842,UMAEXPORTS-EQ,UMAEXPORTS-EQ
11630,NTPC-EQ,NTPC-EQ
11618,ASTRAMICRO-EQ,ASTRAMICRO-EQ
29529,GROWWRAIL-BL,GROWWRAIL-BL
22817,SAURASHCEM-BL,SAURASHCEM-BL
11599,LINCOLN-BL,LINCOLN-BL
4928,HINDCON-BL,HINDCON-BL
18139,DOLPHIN-EQ,DOLPHIN-EQ
17659,UNIVPHOTO-EQ,UNIVPHOTO-EQ
87,667RJ30-SG,667RJ30-SG
3076,684GA31-SG,684GA31-SG
22626,748JK54-SG,748JK54-SG
21760,832TFSIL29-N0,832TFSIL29-N0
3626,HEALTHIETF-EQ,HEALTHIETF-EQ
757467,SCL010825-NB,SCL010825-NB
22757,745KA40-SG,745KA40-SG
757020,660TN35-SG,660TN35-SG
14554,774UP37-SG,774UP37-SG
6542,NHIT-BL,NHIT-BL
23590,GLOSTERLTD-EQ,GLOSTERLTD-EQ
757627,688BR35-SG,688BR35-SG
8197,712PN37-SG,712PN37-SG
24139,10IIFLSF27-NB,10IIFLSF27-NB
10529,765BR32-SG,765BR32-SG
22216,717BR30-SG,717BR30-SG
13296,AFSL-BL,AFSL-BL
12270,BLUEDART-BL,BLUEDART-BL
16725,RPGLIFE-EQ,RPGLIFE-EQ
8091,DALBHARAT-BL,DALBHARAT-BL
30474,AONELIQUID-BL,AONELIQUID-BL
369,ROML-BL,ROML-BL
9718,772MN32-SG,772MN32-SG
759880,TENNIND-EQ,TENNIND-EQ
20559,INDIASHLTR-BL,INDIASHLTR-BL
22753,747PY37-SG,747PY37-SG
20849,717HR30-SG,717HR30-SG
10381,798RJ42-SG,798RJ42-SG
18359,SANDUMA-EQ,SANDUMA-EQ
18519,743JK53A-SG,743JK53A-SG
15095,756RJ33-SG,756RJ33-SG
25646,KRN-BL,KRN-BL
20293,TATATECH-EQ,TATATECH-EQ
14586,SRHHYPOLTD-BL,SRHHYPOLTD-BL
12622,NATCOPHARM-BL,NATCOPHARM-BL
760813,748NIIF33-N0,748NIIF33-N0
2606,LEMONTREE-EQ,LEMONTREE-EQ
13875,JINDRILL-EQ,JINDRILL-EQ
7159,689KA33-SG,689KA33-SG
10720,76TN32-SG,76TN32-SG
20162,ASKAUTOLTD-BL,ASKAUTOLTD-BL
12230,SANOFI-BL,SANOFI-BL
22023,655RJ50-SG,655RJ50-SG
8953,ELDEHSG-EQ,ELDEHSG-EQ
19257,CHOLAFIN-D1,CHOLAFIN-D1
12392,GINNIFILA-BL,GINNIFILA-BL
25073,RAYMONDLSL-EQ,RAYMONDLSL-EQ
13426,BHAGERIA-BL,BHAGERIA-BL
12395,GLENMARK-BL,GLENMARK-BL
13270,JKCEMENT-EQ,JKCEMENT-EQ
11536,TCS-EQ,TCS-EQ
8632,LOWVOL1-EQ,LOWVOL1-EQ
28272,710TS46-SG,710TS46-SG
7360,SETFNN50-BL,SETFNN50-BL
14859,GOLD1-BL,GOLD1-BL
11513,785BR32-SG,785BR32-SG
2598,AMJLAND-EQ,AMJLAND-EQ
14958,77AP32-SG,77AP32-SG
14061,SANGHVIMOV-BL,SANGHVIMOV-BL
2119,STOVEKRAFT-BL,STOVEKRAFT-BL
2545,715RJ31-SG,715RJ31-SG
13507,MOXSH-ST,MOXSH-ST
13973,772UP36-SG,772UP36-SG
25361,PGEL-BL,PGEL-BL
7693,71KA32-SG,71KA32-SG
21155,774KA34-SG,774KA34-SG
20154,69KA30-SG,69KA30-SG
21811,SBILIFE-BL,SBILIFE-BL
24398,EMCURE-EQ,EMCURE-EQ
22748,748RJ34-SG,748RJ34-SG
3987,GREENPLY-EQ,GREENPLY-EQ
5245,AAREYDRUGS-EQ,AAREYDRUGS-EQ
18822,ENDURANCE-EQ,ENDURANCE-EQ
22843,11UCL26-NC,11UCL26-NC
3148,SIDDHIKA-SM,SIDDHIKA-SM
5022,SVPGLOB-BL,SVPGLOB-BL
8005,SILVER-BL,SILVER-BL
757017,THELEELA-BL,THELEELA-BL
23607,BALUFORGE-EQ,BALUFORGE-EQ
23558,734GS2064-GS,734GS2064-GS
7772,843SCFL27-YB,843SCFL27-YB
18024,SETUINFRA-BZ,SETUINFRA-BZ
3637,JUBLPHARMA-EQ,JUBLPHARMA-EQ
17576,PVTBANKADD-EQ,PVTBANKADD-EQ
12183,ACC-BL,ACC-BL
18197,FISTIP3WDP-MF,FISTIP3WDP-MF
759370,FLEXIADD-BL,FLEXIADD-BL
17327,736KL38-SG,736KL38-SG
757806,PROFX-SM,PROFX-SM
17067,PATANJALI-BL,PATANJALI-BL
4294,BDR-IT,BDR-IT
757953,EUROBOND-EQ,EUROBOND-EQ
27130,714NHB34-N0,714NHB34-N0
25805,815PHFL27-N0,815PHFL27-N0
758955,SML100CASE-EQ,SML100CASE-EQ
760370,915APSBC30-N0,915APSBC30-N0
24883,781TCHE27-N0,781TCHE27-N0
758922,772TS63-SG,772TS63-SG
20296,SHAH-EQ,SHAH-EQ
22087,703UP30-SG,703UP30-SG
20066,SASTASUNDR-BL,SASTASUNDR-BL
18434,BIGBLOC-BL,BIGBLOC-BL
758191,726MZ40-SG,726MZ40-SG
15780,732AP43-SG,732AP43-SG
740,SBIETFIT-EQ,SBIETFIT-EQ
21752,CAPACITE-BL,CAPACITE-BL
756068,364D240426-TB,364D240426-TB
14332,HDFC2638RQ-MF,HDFC2638RQ-MF
25759,VIKASECO-BL,VIKASECO-BL
23542,746UP39-SG,746UP39-SG
27001,706UK30A-SG,706UK30A-SG
6001,705WB36-SG,705WB36-SG
29535,805PHFL30-N0,805PHFL30-N0
14960,MAGNUM-BL,MAGNUM-BL
8099,CROWN-BL,CROWN-BL
757674,820KSFP36-N0,820KSFP36-N0
22066,73RJ30-SG,73RJ30-SG
7608,CMSINFO-BL,CMSINFO-BL
8797,OBCL-EQ,OBCL-EQ
21154,ERIS-EQ,ERIS-EQ
8311,BLUESTARCO-EQ,BLUESTARCO-EQ
936,DPABHUSHAN-EQ,DPABHUSHAN-EQ
757910,680GJ34-SG,680GJ34-SG
7032,ASIANENE-BL,ASIANENE-BL
23198,747GA34-SG,747GA34-SG
12153,BBTCL-EQ,BBTCL-EQ
760080,0IRFC35-N0,0IRFC35-N0
18221,746MZ39-SG,746MZ39-SG
22059,654RJ30-SG,654RJ30-SG
24393,BANSALWIRE-BL,BANSALWIRE-BL
6866,601GS2028-GS,601GS2028-GS
30564,MHLSDG-SF,MHLSDG-SF
8678,ABSLFTTQRN-MF,ABSLFTTQRN-MF
23634,753AP36-SG,753AP36-SG
3327,SUDARSCHEM-EQ,SUDARSCHEM-EQ
13834,GREENPANEL-BL,GREENPANEL-BL
22091,73UP30-SG,73UP30-SG
22421,677KA33-SG,677KA33-SG
757898,719JCL28-N0,719JCL28-N0
17130,PARAGMILK-EQ,PARAGMILK-EQ
2609,LEMONTREE-BL,LEMONTREE-BL
7385,FOCE-SM,FOCE-SM
14531,769MH31-SG,769MH31-SG
2043,RAMCOCEM-EQ,RAMCOCEM-EQ
13203,ALLETEC-SM,ALLETEC-SM
13812,FEL-BZ,FEL-BZ
20336,SHANKARA-BL,SHANKARA-BL
8313,PRITI-BL,PRITI-BL
7553,NRBBEARING-EQ,NRBBEARING-EQ
28932,98SCL34Z-N1,98SCL34Z-N1
10728,INDIAMART-BL,INDIAMART-BL
20396,772KA35-SG,772KA35-SG
758931,763AS35-SG,763AS35-SG
5174,699UP31A-SG,699UP31A-SG
757602,INFLUX-SM,INFLUX-SM
760204,MARKOLINES-EQ,MARKOLINES-EQ
756096,678MH39-SG,678MH39-SG
14423,LAOPALA-EQ,LAOPALA-EQ
13839,DONEAR-EQ,DONEAR-EQ
4847,KIMS-EQ,KIMS-EQ
10894,DBOL-BL,DBOL-BL
10255,795AP40A-SG,795AP40A-SG
335,BALKRISIND-EQ,BALKRISIND-EQ
2632,IT-BL,IT-BL
21949,652MP35-SG,652MP35-SG
23417,TRUST-SM,TRUST-SM
757885,ANTHEM-EQ,ANTHEM-EQ
3750,672GJ30-SG,672GJ30-SG
926,ORCHPHARMA-EQ,ORCHPHARMA-EQ
20653,655AS30-SG,655AS30-SG
22018,72MZ29-SG,72MZ29-SG
13880,BANCOINDIA-EQ,BANCOINDIA-EQ
16133,KRISHCA-SM,KRISHCA-SM
15372,CIFCZC26A-N3,CIFCZC26A-N3
759959,ARSSBL-BL,ARSSBL-BL
17700,LTGILTBEES-EQ,LTGILTBEES-EQ
12213,ARCHIES-BL,ARCHIES-BL
12057,UTIRFP35P1-MF,UTIRFP35P1-MF
12740,SBIN-BL,SBIN-BL
25408,PELATRO-SM,PELATRO-SM
19285,THEJO-BL,THEJO-BL
23799,GODIGIT-EQ,GODIGIT-EQ
24652,733AP39-SG,733AP39-SG
760264,702PGCIL35-N0,702PGCIL35-N0
12682,PRECOT-BL,PRECOT-BL
9427,SILVERTUC-BL,SILVERTUC-BL
18682,HPL-BL,HPL-BL
3506,TITAN-EQ,TITAN-EQ
20045,940SCL26A-NK,940SCL26A-NK
1923,WEALTH-EQ,WEALTH-EQ
2065,689BR28-SG,689BR28-SG
7812,704TN30-SG,704TN30-SG
11361,915SCL27-Z7,915SCL27-Z7
23061,735PGCIL34-N1,735PGCIL34-N1
27660,704GJ33-SG,704GJ33-SG
5559,70MZ34-SG,70MZ34-SG
11857,89SCL24A-ZM,89SCL24A-ZM
10374,802MZ36-SG,802MZ36-SG
11669,79NHIT47-N3,79NHIT47-N3
23366,SABTNL-BL,SABTNL-BL
22114,655TN30-SG,655TN30-SG
12318,CUMMINSIND-BL,CUMMINSIND-BL
29190,78537ABH30-N0,78537ABH30-N0
4980,675BR27-SG,675BR27-SG
13515,OMKARCHEM-BZ,OMKARCHEM-BZ
5991,705KL36-SG,705KL36-SG
757129,990CCSP27-N0,990CCSP27-N0
609,665ML30-SG,665ML30-SG
30115,SELECTIPO-BL,SELECTIPO-BL
6852,GREENLAM-BL,GREENLAM-BL
11999,FCSSOFT-EQ,FCSSOFT-EQ
6198,FCL-EQ,FCL-EQ
18067,BPF02IQD-MF,BPF02IQD-MF
760003,MOSERVICE-BL,MOSERVICE-BL
2595,3PLAND-EQ,3PLAND-EQ
2188,GENCON-EQ,GENCON-EQ
2768,719KA39-SG,719KA39-SG
5204,GMDCLTD-EQ,GMDCLTD-EQ
13572,MANUGRAPH-EQ,MANUGRAPH-EQ
11084,LIBAS-BL,LIBAS-BL
16808,736AP38-SG,736AP38-SG
756996,680NHB32-N0,680NHB32-N0
22083,710UP30-SG,710UP30-SG
25429,NORTHARC-BL,NORTHARC-BL
29973,80980TCL27-N0,80980TCL27-N0
17463,736TN43-SG,736TN43-SG
13844,MMFL-EQ,MMFL-EQ
8157,MEGASTAR-BL,MEGASTAR-BL
11492,SWASTIK-SM,SWASTIK-SM
12398,GNFC-BL,GNFC-BL
3507,MAFANG-EQ,MAFANG-EQ
13192,ENIL-EQ,ENIL-EQ
23283,965SCL26-YO,965SCL26-YO
3665,683MH32A-SG,683MH32A-SG
757931,613OR28-SG,613OR28-SG
23588,748TS42-SG,748TS42-SG
1442,SANOFI-EQ,SANOFI-EQ
9222,TPLPLASTEH-BL,TPLPLASTEH-BL
11765,782RJ32-SG,782RJ32-SG
4040,EIMCOELECO-EQ,EIMCOELECO-EQ
18794,HIGREEN-SM,HIGREEN-SM
8502,739TN52-SG,739TN52-SG
12312,COSMOFIRST-BL,COSMOFIRST-BL
21997,703NL30-SG,703NL30-SG
16796,735TN33-SG,735TN33-SG
14092,767AS33A-SG,767AS33A-SG
23328,752WB39-SG,752WB39-SG
757457,SNXT30BEES-BL,SNXT30BEES-BL
3329,ISGEC-EQ,ISGEC-EQ
3616,AXISHCETF-BL,AXISHCETF-BL
3594,UNITECH-EQ,UNITECH-EQ
759870,CAPILLARY-BL,CAPILLARY-BL
7858,733KA37-SG,733KA37-SG
17652,749RJ34-SG,749RJ34-SG
758932,769ML35-SG,769ML35-SG
22564,860HFL29-N1,860HFL29-N1
14861,776KL58-SG,776KL58-SG
6479,703MN31-SG,703MN31-SG
756896,ARUNAYA-SM,ARUNAYA-SM
5646,PAR-BL,PAR-BL
24629,MIEL-SM,MIEL-SM
22308,MINDSPACE-RR,MINDSPACE-RR
7130,759GS2029-GS,759GS2029-GS
192,875NHAI29-N6,875NHAI29-N6
30230,971SCL30-N1,971SCL30-N1
12474,IIFL-BL,IIFL-BL
23172,860CIFCL29-NR,860CIFCL29-NR
19100,SILLYMONKS-BL,SILLYMONKS-BL
14757,WINSOME-BZ,WINSOME-BZ
22608,742GJ31-SG,742GJ31-SG
21000,948SCL26B-Y8,948SCL26B-Y8
20570,764AR30-SG,764AR30-SG
28923,SCL271224B-N1,SCL271224B-N1
14153,BTML-BL,BTML-BL
23544,748UP42-SG,748UP42-SG
12757,HONDAPOWER-BL,HONDAPOWER-BL
5474,697KL31-SG,697KL31-SG
3570,UCAL-EQ,UCAL-EQ
8351,708MP29-SG,708MP29-SG
758141,758ABHFL35-N0,758ABHFL35-N0
20899,EFORCE-SM,EFORCE-SM
1267,GUJALKALI-EQ,GUJALKALI-EQ
12792,SUNDRMFAST-BL,SUNDRMFAST-BL
757930,716MH50-SG,716MH50-SG
928,ELECTCAST-EQ,ELECTCAST-EQ
22623,748MP41-SG,748MP41-SG
15062,PSUBANK-BL,PSUBANK-BL
24162,AFIL-BL,AFIL-BL
4491,BOSCH-HCIL-EQ,BOSCH-HCIL-EQ
14786,LOWVOL-EQ,LOWVOL-EQ
758459,MOSILVER-BL,MOSILVER-BL
29127,PCJEWELLER-BL,PCJEWELLER-BL
1866,664AP39-SG,664AP39-SG
3385,69AP39-SG,69AP39-SG
836,575PY26-SG,575PY26-SG
19939,EGOLD-BL,EGOLD-BL
15415,ATAM-BL,ATAM-BL
16682,PTCIL-EQ,PTCIL-EQ
14286,GOLDETF-EQ,GOLDETF-EQ
7227,MAPMYINDIA-EQ,MAPMYINDIA-EQ
42,677WB40-SG,677WB40-SG
29482,MCLOUD-EQ,MCLOUD-EQ
25575,1025SCL34B-N1,1025SCL34B-N1
18911,745RJ44-SG,745RJ44-SG
29474,PROTEAN-BL,PROTEAN-BL
22064,727RJ30-SG,727RJ30-SG
10990,RADICO-EQ,RADICO-EQ
28539,799TFSIL27-N0,799TFSIL27-N0
23967,1003SCL31-ZQ,1003SCL31-ZQ
21904,791KL30-SG,791KL30-SG
20425,NACLIND-EQ,NACLIND-EQ
19496,SECMARK-EQ,SECMARK-EQ
19720,777PN33-SG,777PN33-SG
12713,RELIANCE-BL,RELIANCE-BL
12547,KOTARISUG-BL,KOTARISUG-BL
27292,892CIFL34-N0,892CIFL34-N0
5593,SFMP50DR-MF,SFMP50DR-MF
9872,804AP42-SG,804AP42-SG
513,BOMDYEING-EQ,BOMDYEING-EQ
18659,MARATHON-EQ,MARATHON-EQ
19177,749TS44-SG,749TS44-SG
13896,77HP36-SG,77HP36-SG
23637,752RJ37-SG,752RJ37-SG
3066,SESHAPAPER-EQ,SESHAPAPER-EQ
10269,791TS43-SG,791TS43-SG
27664,710TN34-SG,710TN34-SG
758212,799HFL27-N0,799HFL27-N0
7390,SUPRIYA-EQ,SUPRIYA-EQ
15179,ECLERX-EQ,ECLERX-EQ
15051,MOS-SM,MOS-SM
756872,ENRIN-BL,ENRIN-BL
1485,IFBIND-EQ,IFBIND-EQ
6274,SELMC-BE,SELMC-BE
18917,PNBHOUSING-BL,PNBHOUSING-BL
12114,MUKTAARTS-BL,MUKTAARTS-BL
755949,79ABCL28-NA,79ABCL28-NA
21424,MOM100-BL,MOM100-BL
22923,1048IIFL27-N6,1048IIFL27-N6
14454,EMBDL-BL,EMBDL-BL
22074,714RJ30-SG,714RJ30-SG
22449,645ML30-SG,645ML30-SG
13086,AIAENG-EQ,AIAENG-EQ
14480,GOKULAGRO-EQ,GOKULAGRO-EQ
11285,764MH32-SG,764MH32-SG
11685,LALPATHLAB-BL,LALPATHLAB-BL
100,ARE&M-EQ,ARE&M-EQ
760580,765RJ40-SG,765RJ40-SG
3166,SFMP42GR-MF,SFMP42GR-MF
760446,756HP40A-SG,756HP40A-SG
20476,774AS33A-SG,774AS33A-SG
20278,750AS30-SG,750AS30-SG
8499,746WB40-SG,746WB40-SG
14986,CENTUM-BL,CENTUM-BL
5049,CLEAN-EQ,CLEAN-EQ
14305,OSWALSEEDS-EQ,OSWALSEEDS-EQ
9104,SOMATEX-BE,SOMATEX-BE
21930,609KA28-SG,609KA28-SG
12806,SUZLON-BL,SUZLON-BL
1432,668AP35A-SG,668AP35A-SG
25178,TDPOWERSYS-EQ,TDPOWERSYS-EQ
25874,GROWWGOLD-BL,GROWWGOLD-BL
20828,HUDCO-BL,HUDCO-BL
757738,715MH46-SG,715MH46-SG
18857,579GS2030-GS,579GS2030-GS
2173,RAJMET-BL,RAJMET-BL
29521,718TS47-SG,718TS47-SG
757817,MOMIDMTM-EQ,MOMIDMTM-EQ
3266,689TS51-SG,689TS51-SG
7679,MONARCH-EQ,MONARCH-EQ
30075,723UK32-SG,723UK32-SG
17537,MGL-BL,MGL-BL
13846,CLCIND-BE,CLCIND-BE
13654,ALICON-BL,ALICON-BL
14748,ADVANIHOTR-BL,ADVANIHOTR-BL
11165,COFFEEDAY-EQ,COFFEEDAY-EQ
21995,80NL30-SG,80NL30-SG
21683,BRNL-EQ,BRNL-EQ
22025,708PY26-SG,708PY26-SG
9168,SNXT50BETA-EQ,SNXT50BETA-EQ
22265,64KA30-SG,64KA30-SG
10218,792AP42-SG,792AP42-SG
25312,PNGJL-EQ,PNGJL-EQ
21194,855TCAPS27-N7,855TCAPS27-N7
11029,INFOBEAN-BL,INFOBEAN-BL
19755,SHANTHALA-ST,SHANTHALA-ST
7305,702KA33-SG,702KA33-SG
10638,777RJ32-SG,777RJ32-SG
8689,734UK32-SG,734UK32-SG
10859,DREAMFOLKS-EQ,DREAMFOLKS-EQ
757387,684AP38-SG,684AP38-SG
14560,AROGRANITE-BL,AROGRANITE-BL
27115,713TS39-SG,713TS39-SG
186,850NHAI29-N5,850NHAI29-N5
13510,AKASH-EQ,AKASH-EQ
760216,LGEINDIA-BL,LGEINDIA-BL
21269,772TN34-SG,772TN34-SG
9428,SKIPPER-EQ,SKIPPER-EQ
758845,718MH33-SG,718MH33-SG
22171,729UK29-SG,729UK29-SG
31840,SREEL-BL,SREEL-BL
14273,766UP33A-SG,766UP33A-SG
16870,81TCHF28-N8,81TCHF28-N8
15164,HITECHCORP-BL,HITECHCORP-BL
23679,743AP42A-SG,743AP42A-SG
7986,1060ECL29-NS,1060ECL29-NS
22127,725TN27-SG,725TN27-SG
637,CHAMBLFERT-EQ,CHAMBLFERT-EQ
14618,CHEMBOND-EQ,CHEMBOND-EQ
13275,INDOTECH-EQ,INDOTECH-EQ
23643,747KL50-SG,747KL50-SG
758187,722MP48-SG,722MP48-SG
9451,778AP42-SG,778AP42-SG
20572,635AP27-SG,635AP27-SG
757178,930APMD27-N0,930APMD27-N0
27151,708KL31-SG,708KL31-SG
12258,BHARATGEAR-BL,BHARATGEAR-BL
760021,746TS42A-SG,746TS42A-SG
15204,ARIES-EQ,ARIES-EQ
756017,CIFL-BL,CIFL-BL
18402,747UK33-SG,747UK33-SG
28371,714NPC39-N0,714NPC39-N0
14804,ABSLFTUJRN-MF,ABSLFTUJRN-MF
29063,715BR40-SG,715BR40-SG
12041,UTIDMP35P1-MF,UTIDMP35P1-MF
338,BALMLAWRIE-EQ,BALMLAWRIE-EQ
21478,NEXT50BETA-EQ,NEXT50BETA-EQ
7945,AVANTIFEED-BL,AVANTIFEED-BL
19892,774AS33-SG,774AS33-SG
17507,INCREDIBLE-EQ,INCREDIBLE-EQ
760757,758TS48-SG,758TS48-SG
17952,CIFC26A-N9,CIFC26A-N9
846,64GJ30A-SG,64GJ30A-SG
9696,767AP31-SG,767AP31-SG
757727,LIQGRWBEES-BL,LIQGRWBEES-BL
10220,ADANIENSOL-BL,ADANIENSOL-BL
24951,LTF-BL,LTF-BL
18161,BPF02RMD-MF,BPF02RMD-MF
22311,MINDSPACE-BL,MINDSPACE-BL
12605,MOTHERSON-BL,MOTHERSON-BL
13117,757HP32-SG,757HP32-SG
22213,718UP30-SG,718UP30-SG
760433,KSHINTL-EQ,KSHINTL-EQ
755925,684TS56-SG,684TS56-SG
9541,SAKAR-BL,SAKAR-BL
22104,775TN30-SG,775TN30-SG
13675,NRL-EQ,NRL-EQ
12492,IOC-BL,IOC-BL
21141,695HP29-SG,695HP29-SG
30487,717IRFC35-N0,717IRFC35-N0
13702,VISHWARAJ-EQ,VISHWARAJ-EQ
21948,658MP35-SG,658MP35-SG
759836,712TACA28-N0,712TACA28-N0
18520,CUPID-EQ,CUPID-EQ
17882,ORIANA-SM,ORIANA-SM
24143,1050IIFL29-ND,1050IIFL29-ND
1489,REPL-BL,REPL-BL
16289,736ML32-SG,736ML32-SG
10557,NAVKARCORP-EQ,NAVKARCORP-EQ
30194,820CANF27-N0,820CANF27-N0
31475,ORBTEXP-EQ,ORBTEXP-EQ
21863,767RJ34-SG,767RJ34-SG
12966,SARVESHWAR-BL,SARVESHWAR-BL
25703,712ML34-SG,712ML34-SG
10343,RADHIKAJWE-EQ,RADHIKAJWE-EQ
17183,NEXT50-BL,NEXT50-BL
14224,IMC1-N2,IMC1-N2
15348,SADHNANIQ-BL,SADHNANIQ-BL
12832,TIL-BL,TIL-BL
1206,ESG-BL,ESG-BL
30077,723TS49-SG,723TS49-SG
22371,669TS50-SG,669TS50-SG
25664,FORGEAUTO-SM,FORGEAUTO-SM
29665,PSRAJ-ST,PSRAJ-ST
5567,70AP39A-SG,70AP39A-SG
18721,NUVAMA-EQ,NUVAMA-EQ
9381,IL&FSTRANS-BZ,IL&FSTRANS-BZ
4993,694MH31-SG,694MH31-SG
1939,662GA31-SG,662GA31-SG
24197,734WB42-SG,734WB42-SG
11779,ACEINTEG-EQ,ACEINTEG-EQ
1162,GTL-EQ,GTL-EQ
8937,E2E-EQ,E2E-EQ
23678,743TS41A-SG,743TS41A-SG
16981,745PN34-SG,745PN34-SG
758578,695OR31-SG,695OR31-SG
757397,694KL62-SG,694KL62-SG
759448,SHREEJISPG-EQ,SHREEJISPG-EQ
760678,761HR43-SG,761HR43-SG
23339,754KL55-SG,754KL55-SG
20864,697KA28-SG,697KA28-SG
14490,NCLIND-EQ,NCLIND-EQ
14172,SHERA-SM,SHERA-SM
25218,723MZ38-SG,723MZ38-SG
9437,763MH30-SG,763MH30-SG
10479,797HR42-SG,797HR42-SG
25108,725ML34-SG,725ML34-SG
18144,JIOFIN-BL,JIOFIN-BL
22927,AAFS34-N2,AAFS34-N2
757036,671MN40-SG,671MN40-SG
1808,KAJARIACER-EQ,KAJARIACER-EQ
12154,SOMANYCERA-BL,SOMANYCERA-BL
12587,MARUTI-BL,MARUTI-BL
18093,BPF02IQR-MF,BPF02IQR-MF
17668,745AP40A-SG,745AP40A-SG
13314,KEI-BL,KEI-BL
6947,GANECOS-BL,GANECOS-BL
758167,658IRFC30-N0,658IRFC30-N0
5895,699WB36A-SG,699WB36A-SG
12138,REGENCERAM-BL,REGENCERAM-BL
522,ICICIB22-EQ,ICICIB22-EQ
18026,SBFC-EQ,SBFC-EQ
12236,BAJFINANCE-BL,BAJFINANCE-BL
760740,AMAGI-EQ,AMAGI-EQ
759470,875PFL27-N0,875PFL27-N0
27819,698GR2054-GS,698GR2054-GS
1246,664AS30-SG,664AS30-SG
25965,716RJ45-SG,716RJ45-SG
22179,658JK30-SG,658JK30-SG
2578,722KA38A-SG,722KA38A-SG
13198,COMMOIETF-EQ,COMMOIETF-EQ
1630,IONEXCHANG-EQ,IONEXCHANG-EQ
23586,749KL39-SG,749KL39-SG
14181,NSLNISP-BL,NSLNISP-BL
17259,ALBERTDAVD-BL,ALBERTDAVD-BL
12346,ELECTCAST-BL,ELECTCAST-BL
18537,746TS42-SG,746TS42-SG
19878,ESAFSFB-EQ,ESAFSFB-EQ
23125,1119NFL27-ND,1119NFL27-ND
20546,715GA30-SG,715GA30-SG
1888,664SK31-SG,664SK31-SG
5633,J&KBANK-EQ,J&KBANK-EQ
12571,MADRASFERT-BL,MADRASFERT-BL
12063,CREATIVEYE-BL,CREATIVEYE-BL
7200,SHRIRAMPPS-EQ,SHRIRAMPPS-EQ
19588,BSE-BL,BSE-BL
23285,888SCL26-YP,888SCL26-YP
13616,GOLDKART-SM,GOLDKART-SM
24564,736GA34-SG,736GA34-SG
755857,687TS55-SG,687TS55-SG
15234,AMBIKCO-EQ,AMBIKCO-EQ
25213,722TS38-SG,722TS38-SG
5160,9PCHFL31A-NA,9PCHFL31A-NA
18080,75BR31-SG,75BR31-SG
13359,KFINTECH-EQ,KFINTECH-EQ
14971,710GR2028-GS,710GR2028-GS
22649,PARKHOTELS-EQ,PARKHOTELS-EQ
25298,AEL120924B-N8,AEL120924B-N8
23105,736TN54-SG,736TN54-SG
20221,77UP35-SG,77UP35-SG
12854,ULTRACEMCO-BL,ULTRACEMCO-BL
758920,772TS57-SG,772TS57-SG
760020,751JK40-SG,751JK40-SG
8507,MID150BEES-BL,MID150BEES-BL
25677,DIVYADHAN-SM,DIVYADHAN-SM
758208,FLYSBS-SM,FLYSBS-SM
758909,AMANTA-EQ,AMANTA-EQ
758880,770AIFL26-N0,770AIFL26-N0
7318,707TN38-SG,707TN38-SG
4522,SIGIND-EQ,SIGIND-EQ
759992,AONETMMQ50-EQ,AONETMMQ50-EQ
12707,RANEHOLDIN-BL,RANEHOLDIN-BL
25532,925SCL26E-N1,925SCL26E-N1
5477,GRSE-BL,GRSE-BL
30437,708AP37-SG,708AP37-SG
3382,692HR36-SG,692HR36-SG
20687,905LTF27-NF,905LTF27-NF
22683,NDRINVIT-BL,NDRINVIT-BL
9826,803AP35-SG,803AP35-SG
10330,778ML31-SG,778ML31-SG
759484,84AIL28-N0,84AIL28-N0
23997,743RJ34-SG,743RJ34-SG
756327,NPST-BL,NPST-BL
757024,ACCPL-ST,ACCPL-ST
20624,PENIND-BL,PENIND-BL
25597,MANBA-EQ,MANBA-EQ
3514,694AP38-SG,694AP38-SG
29484,MCLOUD-BL,MCLOUD-BL
28479,710RECL35-N0,710RECL35-N0
24596,RELTD-EQ,RELTD-EQ
20621,PENIND-EQ,PENIND-EQ
29457,790CANF30-N0,790CANF30-N0
24565,736RJ34-SG,736RJ34-SG
20367,758GJ26-SG,758GJ26-SG
11943,MCLEODRUSS-EQ,MCLEODRUSS-EQ
756022,TINNARUBR-BL,TINNARUBR-BL
4626,AILIMITED-SM,AILIMITED-SM
3453,TECILCHEM-EQ,TECILCHEM-EQ
13237,767WB37-SG,767WB37-SG
22730,VSTL-EQ,VSTL-EQ
11231,SHK-BL,SHK-BL
758849,748GA36-SG,748GA36-SG
757388,684AP39-SG,684AP39-SG
1950,66KA37-SG,66KA37-SG
755984,852MFL28-N0,852MFL28-N0
12577,MAHSEAMLES-BL,MAHSEAMLES-BL
4391,GULFOILLUB-EQ,GULFOILLUB-EQ
19727,776MP37-SG,776MP37-SG
11640,BOHRAIND-EQ,BOHRAIND-EQ
758702,ARFIN-BL,ARFIN-BL
5370,WINDLAS-BL,WINDLAS-BL
23074,SHREEKARNI-SM,SHREEKARNI-SM
270,CHEMCON-EQ,CHEMCON-EQ
23321,980SCL34-Z7,980SCL34-Z7
10725,INFRAIETF-BL,INFRAIETF-BL
760665,754CG36-SG,754CG36-SG
6858,DHRUV-EQ,DHRUV-EQ
760510,754RJ35-SG,754RJ35-SG
12574,VTL-BL,VTL-BL
760633,753TN37-SG,753TN37-SG
24886,724HR36-SG,724HR36-SG
14896,AKI-BL,AKI-BL
10491,AGNI-SM,AGNI-SM
22157,711CG30-SG,711CG30-SG
19126,KIOCL-EQ,KIOCL-EQ
3656,684KL33-SG,684KL33-SG
758848,752BR36-SG,752BR36-SG
18320,745BR31-SG,745BR31-SG
2263,BANDHANBNK-EQ,BANDHANBNK-EQ
8684,729RJ32-SG,729RJ32-SG
760479,69RJ29-SG,69RJ29-SG
758670,ARCIIL-SM,ARCIIL-SM
834,SGBOC28VII-GB,SGBOC28VII-GB
10293,KCK-SM,KCK-SM
12142,SAKSOFT-BL,SAKSOFT-BL
30039,734UCL28-N0,734UCL28-N0
9641,KHANDSE-EQ,KHANDSE-EQ
11594,HDFCSENSEX-BL,HDFCSENSEX-BL
12146,SHREERAMA-BL,SHREERAMA-BL
28823,714PY35-SG,714PY35-SG
19401,BOROLTD-EQ,BOROLTD-EQ
20448,724GR2033-GS,724GR2033-GS
23584,749TN34-SG,749TN34-SG
7339,ABSLNN50ET-EQ,ABSLNN50ET-EQ
19611,773MN35-SG,773MN35-SG
18442,BASILIC-SM,BASILIC-SM
759731,EMMVEE-BL,EMMVEE-BL
17197,PAKKA-EQ,PAKKA-EQ
21,664UP30-SG,664UP30-SG
13436,LOKESHMACH-EQ,LOKESHMACH-EQ
11919,MSPL-EQ,MSPL-EQ
6485,708AP35-SG,708AP35-SG
8358,735PY33-SG,735PY33-SG
12085,SHREDIGCEM-BL,SHREDIGCEM-BL
12111,MOREPENLAB-BL,MOREPENLAB-BL
24587,975SCL29-N0,975SCL29-N0
5473,698UP31-SG,698UP31-SG
12729,SAKHTISUG-BL,SAKHTISUG-BL
23192,747CG33-SG,747CG33-SG
15362,VGUARD-EQ,VGUARD-EQ
24000,745NL34-SG,745NL34-SG
9575,AKSHAR-BL,AKSHAR-BL
755954,803ABCL33-NF,803ABCL33-NF
757983,601GS2030-GS,601GS2030-GS
27037,TBZ-EQ,TBZ-EQ
13619,764GA38-SG,764GA38-SG
4660,SBCL-BL,SBCL-BL
1074,655GA30-SG,655GA30-SG
758993,ABCL020925-N0,ABCL020925-N0
760206,MARKOLINES-BL,MARKOLINES-BL
28831,717WB42-SG,717WB42-SG
21650,66GJ29-SG,66GJ29-SG
8890,VERANDA-EQ,VERANDA-EQ
25964,717PN44-SG,717PN44-SG
12061,AUSOMENT-BL,AUSOMENT-BL
28791,74PFCL30-N0,74PFCL30-N0
758192,724KL41-SG,724KL41-SG
757587,MAYASHEEL-SM,MAYASHEEL-SM
29167,723BOB35-N0,723BOB35-N0
15052,ENERGYDEV-BL,ENERGYDEV-BL
18487,970CAGL28-ND,970CAGL28-ND
757737,715MH45-SG,715MH45-SG
11040,DCMNVL-BL,DCMNVL-BL
5998,709TS40-SG,709TS40-SG
17088,MAGSON-SM,MAGSON-SM
12671,PGHH-BL,PGHH-BL
852,642GA30-SG,642GA30-SG
3906,CAPLIPOINT-EQ,CAPLIPOINT-EQ
1991,863IRFC29-NC,863IRFC29-NC
757343,738CIFL27-N0,738CIFL27-N0
24421,738JK49-SG,738JK49-SG
12383,GENUSPOWER-BL,GENUSPOWER-BL
5313,UGROCAP-EQ,UGROCAP-EQ
13613,IRCTC-BL,IRCTC-BL
10829,MOVALUE-BL,MOVALUE-BL
22031,722AP28-SG,722AP28-SG
4612,692HR36A-SG,692HR36A-SG
23764,PRLIND-SM,PRLIND-SM
20965,793KA31-SG,793KA31-SG
8596,MSUMI-EQ,MSUMI-EQ
12409,GRASIM-BL,GRASIM-BL
759838,73TACA30-N0,73TACA30-N0
759740,725MH37-SG,725MH37-SG
23952,1015SCL29-ZL,1015SCL29-ZL
23581,75TN31-SG,75TN31-SG
14737,HFMPM23RND-MF,HFMPM23RND-MF
759305,658TN29-SG,658TN29-SG
757928,712MH47-SG,712MH47-SG
22488,ITBETA-EQ,ITBETA-EQ
22084,793UP30-SG,793UP30-SG
13110,NAHARINDUS-BL,NAHARINDUS-BL
7999,GRWRHITECH-BL,GRWRHITECH-BL
757426,642JK31A-SG,642JK31A-SG
7965,MALLCOM-EQ,MALLCOM-EQ
758434,KRT-BL,KRT-BL
8576,727ML32-SG,727ML32-SG
21399,GANGESSECU-EQ,GANGESSECU-EQ
759550,725GA36-SG,725GA36-SG
2016,661RJ31A-SG,661RJ31A-SG
708,SHRADHA-EQ,SHRADHA-EQ
17366,UTKARSHBNK-BL,UTKARSHBNK-BL
7207,SHRIRAMPPS-BL,SHRIRAMPPS-BL
756099,677PN43-SG,677PN43-SG
27031,875BTL29-N0,875BTL29-N0
759557,95PFL34-N0,95PFL34-N0
760583,759MP44-SG,759MP44-SG
3099,SHREDIGCEM-EQ,SHREDIGCEM-EQ
19653,KALYANI-BE,KALYANI-BE
12517,JSWHL-BL,JSWHL-BL
3322,MODISONLTD-BL,MODISONLTD-BL
1739,665AP36-SG,665AP36-SG
17735,BAFNAPH-BE,BAFNAPH-BE
21828,TEXRAIL-EQ,TEXRAIL-EQ
760955,ATLPP-BL,ATLPP-BL
15759,735AP39-SG,735AP39-SG
760758,760BR50-SG,760BR50-SG
24514,74CB34-N0,74CB34-N0
22740,MON100-BL,MON100-BL
29932,719MH40-SG,719MH40-SG
25491,707MH32-SG,707MH32-SG
6211,699HR31-SG,699HR31-SG
24265,ESTER-EQ,ESTER-EQ
3079,698PY33-SG,698PY33-SG
7295,697AS31A-SG,697AS31A-SG
759215,1075WCA28-N0,1075WCA28-N0
760325,GOLDBND-EQ,GOLDBND-EQ
445,5PAISA-EQ,5PAISA-EQ
23988,909MFL29-NP,909MFL29-NP
14329,SMSPHARMA-EQ,SMSPHARMA-EQ
12245,BANKINDIA-BL,BANKINDIA-BL
18032,MBLINFRA-BL,MBLINFRA-BL
13455,RATNAMANI-BL,RATNAMANI-BL
18413,74AP43-SG,74AP43-SG
22262,644UP30-SG,644UP30-SG
6293,GULPOLY-BL,GULPOLY-BL
30446,71RJ43-SG,71RJ43-SG
9256,NILAINFRA-BL,NILAINFRA-BL
18946,747HR33A-SG,747HR33A-SG
29467,79742SIC30-N0,79742SIC30-N0
9384,CREATIVEYE-EQ,CREATIVEYE-EQ
20134,RAMKY-EQ,RAMKY-EQ
15940,HINDWAREAP-BL,HINDWAREAP-BL
23582,75AP32-SG,75AP32-SG
28924,965SCL29S-N1,965SCL29S-N1
27165,CINELINE-BL,CINELINE-BL
21277,778PY36-SG,778PY36-SG
24647,727MH34-SG,727MH34-SG
755942,ABCL26-N3,ABCL26-N3
2725,BUTTERFLY-BL,BUTTERFLY-BL
19603,PRAKASHSTL-BE,PRAKASHSTL-BE
9952,785RJ39-SG,785RJ39-SG
9975,829PFL29-N6,829PFL29-N6
6883,833GS2036-GS,833GS2036-GS
13095,EKC-BL,EKC-BL
22820,759IREDA34-N0,759IREDA34-N0
6361,708WB41-SG,708WB41-SG
759558,91PFL35-N0,91PFL35-N0
27097,NIVABUPA-EQ,NIVABUPA-EQ
760778,91D230426-TB,91D230426-TB
20354,775RJ35-SG,775RJ35-SG
1375,HCC-EQ,HCC-EQ
23758,742AP46-SG,742AP46-SG
24650,734HR36-SG,734HR36-SG
12485,INDUSINDBK-BL,INDUSINDBK-BL
23658,859CIFCL29-NT,859CIFCL29-NT
3484,TIL-EQ,TIL-EQ
9562,RVNL-BL,RVNL-BL
21913,684KL30-SG,684KL30-SG
12827,TEXINFRA-BL,TEXINFRA-BL
10060,SFMP6GR-MF,SFMP6GR-MF
24289,DPEL-ST,DPEL-ST
19047,105IIFL29-N7,105IIFL29-N7
15081,CUBEINVIT-BL,CUBEINVIT-BL
7218,SBIETFQLTY-EQ,SBIETFQLTY-EQ
2380,708CG29-SG,708CG29-SG
756179,765TML28-N0,765TML28-N0
6988,683KA31-SG,683KA31-SG
3172,GILT5YBEES-EQ,GILT5YBEES-EQ
16154,REMUS-SM,REMUS-SM
1581,TARC-EQ,TARC-EQ
21939,698MH28-SG,698MH28-SG
15555,HCG-EQ,HCG-EQ
759387,727AP36-SG,727AP36-SG
25608,INDOTHAI-EQ,INDOTHAI-EQ
7412,ALPHA-EQ,ALPHA-EQ
7627,SHREERAMA-EQ,SHREERAMA-EQ
25088,ASAHISONG-EQ,ASAHISONG-EQ
24843,728TS38-SG,728TS38-SG
20109,718BR30-SG,718BR30-SG
9916,786AS32-SG,786AS32-SG
28975,93HFL34-N0,93HFL34-N0
21197,865TCAPS27-N8,865TCAPS27-N8
25060,ECOSMOBLTY-EQ,ECOSMOBLTY-EQ
30069,709TN30A-SG,709TN30A-SG
11195,INDIGO-EQ,INDIGO-EQ
2716,BUTTERFLY-EQ,BUTTERFLY-EQ
17477,CONTROLPR-EQ,CONTROLPR-EQ
1860,666JH34-SG,666JH34-SG
759444,1215DHPL27-N0,1215DHPL27-N0
5335,702UP31-SG,702UP31-SG
13051,753TS47-SG,753TS47-SG
12470,INDHOTEL-BL,INDHOTEL-BL
930,ORCHPHARMA-BL,ORCHPHARMA-BL
759381,MONEYBOXX-EQ,MONEYBOXX-EQ
25091,ASAHISONG-BL,ASAHISONG-BL
760716,HALDER-BL,HALDER-BL
8882,TNIDETF-EQ,TNIDETF-EQ
757144,EQUAL50-BL,EQUAL50-BL
7142,761GS2030-GS,761GS2030-GS
48,HAPPSTMNDS-EQ,HAPPSTMNDS-EQ
30174,692JH28-SG,692JH28-SG
30452,707TS52-SG,707TS52-SG
22173,654WB35-SG,654WB35-SG
29466,NEXT30ADD-BL,NEXT30ADD-BL
760257,CORONA-BL,CORONA-BL
6441,KOTYARK-SM,KOTYARK-SM
30413,687GJ28A-SG,687GJ28A-SG
759017,76RCFL29-N0,76RCFL29-N0
57,HAPPSTMNDS-BL,HAPPSTMNDS-BL
17475,NV20IETF-EQ,NV20IETF-EQ
13911,76KL45-SG,76KL45-SG
7413,MANAKCOAT-EQ,MANAKCOAT-EQ
20398,771AP37A-SG,771AP37A-SG
18485,CAGL27-NC,CAGL27-NC
8944,RITCO-EQ,RITCO-EQ
2762,719WB36-SG,719WB36-SG
10393,801WB41-SG,801WB41-SG
7376,HPAL-EQ,HPAL-EQ
12321,763TS43-SG,763TS43-SG
24056,738HR34-SG,738HR34-SG
22030,722AP30-SG,722AP30-SG
19138,DIGIKORE-SM,DIGIKORE-SM
758654,803TIL30-N0,803TIL30-N0
19874,LGHL-BL,LGHL-BL
21321,SEITINVIT-IV,SEITINVIT-IV
13241,758HR30-SG,758HR30-SG
16929,736JK35-SG,736JK35-SG
24735,RPEL-EQ,RPEL-EQ
1000,656MH32-SG,656MH32-SG
21231,815LTF27-NO,815LTF27-NO
1235,GREAVESCOT-EQ,GREAVESCOT-EQ
24870,INVENTURE-EQ,INVENTURE-EQ
757873,AEL170725-ND,AEL170725-ND
29464,NEXT30ADD-EQ,NEXT30ADD-EQ
758941,CPEDU-EQ,CPEDU-EQ
758730,182D270226-TB,182D270226-TB
14504,BALAMINES-BL,BALAMINES-BL
3082,682JH34-SG,682JH34-SG
16943,ASHOKAMET-EQ,ASHOKAMET-EQ
29927,72KA37-SG,72KA37-SG
1522,652KA30-SG,652KA30-SG
18098,745TS47-SG,745TS47-SG
30443,708KL40-SG,708KL40-SG
14157,UNOMINDA-BL,UNOMINDA-BL
25693,DSSL-BL,DSSL-BL
13116,QUICKHEAL-EQ,QUICKHEAL-EQ
21113,BFINVEST-EQ,BFINVEST-EQ
7304,696KA31A-SG,696KA31A-SG
21983,689MP35-SG,689MP35-SG
8614,INDOBORAX-EQ,INDOBORAX-EQ
20825,HUDCO-EQ,HUDCO-EQ
759193,747WB44-SG,747WB44-SG
16928,739TN33A-SG,739TN33A-SG
22385,SGBAUG28V-GB,SGBAUG28V-GB
17758,SARDAEN-EQ,SARDAEN-EQ
25123,730PFCL34-N0,730PFCL34-N0
27187,714AP34A-SG,714AP34A-SG
21903,673KL28-SG,673KL28-SG
760681,765BR51-SG,765BR51-SG
759932,SOLARWORLD-BL,SOLARWORLD-BL
10610,USASEEDS-SM,USASEEDS-SM
29512,716AP40-SG,716AP40-SG
757365,760GFL30-N0,760GFL30-N0
18173,BPF01QDR-MF,BPF01QDR-MF
12042,AARTIDRUGS-BL,AARTIDRUGS-BL
12435,HERITGFOOD-BL,HERITGFOOD-BL
20416,IOLCP-BL,IOLCP-BL
21719,67PN30-SG,67PN30-SG
758846,724MH34-SG,724MH34-SG
2270,BANDHANBNK-BL,BANDHANBNK-BL
760659,ADVAIT-BL,ADVAIT-BL
11769,783PN42-SG,783PN42-SG
17927,BAYERCROP-EQ,BAYERCROP-EQ
4866,691RJ31-SG,691RJ31-SG
2650,DRCSYSTEMS-BL,DRCSYSTEMS-BL
6248,PREMIER-BE,PREMIER-BE
14541,DISHTV-BL,DISHTV-BL
757754,PICCADIL-EQ,PICCADIL-EQ
16629,VAISHALI-BL,VAISHALI-BL
756921,686NHPCL39-N0,686NHPCL39-N0
27284,ABHAPOWER-SM,ABHAPOWER-SM
14411,SRIVASAVI-SM,SRIVASAVI-SM
759563,920PFL28-N2,920PFL28-N2
21644,724AP33-SG,724AP33-SG
16165,BHARATWIRE-BL,BHARATWIRE-BL
10444,OSEINTRUST-BL,OSEINTRUST-BL
30214,965SCL27-N1,965SCL27-N1
760671,7EHPP46-N0,7EHPP46-N0
5987,693KA32-SG,693KA32-SG
21973,717MP35-SG,717MP35-SG
14720,990SCL26D-AH,990SCL26D-AH
19469,SCML-SM,SCML-SM
13642,SGBDE30III-GB,SGBDE30III-GB
19801,TRANSTEEL-SM,TRANSTEEL-SM
25727,RUPA-BL,RUPA-BL
24058,UTFIAIPRPI-MF,UTFIAIPRPI-MF
8836,AVROIND-BL,AVROIND-BL
21173,KCEIL-SM,KCEIL-SM
20086,CPCAP-EQ,CPCAP-EQ
14159,77HR31-SG,77HR31-SG
29921,72SK35-SG,72SK35-SG
10348,DGCONTENT-BL,DGCONTENT-BL
14405,RAJTV-BL,RAJTV-BL
12883,VLSFINANCE-BL,VLSFINANCE-BL
759895,910HFL36-N0,910HFL36-N0
7816,731KA35-SG,731KA35-SG
760773,751UK35-SG,751UK35-SG
20945,768KA37-SG,768KA37-SG
21555,HALEOSLABS-BE,HALEOSLABS-BE
15316,IRB-BL,IRB-BL
10321,PKTEA-EQ,PKTEA-EQ
759320,737GA36-SG,737GA36-SG
12177,SUDARSCHEM-BL,SUDARSCHEM-BL
15112,735IRFC31-NM,735IRFC31-NM
11619,GOLDENTOBC-BZ,GOLDENTOBC-BZ
7141,ZODIAC-BL,ZODIAC-BL
9556,PRUDENT-BL,PRUDENT-BL
7455,NIFTYADD-BL,NIFTYADD-BL
29006,712TS51-SG,712TS51-SG
22189,750TS28-SG,750TS28-SG
8054,KTKBANK-EQ,KTKBANK-EQ
756913,685AP41-SG,685AP41-SG
6079,DYNAMIC-SM,DYNAMIC-SM
12109,PENINLAND-BL,PENINLAND-BL
24651,730MH38-SG,730MH38-SG
4244,HDFCAMC-EQ,HDFCAMC-EQ
2792,EASEMYTRIP-EQ,EASEMYTRIP-EQ
24798,GROWWEV-EQ,GROWWEV-EQ
760346,NEPHROPLUS-EQ,NEPHROPLUS-EQ
27396,818TPL27-N0,818TPL27-N0
10313,AURUM-BL,AURUM-BL
162,MILTON-ST,MILTON-ST
18904,980SCL33A-N3,980SCL33A-N3
760780,364D210127-TB,364D210127-TB
199,MASFIN-EQ,MASFIN-EQ
30074,728WB39-SG,728WB39-SG
12734,SANGAMIND-BL,SANGAMIND-BL
17358,UTKARSHBNK-EQ,UTKARSHBNK-EQ
2854,CRAFTSMAN-EQ,CRAFTSMAN-EQ
3070,68KL31-SG,68KL31-SG
27079,KPEL-EQ,KPEL-EQ
5997,69TN31-SG,69TN31-SG
1863,664JK36-SG,664JK36-SG
29053,ZUARI-BL,ZUARI-BL
20102,1015SCL28-NR,1015SCL28-NR
14853,OMAXE-EQ,OMAXE-EQ
22222,717GJ30A-SG,717GJ30A-SG
11061,SECURKLOUD-BL,SECURKLOUD-BL
18694,745HR33-SG,745HR33-SG
15137,PATTECH-SM,PATTECH-SM
759969,PAUSHAKLTD-EQ,PAUSHAKLTD-EQ
759321,757PN37-SG,757PN37-SG
3283,TEMBO-BL,TEMBO-BL
13577,VOLTAMP-EQ,VOLTAMP-EQ
756938,689NTPC35-N0,689NTPC35-N0
760473,756AS45-SG,756AS45-SG
8192,713JK34-SG,713JK34-SG
28226,712HP36-SG,712HP36-SG
759103,HILINFRA-EQ,HILINFRA-EQ
23200,75SK34-SG,75SK34-SG
23205,745KA37-SG,745KA37-SG
24108,GPECO-SM,GPECO-SM
16445,MMP-BL,MMP-BL
5003,712MZ34-SG,712MZ34-SG
25439,786TCHFL29-N0,786TCHFL29-N0
12869,KRISHANA-BL,KRISHANA-BL
29537,724PFCL35-N0,724PFCL35-N0
12181,ABB-BL,ABB-BL
757419,875SCL27A-N1,875SCL27A-N1
29567,714CG33-SG,714CG33-SG
12238,JAIBALAJI-BL,JAIBALAJI-BL
21994,705NL30-SG,705NL30-SG
6149,930SFL28-YP,930SFL28-YP
29547,KEN-SM,KEN-SM
8687,MUKTAARTS-EQ,MUKTAARTS-EQ
19376,SPCENET-BL,SPCENET-BL
967,SUBEXLTD-EQ,SUBEXLTD-EQ
21463,793THDC34-N0,793THDC34-N0
21827,766WB43-SG,766WB43-SG
28825,711TN34A-SG,711TN34A-SG
19300,VISHNUINFR-SM,VISHNUINFR-SM
15377,PDMJEPAPER-EQ,PDMJEPAPER-EQ
12486,INFY-BL,INFY-BL
24877,AAFS28A-N0,AAFS28A-N0
14952,INDOWIND-EQ,INDOWIND-EQ
3004,SUVIDHAA-BL,SUVIDHAA-BL
15037,BAJAJELEC-BL,BAJAJELEC-BL
760447,754AP42-SG,754AP42-SG
759482,730SIHF28-N0,730SIHF28-N0
13366,755GJ30-SG,755GJ30-SG
15421,ACL-BL,ACL-BL
21383,PALASHSECU-EQ,PALASHSECU-EQ
7411,NILASPACES-EQ,NILASPACES-EQ
760776,762JK41-SG,762JK41-SG
25933,7875NIIF30-N0,7875NIIF30-N0
12473,INDIAGLYCO-BL,INDIAGLYCO-BL
8437,VIPULLTD-BE,VIPULLTD-BE
25629,UYFINCORP-BE,UYFINCORP-BE
28983,ANYA-SM,ANYA-SM
12200,AMBICAAGAR-BL,AMBICAAGAR-BL
23213,744TN44-SG,744TN44-SG
1167,NEWGEN-BL,NEWGEN-BL
17637,745TS30A-SG,745TS30A-SG
10052,SFMP6DR-MF,SFMP6DR-MF
811,DCMSHRIRAM-EQ,DCMSHRIRAM-EQ
12617,NCC-BL,NCC-BL
15036,INFINIUM-SM,INFINIUM-SM
15278,ONMOBILE-EQ,ONMOBILE-EQ
16678,BAJAJFINSV-BL,BAJAJFINSV-BL
756814,672TR40-SG,672TR40-SG
16961,AATMAJ-SM,AATMAJ-SM
7425,HECPROJECT-EQ,HECPROJECT-EQ
23147,SIGNORIA-SM,SIGNORIA-SM
17221,742TN33-SG,742TN33-SG
18558,JIWANRAM-SM,JIWANRAM-SM
13112,757AS32-SG,757AS32-SG
21993,652NL30-SG,652NL30-SG
23937,SCL310524-ZF,SCL310524-ZF
758693,850TIAP28B-N0,850TIAP28B-N0
18279,HDFCLIQUID-EQ,HDFCLIQUID-EQ
17794,SOMICONVEY-EQ,SOMICONVEY-EQ
758831,699TN32-SG,699TN32-SG
12349,PGHL-BL,PGHL-BL
760589,76WB47-SG,76WB47-SG
24381,RELIABLE-BL,RELIABLE-BL
1256,673TS50-SG,673TS50-SG
14634,735GJ26-SG,735GJ26-SG
760441,752AP37-SG,752AP37-SG
29877,VIVIDHA-EQ,VIVIDHA-EQ
24463,EVINDIA-BL,EVINDIA-BL
6219,CAMLINFINE-BL,CAMLINFINE-BL
17778,ATL-EQ,ATL-EQ
760253,742BR31-SG,742BR31-SG
15247,KAVDEFENCE-BL,KAVDEFENCE-BL
6656,POLICYBZR-EQ,POLICYBZR-EQ
1313,HARRMALAYA-EQ,HARRMALAYA-EQ
8568,HITECHGEAR-BE,HITECHGEAR-BE
7327,DCMSRIND-BL,DCMSRIND-BL
21540,769KA40-SG,769KA40-SG
14331,SMSPHARMA-BL,SMSPHARMA-BL
9617,SPLPETRO-EQ,SPLPETRO-EQ
8292,71TN32-SG,71TN32-SG
22887,744IRFC34-NR,744IRFC34-NR
18977,UNIVASTU-EQ,UNIVASTU-EQ
12669,PETRONET-BL,PETRONET-BL
18687,741JK53-SG,741JK53-SG
23722,935AKCF27-N0,935AKCF27-N0
29960,799NIIF37-N0,799NIIF37-N0
9483,LICI-BL,LICI-BL
25716,PARAMOUNT-SM,PARAMOUNT-SM
759281,12VCCL28-N0,12VCCL28-N0
20182,ASHOKA-EQ,ASHOKA-EQ
1507,MOGSEC-EQ,MOGSEC-EQ
4766,713AP36-SG,713AP36-SG
30047,905CIFL32-N0,905CIFL32-N0
23242,950IIFL27-Y2,950IIFL27-Y2
16395,MMP-EQ,MMP-EQ
11945,ANZEN-IV,ANZEN-IV
15315,749MN35-SG,749MN35-SG
6913,RPPL-EQ,RPPL-EQ
28020,VMM-BL,VMM-BL
7710,714WB32-SG,714WB32-SG
760125,FABTECH-EQ,FABTECH-EQ
23536,745MH38A-SG,745MH38A-SG
1651,663KA34-SG,663KA34-SG
757034,664HR36-SG,664HR36-SG
12255,BERGEPAINT-BL,BERGEPAINT-BL
759612,CHOICEGOLD-BL,CHOICEGOLD-BL
27226,737IREDA31-N0,737IREDA31-N0
21996,72NL29-SG,72NL29-SG
7287,JTLIND-EQ,JTLIND-EQ
23342,742KA32-SG,742KA32-SG
11905,GENUSPOWER-EQ,GENUSPOWER-EQ
755951,801ABCL28-NC,801ABCL28-NC
757117,686TS46-SG,686TS46-SG
757469,965SCL30-ND,965SCL30-ND
3718,VOLTAS-EQ,VOLTAS-EQ
24173,WINNY-SM,WINNY-SM
7158,697GS2026-GS,697GS2026-GS
19646,MAXESTATES-EQ,MAXESTATES-EQ
6216,CAMLINFINE-EQ,CAMLINFINE-EQ
757119,685TS50-SG,685TS50-SG
30089,ORIENTCEM-EQ,ORIENTCEM-EQ
757468,SCL0182025-NC,SCL0182025-NC
14232,HDFCBSE500-BL,HDFCBSE500-BL
758430,AMCL-ST,AMCL-ST
3138,HONDAPOWER-EQ,HONDAPOWER-EQ
22433,HDFCNIFBAN-EQ,HDFCNIFBAN-EQ
4748,709KL36-SG,709KL36-SG
29124,PCJEWELLER-EQ,PCJEWELLER-EQ
14436,773TS34-SG,773TS34-SG
28211,711RJ34-SG,711RJ34-SG
24007,748PN35-SG,748PN35-SG
2809,RAJSREESUG-EQ,RAJSREESUG-EQ
25508,824PHFL28-N0,824PHFL28-N0
24333,738PN34-SG,738PN34-SG
22656,SIGNPOST-EQ,SIGNPOST-EQ
16914,ARTEMISMED-BL,ARTEMISMED-BL
27128,723SBI39-N0,723SBI39-N0
24370,823SFL34-N0,823SFL34-N0
24589,RNFI-SM,RNFI-SM
4279,DENORA-EQ,DENORA-EQ
11852,SURYALAXMI-EQ,SURYALAXMI-EQ
10744,737NTPC35C-NA,737NTPC35C-NA
756000,1015UCL27-NF,1015UCL27-NF
760821,975BNAL28-N0,975BNAL28-N0
759371,MONIFTY100-EQ,MONIFTY100-EQ
17761,SARDAEN-BL,SARDAEN-BL
757513,805MFL27-N0,805MFL27-N0
23809,8137TCL24-NH,8137TCL24-NH
22707,746JK49-SG,746JK49-SG
30444,712MN40-SG,712MN40-SG
757099,MOMGF-EQ,MOMGF-EQ
16274,732TN53-SG,732TN53-SG
25956,713TN34-SG,713TN34-SG
23673,747HP33-SG,747HP33-SG
7447,NILASPACES-BL,NILASPACES-BL
144,GODREJAGRO-EQ,GODREJAGRO-EQ
9385,PNCINFRA-EQ,PNCINFRA-EQ
12679,POLYPLEX-BL,POLYPLEX-BL
758665,754RJ53-SG,754RJ53-SG
28929,1003SCL31P-N1,1003SCL31P-N1
759569,ORKLAINDIA-EQ,ORKLAINDIA-EQ
11006,LIQUIDBEES-EQ,LIQUIDBEES-EQ
12401,GODREJCP-BL,GODREJCP-BL
10232,SGBJUN30-GB,SGBJUN30-GB
2676,717UP31-SG,717UP31-SG
20861,699AR30-SG,699AR30-SG
23496,744MH42A-SG,744MH42A-SG
21704,DCAL-EQ,DCAL-EQ
23743,TBOTEK-BL,TBOTEK-BL
22442,BANKBETA-BL,BANKBETA-BL
11655,JBMA-EQ,JBMA-EQ
12878,VISAKAIND-BL,VISAKAIND-BL
11375,TIPSFILMS-BL,TIPSFILMS-BL
22411,668WB30-SG,668WB30-SG
10336,797AP39-SG,797AP39-SG
756925,PRIMO-EQ,PRIMO-EQ
756934,686NHPCL31-N0,686NHPCL31-N0
1237,657GA30-SG,657GA30-SG
759188,743HR39-SG,743HR39-SG
760232,MEESHO-BL,MEESHO-BL
3019,AXISTECETF-BL,AXISTECETF-BL
1015,688WB40-SG,688WB40-SG
757434,705AP39-SG,705AP39-SG
12628,NECLIFE-BL,NECLIFE-BL
757123,708TML28-N0,708TML28-N0
17942,HINDCOPPER-BL,HINDCOPPER-BL
10487,RAMRAT-BL,RAMRAT-BL
182,678KA32-SG,678KA32-SG
994,652PY30-SG,652PY30-SG
8620,INDOBORAX-BL,INDOBORAX-BL
760685,SILGO-RE1-BL,SILGO-RE1-BL
17454,739TN33B-SG,739TN33B-SG
760769,721TN32A-SG,721TN32A-SG
3457,795IGT31-NI,795IGT31-NI
18105,745JK53-SG,745JK53-SG
25176,726BOB34-N0,726BOB34-N0
28928,1050SCL31T-N1,1050SCL31T-N1
595,CARBORUNIV-EQ,CARBORUNIV-EQ
13761,BBL-EQ,BBL-EQ
2552,719UP31-SG,719UP31-SG
7041,687AS31A-SG,687AS31A-SG
29082,SETL-BL,SETL-BL
760528,720CL30-N0,720CL30-N0
1633,IPCALAB-EQ,IPCALAB-EQ
18755,KALAMANDIR-EQ,KALAMANDIR-EQ
23081,739HP34-SG,739HP34-SG
25550,902SCL27C-N1,902SCL27C-N1
23680,742AP43A-SG,742AP43A-SG
25897,MINDACORP-EQ,MINDACORP-EQ
759034,744TS47-SG,744TS47-SG
13399,767WB39-SG,767WB39-SG
7685,MONARCH-BL,MONARCH-BL
14911,KDDL-BL,KDDL-BL
13048,NIFTYBEES-BL,NIFTYBEES-BL
18646,DIAMINESQ-BL,DIAMINESQ-BL
2277,MRF-EQ,MRF-EQ
12727,GULFPETRO-BL,GULFPETRO-BL
13539,HDFC1204DD-MF,HDFC1204DD-MF
10261,SGBJUN27-GB,SGBJUN27-GB
22853,BSLIQPIRG-MF,BSLIQPIRG-MF
509,MAZDOCK-EQ,MAZDOCK-EQ
13440,LOKESHMACH-BL,LOKESHMACH-BL
4382,GS260426C-GS,GS260426C-GS
759010,ATLANTAELE-BL,ATLANTAELE-BL
286,GICRE-BL,GICRE-BL
2265,705WB31-SG,705WB31-SG
23109,755PFC27-NA,755PFC27-NA
28753,TRANSRAILL-BL,TRANSRAILL-BL
24658,734RJ45A-SG,734RJ45A-SG
15266,JKIL-EQ,JKIL-EQ
757455,SNXT30BEES-EQ,SNXT30BEES-EQ
758423,MEDISTEP-SM,MEDISTEP-SM
10454,797WB42-SG,797WB42-SG
10873,GRMOVER-BL,GRMOVER-BL
2980,ORTINGLOBE-BE,ORTINGLOBE-BE
25527,BIKEWO-ST,BIKEWO-ST
5662,BEWLTD-SM,BEWLTD-SM
27066,SWIGGY-EQ,SWIGGY-EQ
368,BASF-EQ,BASF-EQ
4432,GS220236C-GS,GS220236C-GS
23281,925SCL26A-YN,925SCL26A-YN
2909,RICOAUTO-EQ,RICOAUTO-EQ
11457,NV20-EQ,NV20-EQ
9770,763HR28-SG,763HR28-SG
3175,GILT5YBEES-BL,GILT5YBEES-BL
5782,MASPTOP50-EQ,MASPTOP50-EQ
760711,NEXT50ETF-BL,NEXT50ETF-BL
29629,728RECL40-N0,728RECL40-N0
1412,AGI-EQ,AGI-EQ
10252,782WB32-SG,782WB32-SG
12972,KREBSBIO-BL,KREBSBIO-BL
1430,668MZ31-SG,668MZ31-SG
8213,IONEXCHANG-BL,IONEXCHANG-BL
4518,SIGIND-BL,SIGIND-BL
30458,SPECTRUM-BL,SPECTRUM-BL
22551,85CIFC27-NL,85CIFC27-NL
10761,SILVERADD-EQ,SILVERADD-EQ
14194,NINSYS-EQ,NINSYS-EQ
27067,VSSL-EQ,VSSL-EQ
27009,715AP47-SG,715AP47-SG
5342,71JK33A-SG,71JK33A-SG
14732,DLF-EQ,DLF-EQ
11283,769GA32-SG,769GA32-SG
5220,BFSI-EQ,BFSI-EQ
2142,MFSL-EQ,MFSL-EQ
30171,718MP49-SG,718MP49-SG
1502,SHIVAMILLS-BL,SHIVAMILLS-BL
758820,723RJ35-SG,723RJ35-SG
9911,AXITA-BL,AXITA-BL
6843,SMLT-EQ,SMLT-EQ
6711,IVC-EQ,IVC-EQ
22151,71WB30-SG,71WB30-SG
24001,743AP46-SG,743AP46-SG
2997,SANGHIIND-EQ,SANGHIIND-EQ
3911,CAPLIPOINT-BL,CAPLIPOINT-BL
21067,SUPREMEPWR-SM,SUPREMEPWR-SM
7508,ZENTEC-EQ,ZENTEC-EQ
4598,HERITGFOOD-EQ,HERITGFOOD-EQ
13035,SAFARI-EQ,SAFARI-EQ
7677,IMAGICAA-BL,IMAGICAA-BL
6043,EIFFL-BL,EIFFL-BL
19640,ALPHAETF-EQ,ALPHAETF-EQ
7213,JETFREIGHT-BE,JETFREIGHT-BE
11192,SGBAUG30-GB,SGBAUG30-GB
23649,FILATFASH-BL,FILATFASH-BL
760429,708TFSIL27-N0,708TFSIL27-N0
18404,743TN33-SG,743TN33-SG
759994,AONETMMQ50-BL,AONETMMQ50-BL
20862,699GA30-SG,699GA30-SG
1660,ITC-EQ,ITC-EQ
759326,756RJ41-SG,756RJ41-SG
2241,MODTHREAD-EQ,MODTHREAD-EQ
759857,72TN36-SG,72TN36-SG
14518,ABSLLIQUID-EQ,ABSLLIQUID-EQ
23071,GOPAL-BL,GOPAL-BL
18564,LTTS-EQ,LTTS-EQ
23640,749TN44-SG,749TN44-SG
953,622GS2035-GS,622GS2035-GS
756838,930PFL27A-N0,930PFL27A-N0
22095,714UP30-SG,714UP30-SG
16229,736MP33-SG,736MP33-SG
14354,758RJ48-SG,758RJ48-SG
10931,736GS2052-GS,736GS2052-GS
758195,721TS48-SG,721TS48-SG
14653,774PN39-SG,774PN39-SG
10459,777GJ32-SG,777GJ32-SG
29998,708TN30-SG,708TN30-SG
17960,MMTC-BL,MMTC-BL
759899,803MFL31-N0,803MFL31-N0
19093,SAAKSHI-SM,SAAKSHI-SM
30034,734UCL30-N0,734UCL30-N0
7316,70NL31A-SG,70NL31A-SG
14675,NAVINFLUOR-BL,NAVINFLUOR-BL
24678,ESPRIT-SM,ESPRIT-SM
20072,INFRABEES-EQ,INFRABEES-EQ
2372,63PY26-SG,63PY26-SG
22142,72WB30-SG,72WB30-SG
18183,FISTIP3MDP-MF,FISTIP3MDP-MF
20527,PRUDMOULI-EQ,PRUDMOULI-EQ
5145,85PCHFL26-N7,85PCHFL26-N7
3396,TAINWALCHM-EQ,TAINWALCHM-EQ
41,687AP38-SG,687AP38-SG
17748,NIITMTS-BL,NIITMTS-BL
7708,714PN32-SG,714PN32-SG
3481,THOMASCOOK-EQ,THOMASCOOK-EQ
22841,105UCL2026-NB,105UCL2026-NB
5560,689PN31-SG,689PN31-SG
756141,930IIFL27-NX,930IIFL27-NX
7229,HCLTECH-EQ,HCLTECH-EQ
11678,778MH30-SG,778MH30-SG
3918,NATCOPHARM-EQ,NATCOPHARM-EQ
1098,68TS50A-SG,68TS50A-SG
21047,788GA30-SG,788GA30-SG
4427,GS220830C-GS,GS220830C-GS
5570,702ML41-SG,702ML41-SG
760514,752KA37-SG,752KA37-SG
9907,763GS2059-GS,763GS2059-GS
15572,738AP40-SG,738AP40-SG
9779,781GA32-SG,781GA32-SG
11603,781UP34-SG,781UP34-SG
21726,MATRIMONY-EQ,MATRIMONY-EQ
22741,735PY27-SG,735PY27-SG
25969,716TN54-SG,716TN54-SG
12887,VSTIND-BL,VSTIND-BL
15044,DELTACORP-EQ,DELTACORP-EQ
25637,ESSARSHPNG-BL,ESSARSHPNG-BL
756861,679TS53-SG,679TS53-SG
25104,725AP47-SG,725AP47-SG
19242,MONIFTY500-BL,MONIFTY500-BL
6868,613GS2028-GS,613GS2028-GS
25512,FLEXITUFF-EQ,FLEXITUFF-EQ
19450,CAPTRUST-BL,CAPTRUST-BL
21677,840TPL27-N1,840TPL27-N1
14655,774WB41-SG,774WB41-SG
16830,KOKUYOCMLN-BL,KOKUYOCMLN-BL
21408,TATAGOLD-BL,TATAGOLD-BL
4693,SHYAMMETL-EQ,SHYAMMETL-EQ
27526,935TSIIC33-N0,935TSIIC33-N0
2089,688RJ46-SG,688RJ46-SG
14915,KPRMILL-BL,KPRMILL-BL
23085,739KL34-SG,739KL34-SG
28799,805NIT32-N0,805NIT32-N0
20792,MOTISONS-BL,MOTISONS-BL
30190,CURAA-BL,CURAA-BL
23877,736RJ37-SG,736RJ37-SG
357,NAM-INDIA-EQ,NAM-INDIA-EQ
25769,712TN34-SG,712TN34-SG
22844,BSLIQPIIDP-MF,BSLIQPIIDP-MF
9658,RELCHEMQ-BL,RELCHEMQ-BL
759980,MSCIADD-BL,MSCIADD-BL
17642,745AS33A-SG,745AS33A-SG
14905,SAHYADRI-BL,SAHYADRI-BL
18769,DIRL-SM,DIRL-SM
758300,GROWWLOVOL-EQ,GROWWLOVOL-EQ
21157,ERIS-BL,ERIS-BL
757466,888SCL28-NA,888SCL28-NA
10587,MOM30IETF-BL,MOM30IETF-BL
17515,990SCL26I-AV,990SCL26I-AV
8722,TCIFINANCE-BE,TCIFINANCE-BE
30254,835GFL28-N0,835GFL28-N0
1637,BECTORFOOD-BL,BECTORFOOD-BL
1342,SGBN28VIII-GB,SGBN28VIII-GB
9871,804AP41-SG,804AP41-SG
25201,736IRED39-N0,736IRED39-N0
4578,678GA31-SG,678GA31-SG
8710,VRLLOG-BL,VRLLOG-BL
21758,LIQUIDCASE-BL,LIQUIDCASE-BL
761341,AEL12126-NI,AEL12126-NI
7169,MICEL-EQ,MICEL-EQ
29706,716HR38A-SG,716HR38A-SG
29942,740IREDA36-N0,740IREDA36-N0
23813,742RJ32-SG,742RJ32-SG
27190,714TN34-SG,714TN34-SG
20961,798AP31-SG,798AP31-SG
10517,SENSEXBETA-BL,SENSEXBETA-BL
13381,KKCL-EQ,KKCL-EQ
757639,778AIFL30-N0,778AIFL30-N0
14296,VIYASH-EQ,VIYASH-EQ
759472,705JCL27-N0,705JCL27-N0
13272,JKCEMENT-BL,JKCEMENT-BL
24012,743AP44-SG,743AP44-SG
20960,72AS29-SG,72AS29-SG
25479,715PN44-SG,715PN44-SG
757404,857CIFL32-N0,857CIFL32-N0
8190,716KA36-SG,716KA36-SG
12833,TEAMGTY-BL,TEAMGTY-BL
759338,744TS56-SG,744TS56-SG
760090,752TN55-SG,752TN55-SG
25494,71RJ34-SG,71RJ34-SG
8360,728JH37-SG,728JH37-SG
756765,664PFCL30-N0,664PFCL30-N0
16998,739KL52-SG,739KL52-SG
15177,TARIL-BL,TARIL-BL
25105,706TN29A-SG,706TN29A-SG
6304,609AS26-SG,609AS26-SG
756994,727TCHFL28-N0,727TCHFL28-N0
17986,PGIMCSA2D-MF,PGIMCSA2D-MF
20786,80409TCH27-NC,80409TCH27-NC
758190,722BR40A-SG,722BR40A-SG
19289,MOM50-EQ,MOM50-EQ
11562,HDFC1359RD-MF,HDFC1359RD-MF
20332,CGCL-BL,CGCL-BL
22070,670RJ50-SG,670RJ50-SG
12726,763KL43-SG,763KL43-SG
25016,79123SHF26-N0,79123SHF26-N0
756093,677MH37-SG,677MH37-SG
759218,723SK35-SG,723SK35-SG
12240,BALMLAWRIE-BL,BALMLAWRIE-BL
22451,643UK30-SG,643UK30-SG
12787,SPMLINFRA-BL,SPMLINFRA-BL
30421,705UK32-SG,705UK32-SG
29913,716KA32-SG,716KA32-SG
9302,KRITIKA-BL,KRITIKA-BL
21315,765PGCIL34-N0,765PGCIL34-N0
14890,AKI-EQ,AKI-EQ
12681,PRAJIND-BL,PRAJIND-BL
10515,SENSEXBETA-EQ,SENSEXBETA-EQ
1448,HLVLTD-EQ,HLVLTD-EQ
756927,PRIMO-BL,PRIMO-BL
2659,72TS51-SG,72TS51-SG
18162,BPF02RMR-MF,BPF02RMR-MF
14011,AVTNPL-BL,AVTNPL-BL
5606,INTLCONV-EQ,INTLCONV-EQ
22450,646RJ30A-SG,646RJ30A-SG
2493,ORIENTHOT-EQ,ORIENTHOT-EQ
12044,BOSCH-HCIL-BL,BOSCH-HCIL-BL
5558,684GJ31A-SG,684GJ31A-SG
14279,759PN39-SG,759PN39-SG
18634,9SCL26B-ND,9SCL26B-ND
24493,733AP43A-SG,733AP43A-SG
8570,713TN30-SG,713TN30-SG
10784,774TS46-SG,774TS46-SG
13587,ACE-EQ,ACE-EQ
10345,RADHIKAJWE-BL,RADHIKAJWE-BL
25390,799NIIF29-N0,799NIIF29-N0
11763,JPPOWER-EQ,JPPOWER-EQ
324,ANGELONE-EQ,ANGELONE-EQ
11973,BIKAJI-BL,BIKAJI-BL
30392,NIF100IETF-EQ,NIF100IETF-EQ
7882,AUTOBEES-BL,AUTOBEES-BL
22527,DELAPLEX-SM,DELAPLEX-SM
8366,731AP42-SG,731AP42-SG
25481,713RJ46-SG,713RJ46-SG
27153,711TN34-SG,711TN34-SG
5054,GRINFRA-EQ,GRINFRA-EQ
22993,742KA35-SG,742KA35-SG
760378,915APSBC34-N0,915APSBC34-N0
23946,902SCL27A-ZI,902SCL27A-ZI
757994,628GS2032-GS,628GS2032-GS
1085,GABRIEL-EQ,GABRIEL-EQ
5194,ANTGRAPHIC-EQ,ANTGRAPHIC-EQ
29531,918IHFL28-N0,918IHFL28-N0
27408,935TSI29-N0,935TSI29-N0
11193,AXISILVER-EQ,AXISILVER-EQ
4898,FDC-EQ,FDC-EQ
760312,810SIHF35-N0,810SIHF35-N0
758715,752KL33-SG,752KL33-SG
25009,723GA34-SG,723GA34-SG
12891,WELSPUNLIV-BL,WELSPUNLIV-BL
13923,PLASTIBLEN-BL,PLASTIBLEN-BL
4421,CREDITACC-EQ,CREDITACC-EQ
25052,PREMIERENE-BL,PREMIERENE-BL
2739,PRSMJOHNSN-EQ,PRSMJOHNSN-EQ
8677,ABSLFTTQRG-MF,ABSLFTTQRG-MF
5044,714AP36-SG,714AP36-SG
5237,714TS41-SG,714TS41-SG
31478,ORBTEXP-BL,ORBTEXP-BL
11262,IGL-EQ,IGL-EQ
759414,OMFREIGHT-BL,OMFREIGHT-BL
1192,AMBER-BL,AMBER-BL
4395,GS220261P-GS,GS220261P-GS
20311,718AS29-SG,718AS29-SG
756816,685RJ47-SG,685RJ47-SG
10298,PPL-BL,PPL-BL
7291,JTLIND-BL,JTLIND-BL
9780,781HR32-SG,781HR32-SG
13958,766AP32-SG,766AP32-SG
13201,GSPL-BL,GSPL-BL
19224,SENSEXETF-EQ,SENSEXETF-EQ
24492,735JK51-SG,735JK51-SG
758608,AAFS29B-N0,AAFS29B-N0
21572,835SMFG27-N0,835SMFG27-N0
13576,MANUGRAPH-BL,MANUGRAPH-BL
9724,772MH34-SG,772MH34-SG
24388,KARMAENG-BL,KARMAENG-BL
21925,695MN30-SG,695MN30-SG
7451,NIFTYADD-EQ,NIFTYADD-EQ
25274,BAJAJHFL-BL,BAJAJHFL-BL
17625,MOLDTECH-EQ,MOLDTECH-EQ
13972,771AP36-SG,771AP36-SG
7177,RATEGAIN-EQ,RATEGAIN-EQ
24950,IDEALTECHO-SM,IDEALTECHO-SM
426,BHARATGEAR-EQ,BHARATGEAR-EQ
16973,738GJ30A-SG,738GJ30A-SG
29541,CHAMUNDA-SM,CHAMUNDA-SM
17859,REDTAPE-EQ,REDTAPE-EQ
14933,LAL-BL,LAL-BL
2645,DRCSYSTEMS-EQ,DRCSYSTEMS-EQ
759754,880PFL28-N0,880PFL28-N0
19439,SICALLOG-BL,SICALLOG-BL
19911,771MH33-SG,771MH33-SG
28046,MOBIKWIK-EQ,MOBIKWIK-EQ
30165,718TN45-SG,718TN45-SG
8491,719TN32-SG,719TN32-SG
25962,715AP39-SG,715AP39-SG
25097,724KL40-SG,724KL40-SG
13721,759TS40-SG,759TS40-SG
30453,707TS55-SG,707TS55-SG
760298,182D110626-TB,182D110626-TB
23203,748UP36-SG,748UP36-SG
12222,ASTRAMICRO-BL,ASTRAMICRO-BL
16829,IKIO-BL,IKIO-BL
6503,IRIS-BL,IRIS-BL
24183,733HR36-SG,733HR36-SG
14347,769WB42-SG,769WB42-SG
30011,732CG37-SG,732CG37-SG
20691,87LTF27-NH,87LTF27-NH
23818,738AP44-SG,738AP44-SG
22358,MACPOWER-BL,MACPOWER-BL
28901,925SCL26W-N1,925SCL26W-N1
15149,JYOTHYLAB-BL,JYOTHYLAB-BL
29293,711BR45-SG,711BR45-SG
12466,IGL-BL,IGL-BL
27064,ACMESOLAR-BL,ACMESOLAR-BL
757826,BRIGHOTEL-BL,BRIGHOTEL-BL
757946,QUALITY30-EQ,QUALITY30-EQ
23341,746AS31-SG,746AS31-SG
23040,INDUSINVIT-BL,INDUSINVIT-BL
25724,RUPA-EQ,RUPA-EQ
29689,UNIONGOLD-BL,UNIONGOLD-BL
17060,PALREDTEC-BL,PALREDTEC-BL
24292,VSTTILLERS-EQ,VSTTILLERS-EQ
19107,ROLLT-BL,ROLLT-BL
12701,768JK37-SG,768JK37-SG
12499,IVP-BL,IVP-BL
29300,710RJ51-SG,710RJ51-SG
22702,749BR39-SG,749BR39-SG
878,678TS50-SG,678TS50-SG
24828,119VCCL26-N0,119VCCL26-N0
21626,APEX-BL,APEX-BL
7902,LFIC-EQ,LFIC-EQ
23729,AADHARHFC-EQ,AADHARHFC-EQ
322,694TS50-SG,694TS50-SG
1896,661RJ31-SG,661RJ31-SG
22824,JUNIPER-EQ,JUNIPER-EQ
758340,116VCCL26A-N0,116VCCL26A-N0
758748,MEIL-EQ,MEIL-EQ
25548,990SCL27B-N1,990SCL27B-N1
28162,IKS-BL,IKS-BL
11412,782AP35-SG,782AP35-SG
7016,SHIVALIK-EQ,SHIVALIK-EQ
20843,779SIDBI27-N0,779SIDBI27-N0
18103,NIFTY1-BL,NIFTY1-BL
12599,MIRZAINT-BL,MIRZAINT-BL
760364,915APSBC27-N0,915APSBC27-N0
760354,PARKHOSPS-BL,PARKHOSPS-BL
27356,ROSSTECH-BL,ROSSTECH-BL
15085,SILVERBETA-EQ,SILVERBETA-EQ
9458,SONUINFRA-SM,SONUINFRA-SM
11701,787RJ40-SG,787RJ40-SG
360,NAM-INDIA-BL,NAM-INDIA-BL
12043,ARE&M-BL,ARE&M-BL
18403,747GA33-SG,747GA33-SG
12722,RUBYMILLS-BL,RUBYMILLS-BL
17272,SETFGOLD-EQ,SETFGOLD-EQ
29247,PCHF230125-N0,PCHF230125-N0
18371,NDGL-EQ,NDGL-EQ
20016,714BR30-SG,714BR30-SG
15477,74AP31-SG,74AP31-SG
6920,RPPL-BL,RPPL-BL
22700,745AP38-SG,745AP38-SG
7082,MAHKTECH-BL,MAHKTECH-BL
11813,SHOPERSTOP-EQ,SHOPERSTOP-EQ
13966,HBLENGINE-EQ,HBLENGINE-EQ
14563,766KL50-SG,766KL50-SG
17616,PSUBANKADD-EQ,PSUBANKADD-EQ
17045,SHARIABEES-BL,SHARIABEES-BL
10190,781TN52-SG,781TN52-SG
20058,891IIFCL34-N4,891IIFCL34-N4
27025,890BTL31-N0,890BTL31-N0
760738,87MFL36-N0,87MFL36-N0
22815,764RL27-NM,764RL27-NM
21095,SHEKHAWATI-EQ,SHEKHAWATI-EQ
7111,TEGA-BL,TEGA-BL
757109,669GJ34-SG,669GJ34-SG
12563,SFMP72GR-MF,SFMP72GR-MF
10913,758AP42-SG,758AP42-SG
757385,678AP37-SG,678AP37-SG
8412,GLFL-BE,GLFL-BE
18480,940CAGL27-NB,940CAGL27-NB
29005,712MP47-SG,712MP47-SG
19904,773BR38-SG,773BR38-SG
4995,SHARDACROP-BL,SHARDACROP-BL
21198,GTPL-BL,GTPL-BL
17638,ZYDUSWELL-BL,ZYDUSWELL-BL
1695,662UP30-SG,662UP30-SG
11948,ANZEN-BL,ANZEN-BL
28973,825TCSL27-N0,825TCSL27-N0
9917,NEOGEN-EQ,NEOGEN-EQ
2542,704MH29-SG,704MH29-SG
16820,QNIFTY-BL,QNIFTY-BL
23712,97MOFSL34-N7,97MOFSL34-N7
3579,UNICHEMLAB-EQ,UNICHEMLAB-EQ
757606,950SCL30-N0,950SCL30-N0
757573,930IIFL35-N0,930IIFL35-N0
18760,YATRA-EQ,YATRA-EQ
22652,PARKHOTELS-BL,PARKHOTELS-BL
24415,AMBEY-SM,AMBEY-SM
5498,SFMP49DR-MF,SFMP49DR-MF
24558,801TCL34-N0,801TCL34-N0
15254,CEATLTD-EQ,CEATLTD-EQ
6237,DTIL-BL,DTIL-BL
25240,SHUBHSHREE-SM,SHUBHSHREE-SM
7092,SEJALLTD-BL,SEJALLTD-BL
12979,NPBET-BL,NPBET-BL
11679,784AS32-SG,784AS32-SG
7540,714AP35-SG,714AP35-SG
9722,770MH32-SG,770MH32-SG
13256,77MZ35-SG,77MZ35-SG
385,MAHLOG-EQ,MAHLOG-EQ
12082,HINDCOMPOS-BL,HINDCOMPOS-BL
18962,RAJRATAN-EQ,RAJRATAN-EQ
27073,SWIGGY-BL,SWIGGY-BL
756061,675AS40-SG,675AS40-SG
13951,PARACABLES-EQ,PARACABLES-EQ
20213,SUNREST-SM,SUNREST-SM
973,64MH30-SG,64MH30-SG
22878,743MH36-SG,743MH36-SG
13598,ANTELOPUS-EQ,ANTELOPUS-EQ
29292,711TN45-SG,711TN45-SG
12663,AMJLAND-BL,AMJLAND-BL
758940,364D030926-TB,364D030926-TB
9914,78AP31A-SG,78AP31A-SG
756145,IIFL21425A-Y1,IIFL21425A-Y1
759433,364D081026-TB,364D081026-TB
4789,712AP37-SG,712AP37-SG
5343,709TS34-SG,709TS34-SG
2397,SANDHAR-EQ,SANDHAR-EQ
2866,RCF-EQ,RCF-EQ
10570,RAMAPHO-BL,RAMAPHO-BL
427,681MH28-SG,681MH28-SG
19578,UGARSUGAR-EQ,UGARSUGAR-EQ
25886,700TN29-SG,700TN29-SG
22994,742HR35-SG,742HR35-SG
21614,ABCAPITAL-EQ,ABCAPITAL-EQ
759254,EPACKPEB-BL,EPACKPEB-BL
2406,NEULANDLAB-EQ,NEULANDLAB-EQ
22044,717RJ30-SG,717RJ30-SG
2279,IRISDOREME-BL,IRISDOREME-BL
27213,EIEL-EQ,EIEL-EQ
19617,771RJ33-SG,771RJ33-SG
29426,MOHITIND-BL,MOHITIND-BL
20868,HAPPYFORGE-BL,HAPPYFORGE-BL
758708,975ISF35-N0,975ISF35-N0
27007,715AP42-SG,715AP42-SG
20347,774RJ33-SG,774RJ33-SG
24601,RELTD-BL,RELTD-BL
758669,MANUFGBEES-BL,MANUFGBEES-BL
30054,ROADSTAR-BL,ROADSTAR-BL
22056,657RJ30-SG,657RJ30-SG
4184,SANGAMIND-EQ,SANGAMIND-EQ
21977,721MP34-SG,721MP34-SG
29155,720RECL35-N0,720RECL35-N0
5670,687AS31-SG,687AS31-SG
13611,IRCTC-EQ,IRCTC-EQ
756008,735SFL27-N0,735SFL27-N0
23915,LIQUIDBETF-EQ,LIQUIDBETF-EQ
14442,775UP38-SG,775UP38-SG
22509,755TN54-SG,755TN54-SG
8966,HARDWYN-BL,HARDWYN-BL
11932,FUSION-EQ,FUSION-EQ
758115,JSLL-EQ,JSLL-EQ
12351,ESABINDIA-BL,ESABINDIA-BL
25783,APLAPOLLO-BL,APLAPOLLO-BL
757665,WHITEFORCE-SM,WHITEFORCE-SM
756782,KRISHIVAL-EQ,KRISHIVAL-EQ
4581,681KL31-SG,681KL31-SG
29922,719CG35-SG,719CG35-SG
29944,NIFTY100EW-EQ,NIFTY100EW-EQ
8977,752AP42-SG,752AP42-SG
20315,GANDHAR-BL,GANDHAR-BL
17842,GILLANDERS-BL,GILLANDERS-BL
13372,762AR32-SG,762AR32-SG
1214,DELTAMAGNT-EQ,DELTAMAGNT-EQ
759594,73AP37-SG,73AP37-SG
17307,AJMERA-EQ,AJMERA-EQ
23696,INDGN-BL,INDGN-BL
760662,748PN31-SG,748PN31-SG
17154,MIDCAPIETF-BL,MIDCAPIETF-BL
22293,65RJ50-SG,65RJ50-SG
18479,ISFT-EQ,ISFT-EQ
5911,PARAS-EQ,PARAS-EQ
757909,364D160726-TB,364D160726-TB
27008,HEXATRADEX-EQ,HEXATRADEX-EQ
13073,IIFLCAPS-BL,IIFLCAPS-BL
7463,MANAKSTEEL-EQ,MANAKSTEEL-EQ
16397,732TS49-SG,732TS49-SG
11284,767HR32-SG,767HR32-SG
29506,716KL38-SG,716KL38-SG
25699,69KA27-SG,69KA27-SG
17203,SYNOPTICS-SM,SYNOPTICS-SM
16888,URBAN-SM,URBAN-SM
2439,NKIND-EQ,NKIND-EQ
28967,102CCSP27A-N0,102CCSP27A-N0
757645,ATHERENERG-EQ,ATHERENERG-EQ
29929,718MH38-SG,718MH38-SG
12578,FINIETF-EQ,FINIETF-EQ
759185,741SK35-SG,741SK35-SG
12263,BIL-BL,BIL-BL
12186,ADOR-BL,ADOR-BL
31166,RHIM-BL,RHIM-BL
759855,718UP35-SG,718UP35-SG
8645,SFMP61DD-MF,SFMP61DD-MF
29874,GROWWN200-BL,GROWWN200-BL
15419,DPSCLTD-EQ,DPSCLTD-EQ
21165,778PN37-SG,778PN37-SG
12106,LCCINFOTEC-BL,LCCINFOTEC-BL
3972,PARASPETRO-EQ,PARASPETRO-EQ
19484,77UP34-SG,77UP34-SG
757583,SAFEENTP-SM,SAFEENTP-SM
25696,714AP44-SG,714AP44-SG
15046,699GS2026-GS,699GS2026-GS
5882,683GA31-SG,683GA31-SG
18293,IVZINGOLD-BL,IVZINGOLD-BL
2095,686TS41-SG,686TS41-SG
188,TCPLPACK-BL,TCPLPACK-BL
759496,840MCSL31-N0,840MCSL31-N0
25117,STYLEBAAZA-BL,STYLEBAAZA-BL
25074,RAYMONDLSL-BL,RAYMONDLSL-BL
10945,TMB-EQ,TMB-EQ
22332,660AP39-SG,660AP39-SG
2381,707GJ31-SG,707GJ31-SG
760035,705SFL28A-N0,705SFL28A-N0
757575,706RECL35-N0,706RECL35-N0
13247,765NL32-SG,765NL32-SG
17939,HINDCOPPER-EQ,HINDCOPPER-EQ
31107,DBSTOCKBRO-EQ,DBSTOCKBRO-EQ
944,DPABHUSHAN-BL,DPABHUSHAN-BL
29698,706OR31A-SG,706OR31A-SG
21436,TATSILV-BL,TATSILV-BL
27327,704GJ32-SG,704GJ32-SG
6478,698BR30-SG,698BR30-SG
1041,FINPIPE-EQ,FINPIPE-EQ
20065,902SCL26A-NM,902SCL26A-NM
5214,96IIFL28-N5,96IIFL28-N5
1805,KABRAEXTRU-EQ,KABRAEXTRU-EQ
21849,767CG31-SG,767CG31-SG
757934,688AP34A-SG,688AP34A-SG
22175,799WB35-SG,799WB35-SG
5379,DEVYANI-BL,DEVYANI-BL
759210,TRUALT-EQ,TRUALT-EQ
760677,764WB42A-SG,764WB42A-SG
12483,INDSWFTLAB-BL,INDSWFTLAB-BL
759978,MSCIADD-EQ,MSCIADD-EQ
27168,975SIPL29-N0,975SIPL29-N0
14892,ASIANTILES-BL,ASIANTILES-BL
14977,POWERGRID-EQ,POWERGRID-EQ
20226,77BR38-SG,77BR38-SG
10770,AHIMSA-ST,AHIMSA-ST
759743,746MP43-SG,746MP43-SG
18689,747CG30-SG,747CG30-SG
16913,ARTEMISMED-EQ,ARTEMISMED-EQ
760089,752TS52-SG,752TS52-SG
1756,JINDALPOLY-EQ,JINDALPOLY-EQ
24260,864CIFL29-N0,864CIFL29-N0
11563,HDFC1359RG-MF,HDFC1359RG-MF
759981,708PFCL35-N0,708PFCL35-N0
29064,714MH43-SG,714MH43-SG
11545,HDFCMOMENT-BL,HDFCMOMENT-BL
22635,8ABHF34-N4,8ABHF34-N4
17352,1102NFL26-N8,1102NFL26-N8
7531,703RJ31-SG,703RJ31-SG
419,BEPL-EQ,BEPL-EQ
760445,754TR40-SG,754TR40-SG
2146,698HR41-SG,698HR41-SG
759492,74MP46-SG,74MP46-SG
760682,761TS52-SG,761TS52-SG
23367,SABTNL-BE,SABTNL-BE
6306,APOLSINHOT-BL,APOLSINHOT-BL
23734,858CIF27-NU,858CIF27-NU
12868,VARDMNPOLY-BL,VARDMNPOLY-BL
759402,ADVANCE-EQ,ADVANCE-EQ
757683,PUSHPA-SM,PUSHPA-SM
30099,70TN29-SG,70TN29-SG
24192,731TS42-SG,731TS42-SG
14043,SARLAPOLY-EQ,SARLAPOLY-EQ
7136,772GS2055-GS,772GS2055-GS
2912,RIIL-EQ,RIIL-EQ
15295,VIRINCHI-EQ,VIRINCHI-EQ
440,69GA30A-SG,69GA30A-SG
17446,74BR30-SG,74BR30-SG
757439,713PN50-SG,713PN50-SG
21643,729AP30-SG,729AP30-SG
1559,RKEC-BL,RKEC-BL
12635,OSIAHYPER-EQ,OSIAHYPER-EQ
22996,741KA36-SG,741KA36-SG
12309,CONSOFINVT-BL,CONSOFINVT-BL
5435,APTUS-EQ,APTUS-EQ
20916,722GA29-SG,722GA29-SG
758904,AONEGOLD-EQ,AONEGOLD-EQ
27132,920DCBBL34-N0,920DCBBL34-N0
14600,ALPHAGEO-BL,ALPHAGEO-BL
13542,TECHM-BL,TECHM-BL
10723,INFRAIETF-EQ,INFRAIETF-EQ
13583,ATLANTAA-BL,ATLANTAA-BL
18124,DBREALTY-EQ,DBREALTY-EQ
8681,717TN30-SG,717TN30-SG
29188,990IIFL26A-N0,990IIFL26A-N0
13995,766TS44-SG,766TS44-SG
20921,654GA30-SG,654GA30-SG
30560,MHLSRD-SF,MHLSRD-SF
25980,AFCONS-BL,AFCONS-BL
759130,ABCOTS-EQ,ABCOTS-EQ
9277,889SCL27-YT,889SCL27-YT
29996,72OR32-SG,72OR32-SG
8327,717BR32-SG,717BR32-SG
25267,TOLINS-BL,TOLINS-BL
25884,710KA35-SG,710KA35-SG
2350,NURECA-EQ,NURECA-EQ
4381,GS100426C-GS,GS100426C-GS
24765,73AS39-SG,73AS39-SG
12629,NLCINDIA-BL,NLCINDIA-BL
25879,BFUTILITIE-BZ,BFUTILITIE-BZ
758976,VIKRAN-BL,VIKRAN-BL
31237,SCHNEIDER-BL,SCHNEIDER-BL
14203,HUBTOWN-EQ,HUBTOWN-EQ
22406,665GJ30-SG,665GJ30-SG
23309,10SCL31-Z1,10SCL31-Z1
1341,585GS2030-GS,585GS2030-GS
29051,705GJ32-SG,705GJ32-SG
23894,758RECL29-NQ,758RECL29-NQ
919,EIHOTEL-EQ,EIHOTEL-EQ
11580,WESTLIFE-EQ,WESTLIFE-EQ
2976,SURYODAY-BL,SURYODAY-BL
758728,758KL50-SG,758KL50-SG
23041,764ABL34-N0,764ABL34-N0
759741,744BR40-SG,744BR40-SG
29708,708GJ33B-SG,708GJ33B-SG
21156,774RJ34-SG,774RJ34-SG
2230,693GJ31-SG,693GJ31-SG
11449,PILANIINVS-BL,PILANIINVS-BL
10684,SHAIVAL-ST,SHAIVAL-ST
13211,JAGRAN-EQ,JAGRAN-EQ
1887,597CG27-SG,597CG27-SG
757747,364D020726-TB,364D020726-TB
14274,766SK33-SG,766SK33-SG
4409,GS151226C-GS,GS151226C-GS
13631,SKYGOLD-EQ,SKYGOLD-EQ
758444,SAWALIYA-SM,SAWALIYA-SM
759806,GROWW-EQ,GROWW-EQ
20753,771HDFCB33-N0,771HDFCB33-N0
6796,SBC-BL,SBC-BL
13323,DOLLEX-SM,DOLLEX-SM
24711,ASHALOG-SM,ASHALOG-SM
12723,RUCHINFRA-BL,RUCHINFRA-BL
22695,745AS31-SG,745AS31-SG
8483,MITCON-BL,MITCON-BL
758744,SHIVASHRIT-SM,SHIVASHRIT-SM
13111,ORIENTCER-EQ,ORIENTCER-EQ
24249,SPCL-SM,SPCL-SM
1646,658GA30A-SG,658GA30A-SG
15068,RELIGARE-EQ,RELIGARE-EQ
22768,810TCHFL27-ND,810TCHFL27-ND
7911,748WB37-SG,748WB37-SG
14245,TVSSRICHAK-EQ,TVSSRICHAK-EQ
22670,RPTECH-EQ,RPTECH-EQ
24996,723RJ46-SG,723RJ46-SG
13592,HGM-EQ,HGM-EQ
757557,709KL52-SG,709KL52-SG
3200,678AP39-SG,678AP39-SG
11903,IPSL-SM,IPSL-SM
6302,APOLSINHOT-EQ,APOLSINHOT-EQ
21915,703KL30-SG,703KL30-SG
758714,725OR33-SG,725OR33-SG
19520,764WB43-SG,764WB43-SG
757564,364D250626-TB,364D250626-TB
6164,BHAGCHEM-EQ,BHAGCHEM-EQ
20974,VSCL-ST,VSCL-ST
17520,RTNPOWER-EQ,RTNPOWER-EQ
19235,IMFA-EQ,IMFA-EQ
27204,718WB41-SG,718WB41-SG
759277,930SCL2035-N0,930SCL2035-N0
5426,NUVOCO-EQ,NUVOCO-EQ
30228,1003SCL32-N1,1003SCL32-N1
1649,66UP30A-SG,66UP30A-SG
11418,774RJ42-SG,774RJ42-SG
15065,AVALON-BL,AVALON-BL
9797,79AP34-SG,79AP34-SG
14795,ABSLFTUJDN-MF,ABSLFTUJDN-MF
2331,JAYNECOIND-EQ,JAYNECOIND-EQ
4235,WENDT-EQ,WENDT-EQ
760636,764KL39-SG,764KL39-SG
14851,ALPA-BL,ALPA-BL
8280,SOFTTECH-BL,SOFTTECH-BL
24569,736WB40-SG,736WB40-SG
20781,JAMNAAUTO-BL,JAMNAAUTO-BL
756043,78618ABH28-N0,78618ABH28-N0
2227,70TS51-SG,70TS51-SG
13188,RCOM-BE,RCOM-BE
28927,971SCL29T-N1,971SCL29T-N1
757403,364D040626-TB,364D040626-TB
756827,GROWWSLVR-EQ,GROWWSLVR-EQ
28279,710TN54-SG,710TN54-SG
757894,EBGNG-BL,EBGNG-BL
22418,LOVABLE-BL,LOVABLE-BL
8401,SGBMAR30X-GB,SGBMAR30X-GB
309,69UK30A-SG,69UK30A-SG
8529,GMRP&UI-EQ,GMRP&UI-EQ
876,677AP38-SG,677AP38-SG
11095,755AS32-SG,755AS32-SG
30061,960SFL35-N0,960SFL35-N0
5614,GANESHBE-EQ,GANESHBE-EQ
20313,709KA30-SG,709KA30-SG
759012,GANESHCP-EQ,GANESHCP-EQ
380,BBTC-EQ,BBTC-EQ
23184,MOREALTY-EQ,MOREALTY-EQ
16806,739AP35-SG,739AP35-SG
18544,DIACABS-BL,DIACABS-BL
5520,JAIPURKURT-BL,JAIPURKURT-BL
24754,726MP35-SG,726MP35-SG
21406,AVADHSUGAR-EQ,AVADHSUGAR-EQ
25480,715WB45-SG,715WB45-SG
13102,SFMP73DD-MF,SFMP73DD-MF
5526,705TS35-SG,705TS35-SG
8126,654MH27-SG,654MH27-SG
25478,715WB44-SG,715WB44-SG
25119,BOSS-SM,BOSS-SM
30176,698OR29-SG,698OR29-SG
27448,935TSI30-N0,935TSI30-N0
5536,687HR31-SG,687HR31-SG
10559,743HP28-SG,743HP28-SG
9753,ETHOSLTD-BL,ETHOSLTD-BL
20022,830PFCL27-N5,830PFCL27-N5
4410,JAGSNPHARM-EQ,JAGSNPHARM-EQ
25107,723AP34-SG,723AP34-SG
8496,739JK37-SG,739JK37-SG
3488,CLSEL-BL,CLSEL-BL
14316,VIAZ-SM,VIAZ-SM
759231,749PN40-SG,749PN40-SG
756844,ABLBL-BL,ABLBL-BL
4936,97SFIL26A-NC,97SFIL26A-NC
14346,ORIENTALTL-EQ,ORIENTALTL-EQ
757663,880IIFL26-N0,880IIFL26-N0
13122,751HR29-SG,751HR29-SG
4894,71JK33-SG,71JK33-SG
20326,RESPONIND-BL,RESPONIND-BL
759719,GROWWMC150-EQ,GROWWMC150-EQ
30014,726HR39-SG,726HR39-SG
9311,STARTECK-BL,STARTECK-BL
6994,BSOFT-EQ,BSOFT-EQ
17627,YCCL-SM,YCCL-SM
27313,711HP34-SG,711HP34-SG
8578,737RJ34-SG,737RJ34-SG
29481,364D050226-TB,364D050226-TB
13780,GESHIP-BL,GESHIP-BL
5355,EXXARO-BL,EXXARO-BL
8511,GATEWAY-BL,GATEWAY-BL
14058,SANGHVIMOV-EQ,SANGHVIMOV-EQ
21004,PSB-BL,PSB-BL
319,695PN40-SG,695PN40-SG
14980,POWERGRID-BL,POWERGRID-BL
24343,736AP48-SG,736AP48-SG
24478,SAHAJSOLAR-SM,SAHAJSOLAR-SM
23350,749UP36-SG,749UP36-SG
29719,742PFC28-N0,742PFC28-N0
19943,DEEPAKNTR-EQ,DEEPAKNTR-EQ
22169,711UK30-SG,711UK30-SG
25774,715MZ39-SG,715MZ39-SG
22851,GPTHEALTH-BL,GPTHEALTH-BL
8968,HARIOMPIPE-EQ,HARIOMPIPE-EQ
10822,MOQUALITY-EQ,MOQUALITY-EQ
29298,708TS49-SG,708TS49-SG
760619,748AP35-SG,748AP35-SG
13238,SADBHAV-BL,SADBHAV-BL
30489,712EXIM30-N0,712EXIM30-N0
17572,LIQUID-EQ,LIQUID-EQ
18096,JUBLFOOD-EQ,JUBLFOOD-EQ
29923,72AP36-SG,72AP36-SG
8683,729GJ32-SG,729GJ32-SG
756793,709TS61-SG,709TS61-SG
6354,NIFTYETF-BL,NIFTYETF-BL
13771,VGL-EQ,VGL-EQ
11417,774AP42-SG,774AP42-SG
14636,77AP30A-SG,77AP30A-SG
28898,965SCL26Y-N1,965SCL26Y-N1
3426,TATAPOWER-EQ,TATAPOWER-EQ
756171,770SHFL27-N0,770SHFL27-N0
760094,749PN35A-SG,749PN35A-SG
23424,745HP44-SG,745HP44-SG
5105,ABSLFTTJDN-MF,ABSLFTTJDN-MF
25767,712KA33-SG,712KA33-SG
1361,622KL27-SG,622KL27-SG
22205,799TS30-SG,799TS30-SG
14165,762MN35-SG,762MN35-SG
12676,PNBGILTS-BL,PNBGILTS-BL
756870,364D070526-TB,364D070526-TB
20796,707JK30-SG,707JK30-SG
760097,75WB37-SG,75WB37-SG
19758,940SCL26-N6,940SCL26-N6
12055,BPL-BL,BPL-BL
14716,HGS-BL,HGS-BL
7011,897GS2030-GS,897GS2030-GS
2801,EASEMYTRIP-BL,EASEMYTRIP-BL
21940,783MH30-SG,783MH30-SG
14975,KSCL-BL,KSCL-BL
20155,69AS30-SG,69AS30-SG
10418,MUTHOOTCAP-BL,MUTHOOTCAP-BL
25840,7712TCHF28-N0,7712TCHF28-N0
760588,759AP47-SG,759AP47-SG
19099,SILLYMONKS-BE,SILLYMONKS-BE
16994,74TS45-SG,74TS45-SG
8137,730KA32-SG,730KA32-SG
5883,684PN31-SG,684PN31-SG
21427,THEINVEST-EQ,THEINVEST-EQ
30323,ESSENTIA-EQ,ESSENTIA-EQ
6227,DTIL-EQ,DTIL-EQ
13856,VENUSREM-BE,VENUSREM-BE
18157,HATHWAY-BL,HATHWAY-BL
4344,PUNJABCHEM-EQ,PUNJABCHEM-EQ
16035,733NL33-SG,733NL33-SG
21944,70MH28-SG,70MH28-SG
3726,665WB28-SG,665WB28-SG
25354,71TN34-SG,71TN34-SG
759196,746TS53-SG,746TS53-SG
14583,MCON-ST,MCON-ST
24720,798SHFL26-N0,798SHFL26-N0
13949,UTIRQP35P3-MF,UTIRQP35P3-MF
25872,GROWWGOLD-EQ,GROWWGOLD-EQ
758964,CURRENT-SM,CURRENT-SM
11802,HPIL-BL,HPIL-BL
757428,665AP34-SG,665AP34-SG
17531,MAHASTEEL-BE,MAHASTEEL-BE
14363,APOLLOPIPE-BL,APOLLOPIPE-BL
29021,ECAPINSURE-BL,ECAPINSURE-BL
10238,CONFIPET-EQ,CONFIPET-EQ
527,UTIAMC-EQ,UTIAMC-EQ
30101,724AS45-SG,724AS45-SG
25684,JISLDVREQS-EQ,JISLDVREQS-EQ
4684,SONACOMS-EQ,SONACOMS-EQ
29710,715PY39A-SG,715PY39A-SG
6979,DMCC-BL,DMCC-BL
760342,763HLICL35-N0,763HLICL35-N0
7370,DATAPATTNS-BL,DATAPATTNS-BL
20050,M&MFIN-N3,M&MFIN-N3
29691,364D200226-TB,364D200226-TB
760209,76825AIFL2-N0,76825AIFL2-N0
756140,IIFL210425-NW,IIFL210425-NW
12092,KAYNES-EQ,KAYNES-EQ
761461,1165ESFB32-N0,1165ESFB32-N0
1872,664TS51-SG,664TS51-SG
757922,BORANA-BL,BORANA-BL
760082,751UP40A-SG,751UP40A-SG
16945,NEULANDLAB-BL,NEULANDLAB-BL
28703,MAMATA-BL,MAMATA-BL
22167,717UK29-SG,717UK29-SG
23006,753IRED34-NA,753IRED34-NA
24131,812SFL27-N2,812SFL27-N2
756821,753PHFL30-N0,753PHFL30-N0
14311,INDIANB-BL,INDIANB-BL
5657,SHANTI-BL,SHANTI-BL
1194,GLAND-BL,GLAND-BL
760628,SIHF29-N0,SIHF29-N0
23610,BALUFORGE-BL,BALUFORGE-BL
28981,819CIFL26-N0,819CIFL26-N0
10958,748HP33-SG,748HP33-SG
759721,GROWWMC150-BL,GROWWMC150-BL
13943,UTIDQP35P3-MF,UTIDQP35P3-MF
12087,IFBAGRO-BL,IFBAGRO-BL
16795,ARCHIDPLY-EQ,ARCHIDPLY-EQ
20722,754AS28A-SG,754AS28A-SG
6878,686HP30-SG,686HP30-SG
21684,840TPL29-N3,840TPL29-N3
10718,772AP35-SG,772AP35-SG
24890,722MH45-SG,722MH45-SG
22374,65TN30-SG,65TN30-SG
9597,VENUSPIPES-BL,VENUSPIPES-BL
22506,767KL43-SG,767KL43-SG
18980,UNIVASTU-BL,UNIVASTU-BL
13913,757MH31-SG,757MH31-SG
758163,8IHFL27-N0,8IHFL27-N0
23760,741JK49-SG,741JK49-SG
23881,734RJ45-SG,734RJ45-SG
11467,QMSMEDI-SM,QMSMEDI-SM
758866,LAXMIINDIA-BL,LAXMIINDIA-BL
12862,AXISBANK-BL,AXISBANK-BL
15139,KAUSHALYA-BL,KAUSHALYA-BL
8493,724SK32-SG,724SK32-SG
759428,GROWWRLTY-EQ,GROWWRLTY-EQ
24905,BRACEPORT-SM,BRACEPORT-SM
3162,SIMPLEXINF-EQ,SIMPLEXINF-EQ
757019,651GJ33-SG,651GJ33-SG
18408,744RJ36-SG,744RJ36-SG
4792,706TS41-SG,706TS41-SG
24015,BOROSCI-BL,BOROSCI-BL
18255,SPAL-BL,SPAL-BL
23092,737KA38A-SG,737KA38A-SG
28822,715NL34-SG,715NL34-SG
27021,890BTL34-N0,890BTL34-N0
8428,RAJRILTD-BE,RAJRILTD-BE
29579,718TN55A-SG,718TN55A-SG
9850,NV20BEES-BL,NV20BEES-BL
9333,715HR28-SG,715HR28-SG
12448,HITECHGEAR-BL,HITECHGEAR-BL
20088,SCLZC26E-NP,SCLZC26E-NP
760695,AAFS30C-N0,AAFS30C-N0
21647,639AP26-SG,639AP26-SG
22009,652ML30-SG,652ML30-SG
18333,745HR35-SG,745HR35-SG
27723,DHANLAXMI-SM,DHANLAXMI-SM
5967,704AP34-SG,704AP34-SG
18906,888SCL25E-N4,888SCL25E-N4
21051,73HP30-SG,73HP30-SG
2690,729TR36-SG,729TR36-SG
17486,EXPLEOSOL-EQ,EXPLEOSOL-EQ
17458,741MN35-SG,741MN35-SG
27197,717GA35-SG,717GA35-SG
12939,CORALFINAC-BL,CORALFINAC-BL
13230,GVKPIL-BL,GVKPIL-BL
5005,719AP38-SG,719AP38-SG
17925,GEEKAYWIRE-BL,GEEKAYWIRE-BL
28277,710TS47-SG,710TS47-SG
14065,ASMS-BL,ASMS-BL
10847,771AP39-SG,771AP39-SG
3787,WIPRO-EQ,WIPRO-EQ
29573,711KA33-SG,711KA33-SG
21741,775SIDBI27-N1,775SIDBI27-N1
193,ARVIND-EQ,ARVIND-EQ
20359,704GJ30-SG,704GJ30-SG
15883,HINDWAREAP-EQ,HINDWAREAP-EQ
7815,728TS35-SG,728TS35-SG
11549,TEXINFRA-EQ,TEXINFRA-EQ
29245,875TVSH30-N0,875TVSH30-N0
1233,65GJ30A-SG,65GJ30A-SG
14394,UTIDGR36P1-MF,UTIDGR36P1-MF
21823,CADSYS-SM,CADSYS-SM
6600,GENUSPAPER-EQ,GENUSPAPER-EQ
12053,BHARATRAS-BL,BHARATRAS-BL
27353,ROSSTECH-EQ,ROSSTECH-EQ
3698,GAYAHWS-BL,GAYAHWS-BL
759053,SIDDHICOTS-SM,SIDDHICOTS-SM
17998,PGIMCSR4D-MF,PGIMCSR4D-MF
27147,BLACKBUCK-BL,BLACKBUCK-BL
498,903SFL28-YI,903SFL28-YI
758835,364D231026-TB,364D231026-TB
23093,738PY38-SG,738PY38-SG
19900,772UP34-SG,772UP34-SG
24821,975SCL28A-N0,975SCL28A-N0
18874,1003SCL30-BW,1003SCL30-BW
22140,717TR30-SG,717TR30-SG
24336,739MN36-SG,739MN36-SG
13881,765RJ33-SG,765RJ33-SG
2614,HERANBA-EQ,HERANBA-EQ
22571,BAWEJA-SM,BAWEJA-SM
7936,AVANTIFEED-EQ,AVANTIFEED-EQ
23834,80650SFL26-N1,80650SFL26-N1
12289,739ML26-SG,739ML26-SG
8501,741PN42-SG,741PN42-SG
17795,TREL-EQ,TREL-EQ
14944,GSEC10YEAR-BL,GSEC10YEAR-BL
7055,696TS45-SG,696TS45-SG
21039,648AP32-SG,648AP32-SG
16638,726HP29-SG,726HP29-SG
23592,GLOSTERLTD-BL,GLOSTERLTD-BL
20574,72AP30-SG,72AP30-SG
13814,KAMOPAINTS-EQ,KAMOPAINTS-EQ
12226,AURIONPRO-BL,AURIONPRO-BL
23170,8254KSFP29-N1,8254KSFP29-N1
2183,TSFINV-EQ,TSFINV-EQ
11424,77KL47-SG,77KL47-SG
19652,KALYANI-BL,KALYANI-BL
27107,SPECIALITY-EQ,SPECIALITY-EQ
5578,ACUTAAS-EQ,ACUTAAS-EQ
17615,SENSEXADD-BL,SENSEXADD-BL
24313,DTL-SM,DTL-SM
759951,JARO-EQ,JARO-EQ
8828,GAEL-EQ,GAEL-EQ
18341,VPRPL-EQ,VPRPL-EQ
760707,698SHFL28-N0,698SHFL28-N0
1745,665AP40-SG,665AP40-SG
5679,691MH34-SG,691MH34-SG
27304,793NIIF30-N0,793NIIF30-N0
2816,RALLIS-EQ,RALLIS-EQ
17433,NETWEB-EQ,NETWEB-EQ
3519,683WB31A-SG,683WB31A-SG
27571,ODIGMA-EQ,ODIGMA-EQ
18522,746GA38-SG,746GA38-SG
13300,NITCO-EQ,NITCO-EQ
758751,MEIL-BL,MEIL-BL
758188,696AP34-SG,696AP34-SG
22413,666TN30-SG,666TN30-SG
22181,815JK30-SG,815JK30-SG
15159,KALYANIFRG-BL,KALYANIFRG-BL
22016,750MZ30-SG,750MZ30-SG
17517,SETCO-BL,SETCO-BL
11160,756TS40-SG,756TS40-SG
19748,771UP33-SG,771UP33-SG
27077,LIQUIDPLUS-BL,LIQUIDPLUS-BL
14734,DLF-BL,DLF-BL
20600,670AP26-SG,670AP26-SG
24295,VSTTILLERS-BL,VSTTILLERS-BL
14413,PAGEIND-EQ,PAGEIND-EQ
24695,818TFSIL27-N0,818TFSIL27-N0
22145,695WB35-SG,695WB35-SG
758950,745SICCL30-N0,745SICCL30-N0
2048,INDIGOPNTS-EQ,INDIGOPNTS-EQ
759031,743MP43-SG,743MP43-SG
10207,793TS35-SG,793TS35-SG
20537,GRAVITA-BL,GRAVITA-BL
20351,775UP34-SG,775UP34-SG
10383,802AP38-SG,802AP38-SG
29274,12VCCL29A-N0,12VCCL29A-N0
12118,HDFCPVTBAN-BL,HDFCPVTBAN-BL
760669,76HR39-SG,76HR39-SG
22224,729GA29A-SG,729GA29A-SG
12220,ASIANPAINT-BL,ASIANPAINT-BL
759073,795AMLIL35-N0,795AMLIL35-N0
12210,APOLLOTYRE-BL,APOLLOTYRE-BL
27376,719LT34-N0,719LT34-N0
7480,BLUECOAST-EQ,BLUECOAST-EQ
23357,752GA39-SG,752GA39-SG
18292,IVZINGOLD-EQ,IVZINGOLD-EQ
11895,DCXINDIA-EQ,DCXINDIA-EQ
22196,726JH27-SG,726JH27-SG
756801,364D180626-TB,364D180626-TB
760393,73TFSIL29-N0,73TFSIL29-N0
30081,723HR39-SG,723HR39-SG
759249,950ISF35-N0,950ISF35-N0
25731,BANKPSU-BL,BANKPSU-BL
20654,65AP30-SG,65AP30-SG
23928,965SCL26A-ZB,965SCL26A-ZB
5038,699UP31-SG,699UP31-SG
17994,PGIMCSA4D-MF,PGIMCSA4D-MF
29070,712TS54-SG,712TS54-SG
11295,772WB38-SG,772WB38-SG
28278,710JK49-SG,710JK49-SG
2947,888REC29-NF,888REC29-NF
19809,MAITREYA-SM,MAITREYA-SM
16651,718GJ28-SG,718GJ28-SG
22989,74WB44-SG,74WB44-SG
757098,AONENIFTY-BL,AONENIFTY-BL
20556,INDIASHLTR-EQ,INDIASHLTR-EQ
1827,645GJ30A-SG,645GJ30A-SG
23405,SRM-BL,SRM-BL
28615,712PGCIL34-N0,712PGCIL34-N0
30191,CURAA-BE,CURAA-BE
12416,GTL-BL,GTL-BL
25033,IPHL-SM,IPHL-SM
10957,746MP32-SG,746MP32-SG
3681,SOLARA-BL,SOLARA-BL
16371,PANACHE-BL,PANACHE-BL
2454,CENTRUM-EQ,CENTRUM-EQ
760621,748KA35-SG,748KA35-SG
29107,722GJ35-SG,722GJ35-SG
29583,NATCAPSUQ-EQ,NATCAPSUQ-EQ
6355,SGBNOV26-GB,SGBNOV26-GB
6922,833GS2032-GS,833GS2032-GS
10717,TEAMGTY-EQ,TEAMGTY-EQ
27189,716RJ34-SG,716RJ34-SG
9683,KPITTECH-EQ,KPITTECH-EQ
3275,TEMBO-EQ,TEMBO-EQ
5460,PARIN-SM,PARIN-SM
25215,722HP39-SG,722HP39-SG
14276,759HP38-SG,759HP38-SG
23876,734KL55-SG,734KL55-SG
22625,746TS45-SG,746TS45-SG
25855,AFFORDABLE-EQ,AFFORDABLE-EQ
2033,IRFC-BL,IRFC-BL
14139,SBGLP-EQ,SBGLP-EQ
29508,714MH39-SG,714MH39-SG
13213,JAGRAN-BL,JAGRAN-BL
7823,729KA34-SG,729KA34-SG
2841,LXCHEM-EQ,LXCHEM-EQ
8477,XELPMOC-EQ,XELPMOC-EQ
13245,76KA32-SG,76KA32-SG
25832,709PY34-SG,709PY34-SG
13134,763KA40-SG,763KA40-SG
2475,ONGC-EQ,ONGC-EQ
15309,745RJ33-SG,745RJ33-SG
12476,INDNIPPON-BL,INDNIPPON-BL
12754,TEAMLEASE-BL,TEAMLEASE-BL
22917,865CIFC865-NP,865CIFC865-NP
21991,709MP30-SG,709MP30-SG
471,OSWALGREEN-EQ,OSWALGREEN-EQ
10543,765RJ32-SG,765RJ32-SG
17209,ITADD-BL,ITADD-BL
14836,797PN38-SG,797PN38-SG
9768,GSTL-ST,GSTL-ST
23186,MOREALTY-BL,MOREALTY-BL
14420,ASTRAL-BL,ASTRAL-BL
9746,PARADEEP-BL,PARADEEP-BL
13801,SUTLEJTEX-EQ,SUTLEJTEX-EQ
11723,JSWSTEEL-EQ,JSWSTEEL-EQ
10201,ICICM58-M1,ICICM58-M1
9879,CHEVIOT-EQ,CHEVIOT-EQ
23303,1015SCFL29-YY,1015SCFL29-YY
760131,739TPL28-N0,739TPL28-N0
628,CESC-EQ,CESC-EQ
20110,GREENPOWER-EQ,GREENPOWER-EQ
759390,731MZ41-SG,731MZ41-SG
10960,75HP36-SG,75HP36-SG
12810,TAJGVK-BL,TAJGVK-BL
12924,BANARBEADS-BL,BANARBEADS-BL
13937,UTIDAP35P3-MF,UTIDAP35P3-MF
480,BIRLACORPN-EQ,BIRLACORPN-EQ
13620,ANANTRAJ-EQ,ANANTRAJ-EQ
2176,AKG-EQ,AKG-EQ
12459,ICIL-BL,ICIL-BL
9932,VIKASLIFE-BL,VIKASLIFE-BL
24737,RPEL-BL,RPEL-BL
12903,ZEEL-BL,ZEEL-BL
13886,764MH33-SG,764MH33-SG
746,687AP35-SG,687AP35-SG
9915,783RJ32-SG,783RJ32-SG
1270,AMBUJACEM-EQ,AMBUJACEM-EQ
18116,ELECTCAST-W1,ELECTCAST-W1
20188,WABAG-EQ,WABAG-EQ
11590,77MH30-SG,77MH30-SG
31483,854NHPC28-N2,854NHPC28-N2
5497,SFMP49DD-MF,SFMP49DD-MF
12906,ZENSARTECH-BL,ZENSARTECH-BL
138,ROUTE-BL,ROUTE-BL
13459,KAMDHENU-BL,KAMDHENU-BL
5230,698TN31A-SG,698TN31A-SG
25002,IBULLSLTD-BL,IBULLSLTD-BL
759308,707GJ34A-SG,707GJ34A-SG
15274,CORDSCABLE-BL,CORDSCABLE-BL
16825,VINYLINDIA-BL,VINYLINDIA-BL
30471,MID150-BL,MID150-BL
23384,VHLTD-BL,VHLTD-BL
2266,707AS31-SG,707AS31-SG
25847,HYUNDAI-BL,HYUNDAI-BL
13544,VIDHIING-BL,VIDHIING-BL
25809,LLOYDSENT-BL,LLOYDSENT-BL
24410,ABGSEC-BL,ABGSEC-BL
8364,743HR41-SG,743HR41-SG
17888,GATECH-EQ,GATECH-EQ
20914,672AP28-SG,672AP28-SG
757546,682TN36-SG,682TN36-SG
18210,749UP34-SG,749UP34-SG
21554,HALEOSLABS-BL,HALEOSLABS-BL
11637,SALSTEEL-BE,SALSTEEL-BE
24796,828PHFL26-N0,828PHFL26-N0
22103,641TN30-SG,641TN30-SG
21912,718KL29-SG,718KL29-SG
760560,716KA31-SG,716KA31-SG
22035,708RJ30-SG,708RJ30-SG
6051,CYBERTECH-EQ,CYBERTECH-EQ
757767,SAMBHV-EQ,SAMBHV-EQ
759477,CANHLIFE-EQ,CANHLIFE-EQ
30455,SPECTRUM-EQ,SPECTRUM-EQ
29171,LAXMIDENTL-EQ,LAXMIDENTL-EQ
2937,685ML31-SG,685ML31-SG
14479,DIVGIITTS-EQ,DIVGIITTS-EQ
4552,GS220250C-GS,GS220250C-GS
756886,686NHPCL34-N0,686NHPCL34-N0
24909,INTERARCH-EQ,INTERARCH-EQ
21019,971SCL28B-YD,971SCL28B-YD
27003,712TN34A-SG,712TN34A-SG
760923,KNAGRI-EQ,KNAGRI-EQ
760013,714TN34A-SG,714TN34A-SG
1253,67JK32-SG,67JK32-SG
22893,832TPL28-N6,832TPL28-N6
15018,MAANALU-BE,MAANALU-BE
9785,79AP33-SG,79AP33-SG
22124,72TN31-SG,72TN31-SG
23589,748AP44A-SG,748AP44A-SG
9819,HAVELLS-EQ,HAVELLS-EQ
9782,783WB32-SG,783WB32-SG
2859,RAYMOND-EQ,RAYMOND-EQ
9982,85PFL26A-N7,85PFL26A-N7
13143,GSEC10IETF-EQ,GSEC10IETF-EQ
15353,RECLTD-BL,RECLTD-BL
17282,BLS-BL,BLS-BL
758120,AARADHYA-SM,AARADHYA-SM
760561,AVTL29-N0,AVTL29-N0
6093,675GJ29-SG,675GJ29-SG
12225,ATUL-BL,ATUL-BL
25351,70CG29-SG,70CG29-SG
4299,STERTOOLS-EQ,STERTOOLS-EQ
18005,BPF02D1R-MF,BPF02D1R-MF
13150,UTIDAP35P2-MF,UTIDAP35P2-MF
17112,745TN43-SG,745TN43-SG
7512,703AS31-SG,703AS31-SG
9531,763AP30-SG,763AP30-SG
20032,735NABAR31-N1,735NABAR31-N1
10794,CANBK-EQ,CANBK-EQ
2124,MASTEK-EQ,MASTEK-EQ
757547,698MH37-SG,698MH37-SG
17703,MIDSELIETF-BL,MIDSELIETF-BL
10825,MOVALUE-EQ,MOVALUE-EQ
756718,832HHFL27-N0,832HHFL27-N0
12266,BIRLACABLE-BL,BIRLACABLE-BL
3150,SIEMENS-EQ,SIEMENS-EQ
9777,78GJ32-SG,78GJ32-SG
757425,60TN28-SG,60TN28-SG
21031,8HR30-SG,8HR30-SG
14501,BALAMINES-EQ,BALAMINES-EQ
758927,754BR33-SG,754BR33-SG
11592,HDFCNIFTY-BL,HDFCNIFTY-BL
2717,PRECWIRE-EQ,PRECWIRE-EQ
15019,759PN33-SG,759PN33-SG
8680,713RJ29-SG,713RJ29-SG
5385,AAVAS-EQ,AAVAS-EQ
11699,PATELENG-EQ,PATELENG-EQ
25595,AAFS28C-N0,AAFS28C-N0
24656,734AP44-SG,734AP44-SG
6553,NYKAA-BL,NYKAA-BL
14098,766BR33-SG,766BR33-SG
18199,FISTIPD3MD-MF,FISTIPD3MD-MF
18518,748AP38A-SG,748AP38A-SG
5499,SFMP49GD-MF,SFMP49GD-MF
7929,ZYDUSLIFE-EQ,ZYDUSLIFE-EQ
24662,731TS50-SG,731TS50-SG
25208,MYMUDRA-SM,MYMUDRA-SM
10576,NIFTYBEES-EQ,NIFTYBEES-EQ
14797,MEGASOFT-BE,MEGASOFT-BE
1884,CARYSIL-BL,CARYSIL-BL
14278,ORIENTBELL-EQ,ORIENTBELL-EQ
757174,930APMD34-N0,930APMD34-N0
757912,689GA35-SG,689GA35-SG
1597,INGERRAND-EQ,INGERRAND-EQ
14950,MOTILALOFS-BL,MOTILALOFS-BL
6317,663HR28-SG,663HR28-SG
760713,182D170726-TB,182D170726-TB
19015,MVGJL-EQ,MVGJL-EQ
3001,BSE500IETF-EQ,BSE500IETF-EQ
14280,753TN53-SG,753TN53-SG
29122,723MZ40-SG,723MZ40-SG
14134,PITTIENG-EQ,PITTIENG-EQ
18749,SIGNATURE-BL,SIGNATURE-BL
25890,744SIDBI28-N0,744SIDBI28-N0
20488,ACCENTMIC-SM,ACCENTMIC-SM
2309,BESTAGRO-BL,BESTAGRO-BL
760202,SHRIKANHA-SM,SHRIKANHA-SM
12503,JAICORPLTD-BL,JAICORPLTD-BL
760645,745TOPL28-N0,745TOPL28-N0
10463,782NL32-SG,782NL32-SG
760569,75TN37-SG,75TN37-SG
29286,713WB42-SG,713WB42-SG
2431,RAILTEL-EQ,RAILTEL-EQ
22492,76TN31-SG,76TN31-SG
29252,ITCHOTELS-BL,ITCHOTELS-BL
17958,84CIFCL28-NA,84CIFCL28-NA
13349,UMA-SM,UMA-SM
23950,SCL310524A-ZK,SCL310524A-ZK
13961,KUANTUM-BL,KUANTUM-BL
757341,699SFL27-N0,699SFL27-N0
3608,AXISHCETF-EQ,AXISHCETF-EQ
12680,PONNIERODE-BL,PONNIERODE-BL
2497,SILGO-BL,SILGO-BL
30238,902SCL28-N1,902SCL28-N1
2513,BCLIND-EQ,BCLIND-EQ
760926,KNAGRI-BL,KNAGRI-BL
10470,782SK32-SG,782SK32-SG
23563,795SHFL34-N2,795SHFL34-N2
13392,77JK37-SG,77JK37-SG
760643,714TFSIL28-N0,714TFSIL28-N0
19737,766KL46-SG,766KL46-SG
13108,SFMP73GR-MF,SFMP73GR-MF
756882,803ABCL35-N0,803ABCL35-N0
19729,772AP41-SG,772AP41-SG
24376,LIQUIDSHRI-BL,LIQUIDSHRI-BL
20800,BHAGYANGR-BL,BHAGYANGR-BL
28503,816KSFP29-N0,816KSFP29-N0
13164,UTIRQP35P2-MF,UTIRQP35P2-MF
760262,WAKEFIT-BL,WAKEFIT-BL
20297,TATATECH-BL,TATATECH-BL
6364,NATIONALUM-EQ,NATIONALUM-EQ
10950,TMB-BL,TMB-BL
30098,723RJ38-SG,723RJ38-SG
19521,756JK53-SG,756JK53-SG
955,ESABINDIA-EQ,ESABINDIA-EQ
10357,783AS32-SG,783AS32-SG
22742,744CG29-SG,744CG29-SG
24715,AKUMS-EQ,AKUMS-EQ
5889,693AP38-SG,693AP38-SG
21054,688AP35-SG,688AP35-SG
22178,655WB30-SG,655WB30-SG
17868,NIDOZC26-N7,NIDOZC26-N7
27280,774LICH27-N0,774LICH27-N0
23815,742HR34-SG,742HR34-SG
4998,699GA31-SG,699GA31-SG
25217,722TN54A-SG,722TN54A-SG
12800,SURANAT&P-BL,SURANAT&P-BL
2925,683WB31-SG,683WB31-SG
15399,EIHAHOTELS-EQ,EIHAHOTELS-EQ
20352,774TS35-SG,774TS35-SG
23052,SONAMAC-SM,SONAMAC-SM
23181,MOSMALL250-EQ,MOSMALL250-EQ
21032,726GJ29-SG,726GJ29-SG
17333,MHRIL-EQ,MHRIL-EQ
9858,FIDEL-SM,FIDEL-SM
12933,97SFL26-Z9,97SFL26-Z9
24488,732HR36A-SG,732HR36A-SG
30175,689TN28-SG,689TN28-SG
7087,923GS2043-GS,923GS2043-GS
381,SINTERCOM-EQ,SINTERCOM-EQ
20957,SUNCLAY-BL,SUNCLAY-BL
18426,ASIANHOTNR-BL,ASIANHOTNR-BL
3762,701AP39-SG,701AP39-SG
25691,713AS39-SG,713AS39-SG
12636,NOCIL-BL,NOCIL-BL
12080,DELTAMAGNT-BL,DELTAMAGNT-BL
22613,748MH35-SG,748MH35-SG
16987,743AP39-SG,743AP39-SG
14525,ICRA-BL,ICRA-BL
756785,KRISHIVAL-BL,KRISHIVAL-BL
16974,74CG30-SG,74CG30-SG
14238,HDFCMID150-BL,HDFCMID150-BL
2400,735KA39-SG,735KA39-SG
757531,730SICC28-N0,730SICC28-N0
759247,JAINREC-BL,JAINREC-BL
20358,720AS30-SG,720AS30-SG
759411,OMFREIGHT-EQ,OMFREIGHT-EQ
12273,BOMDYEING-BL,BOMDYEING-BL
19018,MVGJL-BL,MVGJL-BL
14643,772GJ34-SG,772GJ34-SG
12421,GFLLIMITED-BL,GFLLIMITED-BL
760372,915APSBC31-N0,915APSBC31-N0
4934,IPL-EQ,IPL-EQ
758836,SIMBHALS-BZ,SIMBHALS-BZ
13061,360ONE-EQ,360ONE-EQ
13543,HDFC1204DQ-MF,HDFC1204DQ-MF
8134,704TN30A-SG,704TN30A-SG
757556,71WB51-SG,71WB51-SG
22703,748WB43-SG,748WB43-SG
592,GRAPHITE-EQ,GRAPHITE-EQ
759087,URBANCO-BL,URBANCO-BL
16641,729HP31-SG,729HP31-SG
2144,BDL-EQ,BDL-EQ
16859,SINDHUTRAD-EQ,SINDHUTRAD-EQ
18407,744HR35-SG,744HR35-SG
590,669PN30-SG,669PN30-SG
21895,692PN35-SG,692PN35-SG
24198,733RJ43-SG,733RJ43-SG
1528,66ML30-SG,66ML30-SG
25500,712MP36-SG,712MP36-SG
6673,FOODSIN-EQ,FOODSIN-EQ
758498,SBILIQETF-BL,SBILIQETF-BL
22618,749AP39-SG,749AP39-SG
8121,737TS36-SG,737TS36-SG
20477,772KA35A-SG,772KA35A-SG
760745,770TOPL30-N0,770TOPL30-N0
14166,762MZ36-SG,762MZ36-SG
23647,FILATFASH-EQ,FILATFASH-EQ
757400,663GA35-SG,663GA35-SG
24838,705GJ28-SG,705GJ28-SG
23683,742TS48-SG,742TS48-SG
756956,91PFL27-N0,91PFL27-N0
14156,768GJ30-SG,768GJ30-SG
757654,714MH45-SG,714MH45-SG
5969,691AS31-SG,691AS31-SG
1979,LMW-EQ,LMW-EQ
18223,KECL-BL,KECL-BL
760753,759AP43-SG,759AP43-SG
18553,JLHL-EQ,JLHL-EQ
20225,768TS37-SG,768TS37-SG
757816,GROWWNET-BL,GROWWNET-BL
30173,718TN55B-SG,718TN55B-SG
13156,UTIRAP35P2-MF,UTIRAP35P2-MF
12735,SAREGAMA-BL,SAREGAMA-BL
12672,PCBL-BL,PCBL-BL
757735,680TN35-SG,680TN35-SG
8549,CHALET-BL,CHALET-BL
756004,1050UCL28-NH,1050UCL28-NH
7813,714KA32-SG,714KA32-SG
757740,714TS49-SG,714TS49-SG
2085,MAHSCOOTER-EQ,MAHSCOOTER-EQ
18268,AEROFLEX-EQ,AEROFLEX-EQ
10845,771KL42-SG,771KL42-SG
11223,UCOBANK-EQ,UCOBANK-EQ
12330,DHAMPURSUG-BL,DHAMPURSUG-BL
1023,FEDERALBNK-EQ,FEDERALBNK-EQ
760582,761AP42-SG,761AP42-SG
30196,744RL28-N0,744RL28-N0
25789,KANANIIND-BL,KANANIIND-BL
969,675RJ30-SG,675RJ30-SG
24756,727MH39-SG,727MH39-SG
759985,698GJ32-SG,698GJ32-SG
22752,747MH36-SG,747MH36-SG
7861,733MP42-SG,733MP42-SG
3520,684MH32-SG,684MH32-SG
21959,NIFTYBETF-EQ,NIFTYBETF-EQ
29692,715AS35B-SG,715AS35B-SG
11423,DATAMATICS-EQ,DATAMATICS-EQ
20560,DOLLAR-EQ,DOLLAR-EQ
24145,RETAIL-EQ,RETAIL-EQ
30440,708HR39-SG,708HR39-SG
6112,713AP36A-SG,713AP36A-SG
3645,699TN41-SG,699TN41-SG
9862,WEWIN-EQ,WEWIN-EQ
13540,HDFC1204DG-MF,HDFC1204DG-MF
23422,749PN32-SG,749PN32-SG
30160,715UP37A-SG,715UP37A-SG
3950,JAKHARIA-ST,JAKHARIA-ST
759442,PATELRMART-BL,PATELRMART-BL
22264,649AP33-SG,649AP33-SG
757936,710TS57-SG,710TS57-SG
760502,716GJ31-SG,716GJ31-SG
759954,JARO-BL,JARO-BL
22344,ALPL30IETF-EQ,ALPL30IETF-EQ
1610,AURIGROW-BE,AURIGROW-BE
1403,HINDOILEXP-EQ,HINDOILEXP-EQ
905,KHAICHEM-BL,KHAICHEM-BL
22197,737JH31-SG,737JH31-SG
573,FELIX-SM,FELIX-SM
28819,717MP41-SG,717MP41-SG
756095,677MH38-SG,677MH38-SG
23883,734AP48-SG,734AP48-SG
5366,WINDLAS-EQ,WINDLAS-EQ
20598,658GA30-SG,658GA30-SG
19734,GPPL-BL,GPPL-BL
7711,724AP38-SG,724AP38-SG
18758,KALAMANDIR-BL,KALAMANDIR-BL
20534,GRAVITA-EQ,GRAVITA-EQ
25203,BALAJEE-EQ,BALAJEE-EQ
12828,TFCILTD-BL,TFCILTD-BL
14598,SGBMAR31IV-GB,SGBMAR31IV-GB
24927,ELGIRUBCO-BL,ELGIRUBCO-BL
7791,UNIINFO-EQ,UNIINFO-EQ
10647,774AP31-SG,774AP31-SG
21502,767CG33-SG,767CG33-SG
21916,67KL27-SG,67KL27-SG
14845,784RJ41-SG,784RJ41-SG
20344,771HR33-SG,771HR33-SG
7205,668GS2031-GS,668GS2031-GS
13748,GTLINFRA-BL,GTLINFRA-BL
25372,785TRPEL34-N0,785TRPEL34-N0
757392,692TS45-SG,692TS45-SG
24532,FILATEX-EQ,FILATEX-EQ
757687,CEDAAR-SM,CEDAAR-SM
4782,706WB36-SG,706WB36-SG
21096,SAIFL-SM,SAIFL-SM
23194,746RJ34-SG,746RJ34-SG
29452,AGARWALEYE-EQ,AGARWALEYE-EQ
27951,709IRFC34-N0,709IRFC34-N0
757794,BRIGHOTEL-EQ,BRIGHOTEL-EQ
13088,AIAENG-BL,AIAENG-BL
27266,ITTL-ST,ITTL-ST
16782,734MH31-SG,734MH31-SG
759169,MWL-EQ,MWL-EQ
2885,RELIANCE-EQ,RELIANCE-EQ
24057,741PN34A-SG,741PN34A-SG
23958,971SCL29A-ZN,971SCL29A-ZN
8050,MAHLIFE-EQ,MAHLIFE-EQ
13425,EMKAY-BL,EMKAY-BL
759192,745HR42-SG,745HR42-SG
19129,KIOCL-BL,KIOCL-BL
1871,665AP41-SG,665AP41-SG
10602,GUJGASLTD-BL,GUJGASLTD-BL
14379,776MN35-SG,776MN35-SG
14900,SAHYADRI-EQ,SAHYADRI-EQ
759984,656RJ29-SG,656RJ29-SG
7879,SGBJAN30IX-GB,SGBJAN30IX-GB
27110,SPECIALITY-BL,SPECIALITY-BL
4067,MARICO-EQ,MARICO-EQ
29500,711KA35A-SG,711KA35A-SG
16088,PRINCEPIPE-BL,PRINCEPIPE-BL
28818,716KA40-SG,716KA40-SG
21651,730JK29-SG,730JK29-SG
12187,AEGISLOG-BL,AEGISLOG-BL
7195,679GS2029-GS,679GS2029-GS
8455,H1861D46RG-MF,H1861D46RG-MF
1616,FAIRCHEMOR-BL,FAIRCHEMOR-BL
12328,763TS44-SG,763TS44-SG
3541,AXISBPSETF-BL,AXISBPSETF-BL
25700,70KA30-SG,70KA30-SG
13016,SANGHIIND-BL,SANGHIIND-BL
25558,1015SCL29B-N1,1015SCL29B-N1
18182,FISTIP3GP-MF,FISTIP3GP-MF
30025,726TN55-SG,726TN55-SG
759318,744TS58-SG,744TS58-SG
13397,769PY37-SG,769PY37-SG
11411,RKFORGE-EQ,RKFORGE-EQ
23202,745HR35B-SG,745HR35B-SG
757548,703MH38-SG,703MH38-SG
17357,GKWLIMITED-EQ,GKWLIMITED-EQ
2073,VTL-EQ,VTL-EQ
264,NIRAJ-BL,NIRAJ-BL
757339,AEGISVOPAK-BL,AEGISVOPAK-BL
1465,ACCURACY-EQ,ACCURACY-EQ
21500,764GJ33-SG,764GJ33-SG
759332,751MP48-SG,751MP48-SG
12100,KHANDSE-BL,KHANDSE-BL
10604,BHARTIARTL-EQ,BHARTIARTL-EQ
5265,ALIVUS-EQ,ALIVUS-EQ
206,ASHIMASYN-EQ,ASHIMASYN-EQ
17328,734TS44-SG,734TS44-SG
758852,AAFS30-N0,AAFS30-N0
10268,804PN42-SG,804PN42-SG
11920,VITAL-SM,VITAL-SM
12790,SUNDRMBRAK-BL,SUNDRMBRAK-BL
759861,75TS51-SG,75TS51-SG
760314,805SICCL35-N0,805SICCL35-N0
19937,KILITCH-EQ,KILITCH-EQ
7893,69PY28-SG,69PY28-SG
15199,MANAKSIA-EQ,MANAKSIA-EQ
11286,771MN32-SG,771MN32-SG
18322,744RJ33A-SG,744RJ33A-SG
20481,WIPL-EQ,WIPL-EQ
28861,IHF261224-N1,IHF261224-N1
11154,SGBJUL27-GB,SGBJUL27-GB
23289,0SCL26-YR,0SCL26-YR
757111,671TN35A-SG,671TN35A-SG
12696,RSWM-BL,RSWM-BL
29992,727TS47-SG,727TS47-SG
3880,SOMANYCERA-EQ,SOMANYCERA-EQ
756102,679HP34-SG,679HP34-SG
19869,AMNPLST-BL,AMNPLST-BL
18181,FICRFD3GPD-MF,FICRFD3GPD-MF
14771,TARMAT-EQ,TARMAT-EQ
13299,VISASTEEL-BL,VISASTEEL-BL
30010,722OR36-SG,722OR36-SG
7058,HESTERBIO-BL,HESTERBIO-BL
758136,GVPTECHPP-E1,GVPTECHPP-E1
12075,GENESYS-BL,GENESYS-BL
31110,DBSTOCKBRO-BL,DBSTOCKBRO-BL
6990,684RJ31B-SG,684RJ31B-SG
18973,619GS2034-GS,619GS2034-GS
757763,SUNTECH-SM,SUNTECH-SM
758667,MANUFGBEES-EQ,MANUFGBEES-EQ
22219,685WB30-SG,685WB30-SG
27035,747IIFCL27-N0,747IIFCL27-N0
11975,RML-EQ,RML-EQ
22233,DHUNINV-EQ,DHUNINV-EQ
13378,UTTAMSUGAR-BL,UTTAMSUGAR-BL
9695,762MH30-SG,762MH30-SG
22827,JUNIPER-BL,JUNIPER-BL
758644,666SIDBI28-N0,666SIDBI28-N0
759432,182D090426-TB,182D090426-TB
13770,755TS30-SG,755TS30-SG
22166,706UK30-SG,706UK30-SG
29962,JUSTDIAL-EQ,JUSTDIAL-EQ
2759,716UP31-SG,716UP31-SG
9788,785KL34-SG,785KL34-SG
23295,902SCL27-YU,902SCL27-YU
757565,717SHFL30-N0,717SHFL30-N0
3351,SUNPHARMA-EQ,SUNPHARMA-EQ
25609,MOMENTUM50-BL,MOMENTUM50-BL
759975,925ECL28-N2,925ECL28-N2
29047,701GJ31-SG,701GJ31-SG
12247,BASF-BL,BASF-BL
3160,SFMP42DR-MF,SFMP42DR-MF
30236,1015SCL30-N1,1015SCL30-N1
2071,645RJ27-SG,645RJ27-SG
23325,747RJ33-SG,747RJ33-SG
20034,764NABAR31-N2,764NABAR31-N2
758731,364D280826-TB,364D280826-TB
8161,FIBERWEB-BL,FIBERWEB-BL
24994,722MP45-SG,722MP45-SG
14353,758TS45-SG,758TS45-SG
21017,FMNL-EQ,FMNL-EQ
4423,GS220230C-GS,GS220230C-GS
756871,ENRIN-EQ,ENRIN-EQ
1274,VASA-SM,VASA-SM
759183,733JH34-SG,733JH34-SG
24995,723AP46-SG,723AP46-SG
30224,971SCL30A-N1,971SCL30A-N1
3403,AJOONI-EQ,AJOONI-EQ
21389,66GA30-SG,66GA30-SG
778,KEEPLEARN-EQ,KEEPLEARN-EQ
5507,SERVOTECH-EQ,SERVOTECH-EQ
22073,659RJ30-SG,659RJ30-SG
29279,705GJ34-SG,705GJ34-SG
13944,PRAENG-BL,PRAENG-BL
19745,768TN30A-SG,768TN30A-SG
12411,GREENPLY-BL,GREENPLY-BL
8138,732AS32-SG,732AS32-SG
14721,948SCL26D-AI,948SCL26D-AI
12773,SPIC-BL,SPIC-BL
760634,756OR38-SG,756OR38-SG
24524,SBINEQWETF-EQ,SBINEQWETF-EQ
5859,889SCL28-NU,889SCL28-NU
25255,KROSS-BL,KROSS-BL
20573,717KA29-SG,717KA29-SG
29700,716PY40A-SG,716PY40A-SG
2581,725TS41-SG,725TS41-SG
760459,1150AFIL28-N0,1150AFIL28-N0
12110,BLUECOAST-BL,BLUECOAST-BL
24984,727MN36-SG,727MN36-SG
29678,BAJAJINDEF-EQ,BAJAJINDEF-EQ
22971,7835LIC27-N1,7835LIC27-N1
24988,726AS39-SG,726AS39-SG
15308,SEPC-EQ,SEPC-EQ
11866,757GJ26-SG,757GJ26-SG
24025,KRONOX-EQ,KRONOX-EQ
24223,1190VCCL26-N0,1190VCCL26-N0
23494,75AS34-SG,75AS34-SG
11161,756WB42-SG,756WB42-SG
18254,PYRAMID-BL,PYRAMID-BL
12874,VESUVIUS-BL,VESUVIUS-BL
760271,752TS36-SG,752TS36-SG
21239,78NABARD27-N0,78NABARD27-N0
422,BHARATFORG-EQ,BHARATFORG-EQ
7603,CMSINFO-EQ,CMSINFO-EQ
17845,LTIM-BL,LTIM-BL
29116,CARERATING-BL,CARERATING-BL
21869,TIRUPATI-ST,TIRUPATI-ST
23434,746AP43A-SG,746AP43A-SG
756829,GROWWSLVR-BL,GROWWSLVR-BL
760928,NEOCHEM-SM,NEOCHEM-SM
27170,709GS2074-GS,709GS2074-GS
12777,SRF-BL,SRF-BL
12365,FDC-BL,FDC-BL
759019,685NBRD29-N0,685NBRD29-N0
467,HDFCLIFE-EQ,HDFCLIFE-EQ
19167,767PN35-SG,767PN35-SG
19413,ROSSARI-BL,ROSSARI-BL
13045,LIQUIDBEES-BL,LIQUIDBEES-BL
17398,718GS2037-GS,718GS2037-GS
13292,BLKASHYAP-BL,BLKASHYAP-BL
12641,NTPC-BL,NTPC-BL
14341,777AP40-SG,777AP40-SG
12018,SUZLON-EQ,SUZLON-EQ
8187,709AS32-SG,709AS32-SG
10514,NIFTYBETA-BL,NIFTYBETA-BL
22903,GOLDCASE-BL,GOLDCASE-BL
19906,759RJ46-SG,759RJ46-SG
12311,774KA37-SG,774KA37-SG
22011,72ML29-SG,72ML29-SG
25948,765SHFL29-N0,765SHFL29-N0
23669,AAFS27B-N4,AAFS27B-N4
20498,PRESSTONIC-SM,PRESSTONIC-SM
22263,649TS50-SG,649TS50-SG
13762,MANOMAY-BL,MANOMAY-BL
15262,741AP30-SG,741AP30-SG
18198,FISTIPD3GP-MF,FISTIPD3GP-MF
12403,FMGOETZE-BL,FMGOETZE-BL
29243,PCHFL23125-N0,PCHFL23125-N0
15147,AGUL-SM,AGUL-SM
2386,72GA31-SG,72GA31-SG
13731,CMNL-SM,CMNL-SM
15222,PATINTLOG-BL,PATINTLOG-BL
21920,705MN30-SG,705MN30-SG
12774,SPLIL-BL,SPLIL-BL
18703,744MP35-SG,744MP35-SG
12323,DATAMATICS-BL,DATAMATICS-BL
22688,ALPEXSOLAR-SM,ALPEXSOLAR-SM
18868,10SCL30A-BV,10SCL30A-BV
19891,773UP33A-SG,773UP33A-SG
13772,757TS31-SG,757TS31-SG
17767,REFEX-BL,REFEX-BL
22457,671TS50-SG,671TS50-SG
16976,742CG31-SG,742CG31-SG
25155,980SFIL29-N0,980SFIL29-N0
20905,AZAD-EQ,AZAD-EQ
23183,MOSMALL250-BL,MOSMALL250-BL
757045,72092LTF27-N0,72092LTF27-N0
29007,715UP37-SG,715UP37-SG
28814,715BR34A-SG,715BR34A-SG
22201,785UK30-SG,785UK30-SG
20793,SUMEETINDS-BL,SUMEETINDS-BL
29296,710RJ50-SG,710RJ50-SG
7844,AUTOIETF-EQ,AUTOIETF-EQ
760119,GLOTTIS-BL,GLOTTIS-BL
1964,TRENT-EQ,TRENT-EQ
11254,HDFCGROWTH-BL,HDFCGROWTH-BL
24317,AAFS28-N0,AAFS28-N0
30435,71SK35-SG,71SK35-SG
29519,714UK32-SG,714UK32-SG
11142,SUMIT-BL,SUMIT-BL
3422,745IGT26-NC,745IGT26-NC
760774,749OR36-SG,749OR36-SG
758346,EEPL-SM,EEPL-SM
29297,711TS47-SG,711TS47-SG
15219,PATINTLOG-EQ,PATINTLOG-EQ
10469,POWERMECH-BL,POWERMECH-BL
757721,12VCCL29C-N0,12VCCL29C-N0
21346,JYOTICNC-BL,JYOTICNC-BL
22725,WTICAB-SM,WTICAB-SM
13149,PVRINOX-BL,PVRINOX-BL
756788,668RJ35-SG,668RJ35-SG
22297,654MP35-SG,654MP35-SG
757833,715RJ53-SG,715RJ53-SG
5585,VIJAYA-EQ,VIJAYA-EQ
8120,744KA35-SG,744KA35-SG
14922,PURVA-EQ,PURVA-EQ
27686,708UP38-SG,708UP38-SG
7819,714RJ32-SG,714RJ32-SG
759241,FINKURVE-BL,FINKURVE-BL
431,691AS30-SG,691AS30-SG
760254,CORONA-EQ,CORONA-EQ
24019,TBI-SM,TBI-SM
28764,CEWATER-EQ,CEWATER-EQ
6099,697UP31A-SG,697UP31A-SG
4751,INDRAMEDCO-EQ,INDRAMEDCO-EQ
9523,SFMP1GD-MF,SFMP1GD-MF
17704,QUESS-EQ,QUESS-EQ
24048,738PY38A-SG,738PY38A-SG
5691,687MN31-SG,687MN31-SG
1547,RKEC-EQ,RKEC-EQ
19287,KONTOR-SM,KONTOR-SM
1327,HCL-INSYS-EQ,HCL-INSYS-EQ
760516,762WB41-SG,762WB41-SG
25982,758SDIL31-N0,758SDIL31-N0
758413,182D120226-TB,182D120226-TB
28827,716UP39-SG,716UP39-SG
14270,771AP33-SG,771AP33-SG
10885,JFLLIFE-SM,JFLLIFE-SM
17364,VINATIORGA-EQ,VINATIORGA-EQ
17808,QUAL30IETF-EQ,QUAL30IETF-EQ
757772,HDBFS-EQ,HDBFS-EQ
19867,AMNPLST-EQ,AMNPLST-EQ
757481,SCODATUBES-BL,SCODATUBES-BL
18083,752PN35-SG,752PN35-SG
13528,GMRAIRPORT-EQ,GMRAIRPORT-EQ
759874,72841ABH30-N0,72841ABH30-N0
14712,HGS-EQ,HGS-EQ
15020,MAANALU-BL,MAANALU-BL
95,676MP33-SG,676MP33-SG
757485,842HFL27-N0,842HFL27-N0
11343,AFFLE-EQ,AFFLE-EQ
29631,756IIFCL28-N0,756IIFCL28-N0
24218,IVZINNIFTY-BL,IVZINNIFTY-BL
759559,930PFL29-N0,930PFL29-N0
25398,ARKADE-EQ,ARKADE-EQ
761340,860AEL28-NH,860AEL28-NH
18825,ENDURANCE-BL,ENDURANCE-BL
23326,743TN34-SG,743TN34-SG
20937,767GA33A-SG,767GA33A-SG
24750,DHARIWAL-ST,DHARIWAL-ST
10568,RAMAPHO-EQ,RAMAPHO-EQ
759728,EMMVEE-EQ,EMMVEE-EQ
29299,710TS50-SG,710TS50-SG
23086,738UP34-SG,738UP34-SG
757429,668AP35B-SG,668AP35B-SG
9014,ANUP-EQ,ANUP-EQ
17199,PAKKA-BL,PAKKA-BL
15032,PSUBNKBEES-EQ,PSUBNKBEES-EQ
3237,JTEKTINDIA-EQ,JTEKTINDIA-EQ
4752,683MH31-SG,683MH31-SG
29578,NIF100BEES-BL,NIF100BEES-BL
18501,SABEVENTS-BE,SABEVENTS-BE
759862,75TS52-SG,75TS52-SG
22621,752MZ40-SG,752MZ40-SG
15405,PDMJEPAPER-BL,PDMJEPAPER-BL
760503,719KA32-SG,719KA32-SG
757555,71WB50-SG,71WB50-SG
11293,UNIENTER-EQ,UNIENTER-EQ
18835,MITTAL-BL,MITTAL-BL
5575,SGBSEP29VI-GB,SGBSEP29VI-GB
24780,OLAELEC-BL,OLAELEC-BL
19698,HMT-BZ,HMT-BZ
23650,MUTHOOTFIN-EQ,MUTHOOTFIN-EQ
755956,816ABCL29-NH,816ABCL29-NH
23530,TGL-ST,TGL-ST
12910,21STCENMGM-BL,21STCENMGM-BL
27149,713BR34A-SG,713BR34A-SG
25587,TRITURBINE-BL,TRITURBINE-BL
11571,PPLPHARMA-EQ,PPLPHARMA-EQ
760652,7EHLS346-N0,7EHLS346-N0
22341,662WB35-SG,662WB35-SG
20095,TASTYBITE-BL,TASTYBITE-BL
11273,749GJ26-SG,749GJ26-SG
17270,ASPINWALL-EQ,ASPINWALL-EQ
2892,INTERISE-IV,INTERISE-IV
11770,78KL45-SG,78KL45-SG
6818,LATENTVIEW-EQ,LATENTVIEW-EQ
11984,767KA32-SG,767KA32-SG
6040,EIFFL-EQ,EIFFL-EQ
20075,948SCL26A-NN,948SCL26A-NN
758934,772MN37-SG,772MN37-SG
24856,SSDL-EQ,SSDL-EQ
20220,768UP34A-SG,768UP34A-SG
8580,74HR37-SG,74HR37-SG
29999,721TN32-SG,721TN32-SG
7193,662GS2051-GS,662GS2051-GS
24977,975SIPL27A-N0,975SIPL27A-N0
759142,ABCOTS-BL,ABCOTS-BL
23425,746AP44-SG,746AP44-SG
20303,GANDHAR-EQ,GANDHAR-EQ
25606,MOMENTUM50-EQ,MOMENTUM50-EQ
21697,MANAV-SM,MANAV-SM
10233,765GJ29-SG,765GJ29-SG
24364,743NBFID34-N0,743NBFID34-N0
759046,182D260326-TB,182D260326-TB
23987,AIMTRON-ST,AIMTRON-ST
760956,1225DCCL27-N0,1225DCCL27-N0
14645,773MH34-SG,773MH34-SG
757744,713KL58-SG,713KL58-SG
17111,746AP43-SG,746AP43-SG
760139,INVICTA-SM,INVICTA-SM
25227,803ABHFL29-N0,803ABHFL29-N0
8175,SAGARDEEP-EQ,SAGARDEEP-EQ
759172,MWL-BL,MWL-BL
25474,713RJ39-SG,713RJ39-SG
6885,828GS2032-GS,828GS2032-GS
25437,722PFCL39-N0,722PFCL39-N0
21504,SIS-BL,SIS-BL
12428,HCL-INSYS-BL,HCL-INSYS-BL
756866,678KL40-SG,678KL40-SG
21713,LASA-EQ,LASA-EQ
13901,77HP38-SG,77HP38-SG
31510,JPOLYINVST-BL,JPOLYINVST-BL
24570,733TS42-SG,733TS42-SG
755856,687TS47-SG,687TS47-SG
24528,KATARIA-SM,KATARIA-SM
13715,757TN33-SG,757TN33-SG
6558,693UP31-SG,693UP31-SG
12905,ZENITHEXPO-BL,ZENITHEXPO-BL
11325,MUKANDLTD-EQ,MUKANDLTD-EQ
6125,GOODLUCK-EQ,GOODLUCK-EQ
19705,LIQUIDSBI-EQ,LIQUIDSBI-EQ
21262,764GJ31-SG,764GJ31-SG
21177,CDSL-BL,CDSL-BL
9050,UFO-BL,UFO-BL
756006,727SHFL27-N0,727SHFL27-N0
30292,SBIBPB-BL,SBIBPB-BL
11961,SEMAC-EQ,SEMAC-EQ
2972,ORIENTELEC-EQ,ORIENTELEC-EQ
19162,752TN33-SG,752TN33-SG
15228,UJJIVANSFB-EQ,UJJIVANSFB-EQ
29469,865MFL28-N0,865MFL28-N0
11140,SUMIT-EQ,SUMIT-EQ
17024,85IFL26-NX,85IFL26-NX
11789,GOYALALUM-BE,GOYALALUM-BE
5471,695TN31B-SG,695TN31B-SG
29503,713MH37B-SG,713MH37B-SG
10286,NGLFINE-BL,NGLFINE-BL
15319,747PN43-SG,747PN43-SG
8777,H1876D46RQ-MF,H1876D46RQ-MF
10925,GODREJIND-EQ,GODREJIND-EQ
757431,MOPSE-EQ,MOPSE-EQ
21508,COCHINSHIP-EQ,COCHINSHIP-EQ
22938,PURVFLEXI-SM,PURVFLEXI-SM
6571,LAXMICOT-BL,LAXMICOT-BL
10692,NIFTYQLITY-BL,NIFTYQLITY-BL
12741,XCHANGING-BL,XCHANGING-BL
13651,TALBROAUTO-BL,TALBROAUTO-BL
19615,769KA33-SG,769KA33-SG
14272,765HR33A-SG,765HR33A-SG
6977,ICDSLTD-EQ,ICDSLTD-EQ
18654,CHAVDA-SM,CHAVDA-SM
3766,WHEELS-EQ,WHEELS-EQ
27322,712PN36-SG,712PN36-SG
29701,716MP40A-SG,716MP40A-SG
2149,697WB36-SG,697WB36-SG
11829,SSWL-EQ,SSWL-EQ
5330,624MH26-SG,624MH26-SG
805,DCM-EQ,DCM-EQ
7083,STARHEALTH-EQ,STARHEALTH-EQ
12402,GODREJIND-BL,GODREJIND-BL
19760,990SCL26-N7,990SCL26-N7
3391,696TS51-SG,696TS51-SG
13718,763TS36-SG,763TS36-SG
21249,DIGIDRIVE-BL,DIGIDRIVE-BL
757101,MOMGF-BL,MOMGF-BL
864,655AP33-SG,655AP33-SG
12354,EPL-BL,EPL-BL
23354,745MH39-SG,745MH39-SG
756812,665GJ37-SG,665GJ37-SG
24406,ASHIANA-BL,ASHIANA-BL
10176,SETFNIF50-EQ,SETFNIF50-EQ
22062,831RJ27-SG,831RJ27-SG
28906,MAYURUNIQ-EQ,MAYURUNIQ-EQ
759416,MUNISH-SM,MUNISH-SM
1239,658UP30-SG,658UP30-SG
12364,FCSSOFT-BL,FCSSOFT-BL
14045,965IFSL26-N6,965IFSL26-N6
6880,693HP32-SG,693HP32-SG
758664,754TS51-SG,754TS51-SG
23230,ENSER-SM,ENSER-SM
15039,CERA-EQ,CERA-EQ
13305,CENTURYPLY-EQ,CENTURYPLY-EQ
22524,GILT10BETA-EQ,GILT10BETA-EQ
2969,SAKHTISUG-EQ,SAKHTISUG-EQ
24,GATECHDVR-BL,GATECHDVR-BL
22129,66TN29-SG,66TN29-SG
758193,722MP43-SG,722MP43-SG
20445,CIFCZC28-NH,CIFCZC28-NH
13121,KERNEX-EQ,KERNEX-EQ
18327,744GA33-SG,744GA33-SG
2256,PENINLAND-EQ,PENINLAND-EQ
13182,ROHLTD-EQ,ROHLTD-EQ
27081,KPEL-BL,KPEL-BL
12531,ACCELYA-BL,ACCELYA-BL
1742,665TS40-SG,665TS40-SG
23082,737RJ34A-SG,737RJ34A-SG
7519,703HP31-SG,703HP31-SG
1012,676MP40-SG,676MP40-SG
16683,DIGISPICE-EQ,DIGISPICE-EQ
29912,698GJ30-SG,698GJ30-SG
11377,MAHABANK-EQ,MAHABANK-EQ
8731,SHAILY-BL,SHAILY-BL
11532,ULTRACEMCO-EQ,ULTRACEMCO-EQ
758303,JAINIK-SM,JAINIK-SM
14768,V2RETAIL-BL,V2RETAIL-BL
13224,SULA-BL,SULA-BL
14659,INSECTICID-BL,INSECTICID-BL
759791,113ESFB31B-N0,113ESFB31B-N0
20503,ASLIND-ST,ASLIND-ST
760274,677TN29-SG,677TN29-SG
5401,NGIL-EQ,NGIL-EQ
11577,FORCEMOT-BL,FORCEMOT-BL
9867,NEXTMEDIA-EQ,NEXTMEDIA-EQ
14938,GSEC10YEAR-EQ,GSEC10YEAR-EQ
12608,MRPL-BL,MRPL-BL
2389,724AS31-SG,724AS31-SG
12325,DCMSHRIRAM-BL,DCMSHRIRAM-BL
13002,PREMIERPOL-BL,PREMIERPOL-BL
760463,895PAPL27-N0,895PAPL27-N0
15848,LATTEYS-BE,LATTEYS-BE
29105,995SCL35-N0,995SCL35-N0
29723,TEJASCARGO-SM,TEJASCARGO-SM
17395,SETF10GILT-EQ,SETF10GILT-EQ
25736,679GS2034-GS,679GS2034-GS
27278,741BOI34-N0,741BOI34-N0
530,BPL-EQ,BPL-EQ
6047,PASUPTAC-BL,PASUPTAC-BL
22756,744MP40-SG,744MP40-SG
14424,77MH31-SG,77MH31-SG
760331,FWSTC-SM,FWSTC-SM
22100,691UP30-SG,691UP30-SG
760731,905SCL36-N0,905SCL36-N0
6518,SGBNV29VII-GB,SGBNV29VII-GB
22919,8258TCL27-NF,8258TCL27-NF
20642,JINDWORLD-EQ,JINDWORLD-EQ
758832,729MH50-SG,729MH50-SG
18624,865SCL26-N8,865SCL26-N8
28574,IDENTICAL-SM,IDENTICAL-SM
6446,CONSUMIETF-EQ,CONSUMIETF-EQ
11868,63MOONS-EQ,63MOONS-EQ
16588,INFOLLION-SM,INFOLLION-SM
255,NIRAJ-EQ,NIRAJ-EQ
760022,748WB44A-SG,748WB44A-SG
17957,MMTC-EQ,MMTC-EQ
27405,664GS2027-GS,664GS2027-GS
19901,772HR35-SG,772HR35-SG
16665,SIGMA-BL,SIGMA-BL
15021,758NL33-SG,758NL33-SG
758981,RNBDENIMS-EQ,RNBDENIMS-EQ
2688,728JH36-SG,728JH36-SG
18347,MIDCAPBETA-EQ,MIDCAPBETA-EQ
11987,ICIL-EQ,ICIL-EQ
17545,AMRUTANJAN-BL,AMRUTANJAN-BL
24268,ESTER-BL,ESTER-BL
16785,735MH32-SG,735MH32-SG
25701,711BR33A-SG,711BR33A-SG
30172,718KL50A-SG,718KL50A-SG
759854,716TN35-SG,716TN35-SG
9576,MAHESHWARI-EQ,MAHESHWARI-EQ
21929,612KA27-SG,612KA27-SG
10253,EMKAYTOOLS-SM,EMKAYTOOLS-SM
12835,TITAN-BL,TITAN-BL
14735,HFMPM23RGR-MF,HFMPM23RGR-MF
14605,WEBELSOLAR-BL,WEBELSOLAR-BL
14940,CIEINDIA-BL,CIEINDIA-BL
760028,91D260226-TB,91D260226-TB
23681,742AP44-SG,742AP44-SG
7319,705WB36A-SG,705WB36A-SG
29975,AONETOTAL-EQ,AONETOTAL-EQ
29301,708JK55-SG,708JK55-SG
20790,SUMEETINDS-EQ,SUMEETINDS-EQ
29059,715BR35-SG,715BR35-SG
5023,SVPGLOB-BE,SVPGLOB-BE
10963,745AP42-SG,745AP42-SG
14252,SGBOCT27VI-GB,SGBOCT27VI-GB
22866,742TN34-SG,742TN34-SG
18196,FISTIP3QDP-MF,FISTIP3QDP-MF
757733,686AS35-SG,686AS35-SG
18574,GNA-BL,GNA-BL
8954,TTML-EQ,TTML-EQ
759864,91D190226-TB,91D190226-TB
11873,787MZ36-SG,787MZ36-SG
24374,LIQUIDSHRI-EQ,LIQUIDSHRI-EQ
758533,118VCCL27A-N0,118VCCL27A-N0
8964,HARDWYN-BE,HARDWYN-BE
14349,769TN43-SG,769TN43-SG
10632,HDFCNEXT50-BL,HDFCNEXT50-BL
13646,ELECON-BL,ELECON-BL
5701,CUB-EQ,CUB-EQ
22107,750TN29-SG,750TN29-SG
10337,792AP41-SG,792AP41-SG
13243,765GA32-SG,765GA32-SG
3641,676RJ31-SG,676RJ31-SG
6095,696KA31-SG,696KA31-SG
5382,EPIGRAL-EQ,EPIGRAL-EQ
24723,830SICC27-N0,830SICC27-N0
12254,BEPL-BL,BEPL-BL
4997,697RJ31-SG,697RJ31-SG
21419,651KA31-SG,651KA31-SG
13977,772MP38-SG,772MP38-SG
25181,TDPOWERSYS-BL,TDPOWERSYS-BL
759939,743PHFL28-N0,743PHFL28-N0
759811,765TMCV28-N0,765TMCV28-N0
29312,751HUDCO28-N5,751HUDCO28-N5
23018,VR-SM,VR-SM
23335,748TS50-SG,748TS50-SG
14824,778RJ33-SG,778RJ33-SG
11748,725IRFC35-NH,725IRFC35-NH
12228,AUTOAXLES-BL,AUTOAXLES-BL
17999,UNITEDTEA-EQ,UNITEDTEA-EQ
6417,KRITI-EQ,KRITI-EQ
1573,GMMPFAUDLR-BL,GMMPFAUDLR-BL
4986,IRCON-EQ,IRCON-EQ
760071,749TS39-SG,749TS39-SG
9438,776AP32-SG,776AP32-SG
9558,AKSHAR-EQ,AKSHAR-EQ
11264,HDFCVALUE-BL,HDFCVALUE-BL
759500,805MFL30-N0,805MFL30-N0
18088,749PN37-SG,749PN37-SG
13908,762TN43-SG,762TN43-SG
22410,663KA30-SG,663KA30-SG
13260,KEC-EQ,KEC-EQ
7296,698GA31-SG,698GA31-SG
760415,TOP20-EQ,TOP20-EQ
12030,ACI-BL,ACI-BL
21422,647GJ30-SG,647GJ30-SG
23334,753WB44-SG,753WB44-SG
21843,DIAMONDYD-BL,DIAMONDYD-BL
277,GICRE-EQ,GICRE-EQ
22480,NOVAAGRI-BL,NOVAAGRI-BL
8506,MID150BEES-EQ,MID150BEES-EQ
23332,75MH44-SG,75MH44-SG
25910,WAAREEENER-BL,WAAREEENER-BL
19165,755MP35-SG,755MP35-SG
760637,757HR40-SG,757HR40-SG
2902,INTERISE-BL,INTERISE-BL
757176,930APMD35-N0,930APMD35-N0
757853,CRIZAC-BL,CRIZAC-BL
5742,676TN31-SG,676TN31-SG
25503,INDOUS-EQ,INDOUS-EQ
8413,MIDCAPETF-EQ,MIDCAPETF-EQ
11696,789TS36-SG,789TS36-SG
559,BSL-EQ,BSL-EQ
22212,717PN30-SG,717PN30-SG
757940,BELLACASA-BL,BELLACASA-BL
21342,STEELXIND-BL,STEELXIND-BL
23127,SCILAL-EQ,SCILAL-EQ
23091,737KA37-SG,737KA37-SG
16903,DPWIRES-BL,DPWIRES-BL
30286,GCHOTELS-SM,GCHOTELS-SM
9923,788NL32-SG,788NL32-SG
12445,HINDOILEXP-BL,HINDOILEXP-BL
25139,BROOKS-BL,BROOKS-BL
6865,BAJAJHCARE-BL,BAJAJHCARE-BL
24186,736MZ39-SG,736MZ39-SG
12820,TATASTEEL-BL,TATASTEEL-BL
761347,AEL1212026-NO,AEL1212026-NO
7605,TREJHARA-BE,TREJHARA-BE
15105,761RJ43-SG,761RJ43-SG
10245,SYNGENE-BL,SYNGENE-BL
14327,HDFC2638RG-MF,HDFC2638RG-MF
22504,769BR39-SG,769BR39-SG
758939,182D050326-TB,182D050326-TB
758926,773PN32-SG,773PN32-SG
13367,SGL-EQ,SGL-EQ
759887,CHEMICAL-BL,CHEMICAL-BL
76,667UK30-SG,667UK30-SG
757652,714MP41-SG,714MP41-SG
17062,PALREDTEC-EQ,PALREDTEC-EQ
8829,PRIVISCL-BL,PRIVISCL-BL
27206,716MP44-SG,716MP44-SG
13657,ANLON-SM,ANLON-SM
756029,815ANN32-N0,815ANN32-N0
18167,BPF01D3D-MF,BPF01D3D-MF
9262,925SCL27-YR,925SCL27-YR
15180,KIRLPNU-EQ,KIRLPNU-EQ
12272,LINDEINDIA-BL,LINDEINDIA-BL
18283,74WB42-SG,74WB42-SG
16908,TOUCHWOOD-EQ,TOUCHWOOD-EQ
16876,SPECTSTM-SM,SPECTSTM-SM
759430,GROWWRLTY-BL,GROWWRLTY-BL
8319,648RJ27-SG,648RJ27-SG
7692,713HR32-SG,713HR32-SG
3291,STARPAPER-EQ,STARPAPER-EQ
23888,GSMFOILS-SM,GSMFOILS-SM
27205,716AR44-SG,716AR44-SG
20846,717HP30-SG,717HP30-SG
27598,711PFCL40-N0,711PFCL40-N0
4687,SONACOMS-BL,SONACOMS-BL
757,CRISIL-EQ,CRISIL-EQ
4221,VISAKAIND-EQ,VISAKAIND-EQ
22991,742AS34-SG,742AS34-SG
18806,CELLECOR-SM,CELLECOR-SM
24538,MAITHANALL-EQ,MAITHANALL-EQ
29229,EMAPARTNER-SM,EMAPARTNER-SM
6249,DKEGL-SM,DKEGL-SM
2024,664UP31-SG,664UP31-SG
18097,747KL39-SG,747KL39-SG
12064,UTIRMP35P1-MF,UTIRMP35P1-MF
13033,TECILCHEM-BL,TECILCHEM-BL
13406,SUNTV-BL,SUNTV-BL
760400,RUDRA-BL,RUDRA-BL
10394,785PN32-SG,785PN32-SG
759106,HILINFRA-BL,HILINFRA-BL
14299,PFC-EQ,PFC-EQ
12005,FAZE3Q-BL,FAZE3Q-BL
19689,BLUEJET-BL,BLUEJET-BL
23012,860CIFC29-NQ,860CIFC29-NQ
12991,NKIND-BL,NKIND-BL
29702,718BR45B-SG,718BR45B-SG
9620,SPLPETRO-BL,SPLPETRO-BL
2627,IT-EQ,IT-EQ
29151,SATKARTAR-SM,SATKARTAR-SM
759783,TMCV-BL,TMCV-BL
11304,LUXIND-BL,LUXIND-BL
1006,675KA35-SG,675KA35-SG
17425,BANKETF-BL,BANKETF-BL
23421,739AP30-SG,739AP30-SG
12300,77BR32-SG,77BR32-SG
15109,759RJ48-SG,759RJ48-SG
20426,SHEETAL-ST,SHEETAL-ST
8956,ELDEHSG-BL,ELDEHSG-BL
757167,MONEXT50-EQ,MONEXT50-EQ
24663,730KL52-SG,730KL52-SG
11062,SECURKLOUD-BE,SECURKLOUD-BE
19731,GPPL-EQ,GPPL-EQ
29307,857IHFL26-N0,857IHFL26-N0
14841,DECCANCE-BL,DECCANCE-BL
6835,795GS2032-GS,795GS2032-GS
759498,788MFL28-N0,788MFL28-N0
19876,LGHL-EQ,LGHL-EQ
2975,ORIENTELEC-BL,ORIENTELEC-BL
20056,866IIFC34B-N3,866IIFC34B-N3
24781,BSLNIFTY-EQ,BSLNIFTY-EQ
24697,SSEGL-SM,SSEGL-SM
760382,756PY35-SG,756PY35-SG
759825,CURIS-SM,CURIS-SM
13352,MALUPAPER-EQ,MALUPAPER-EQ
19146,UMESLTD-BL,UMESLTD-BL
15267,747AP37-SG,747AP37-SG
757730,676AS32-SG,676AS32-SG
11471,EXCELINDUS-EQ,EXCELINDUS-EQ
20638,92LTF29-N4,92LTF29-N4
11535,EMIL-BL,EMIL-BL
24334,739ML34-SG,739ML34-SG
16797,736GA33-SG,736GA33-SG
19543,HDFCGOLD-EQ,HDFCGOLD-EQ
13257,767JH37-SG,767JH37-SG
24887,725HR39-SG,725HR39-SG
14814,774HR31-SG,774HR31-SG
759363,ANANTAM-IV,ANANTAM-IV
11408,781UP32-SG,781UP32-SG
24533,OILIETF-EQ,OILIETF-EQ
25833,711PN44-SG,711PN44-SG
25162,EUREKAFORB-EQ,EUREKAFORB-EQ
1258,CASTROLIND-BL,CASTROLIND-BL
2022,663WB31-SG,663WB31-SG
1163,66AS30-SG,66AS30-SG
18165,BPF01D1R-MF,BPF01D1R-MF
25986,AVL-BL,AVL-BL
10097,GUJRAFFIA-BE,GUJRAFFIA-BE
757492,NRVANDANA-ST,NRVANDANA-ST
18217,TEXMOPIPES-BL,TEXMOPIPES-BL
10678,MNC-BL,MNC-BL
28876,925IHFL31-N1,925IHFL31-N1
20041,711HP28-SG,711HP28-SG
25441,744NBRD28-N0,744NBRD28-N0
4487,ALKYLAMINE-EQ,ALKYLAMINE-EQ
11992,SYNCOMF-EQ,SYNCOMF-EQ
22987,74RJ42-SG,74RJ42-SG
13714,FIEMIND-BL,FIEMIND-BL
13254,768KA34-SG,768KA34-SG
22456,67PN40-SG,67PN40-SG
10693,MOMENTUM-EQ,MOMENTUM-EQ
21936,657MH31-SG,657MH31-SG
27811,714EXIM29-N0,714EXIM29-N0
757965,SMARTWORKS-EQ,SMARTWORKS-EQ
8363,748AP38-SG,748AP38-SG
760481,724RJ31-SG,724RJ31-SG
14638,772HR32-SG,772HR32-SG
12248,BASML-BL,BASML-BL
24171,768SID27-N0,768SID27-N0
14459,LEXUS-EQ,LEXUS-EQ
22616,749HR36-SG,749HR36-SG
22267,636HP28-SG,636HP28-SG
21216,654GJ30-SG,654GJ30-SG
21472,OPTIEMUS-BL,OPTIEMUS-BL
21717,73PN34-SG,73PN34-SG
759831,364D121126-TB,364D121126-TB
1594,INFY-EQ,INFY-EQ
20181,AKSHARCHEM-BL,AKSHARCHEM-BL
16814,735TN43-SG,735TN43-SG
2414,723WB41-SG,723WB41-SG
27047,MASTERTR-EQ,MASTERTR-EQ
758173,PROSTARM-EQ,PROSTARM-EQ
8773,H1876D46DG-MF,H1876D46DG-MF
15269,JKIL-BL,JKIL-BL
13202,COMMOIETF-BL,COMMOIETF-BL
4469,ELECTHERM-EQ,ELECTHERM-EQ
18649,HOLMARC-SM,HOLMARC-SM
5267,PDSL-BL,PDSL-BL
23307,971SCL29-Z0,971SCL29-Z0
438,BHEL-EQ,BHEL-EQ
9873,769HR27-SG,769HR27-SG
5102,ETERNAL-BL,ETERNAL-BL
22211,743TS54-SG,743TS54-SG
758935,763AP37-SG,763AP37-SG
15578,737AP43-SG,737AP43-SG
21501,SIS-EQ,SIS-EQ
988,648MZ30-SG,648MZ30-SG
12489,SWSOLAR-EQ,SWSOLAR-EQ
12831,THOMASCOOK-BL,THOMASCOOK-BL
5734,AXISCETF-BL,AXISCETF-BL
7857,723WB32-SG,723WB32-SG
10541,767NL32-SG,767NL32-SG
1521,INDIAGLYCO-EQ,INDIAGLYCO-EQ
19550,765TS39-SG,765TS39-SG
14822,775SK33-SG,775SK33-SG
15251,866SFIL23A-NY,866SFIL23A-NY
25958,715BR34-SG,715BR34-SG
27158,770SHFL29-N0,770SHFL29-N0
9824,802TS35-SG,802TS35-SG
22242,SGBJUL28IV-GB,SGBJUL28IV-GB
755960,833ABCL27-NL,833ABCL27-NL
2060,HOMEFIRST-BL,HOMEFIRST-BL
17181,NEXT50-EQ,NEXT50-EQ
79,ALEMBICLTD-EQ,ALEMBICLTD-EQ
18163,BPF02RWR-MF,BPF02RWR-MF
24102,735TS36-SG,735TS36-SG
25657,PCPL27-N0,PCPL27-N0
760525,182D260626-TB,182D260626-TB
3695,645BR27-SG,645BR27-SG
10840,HDFC1406DQ-MF,HDFC1406DQ-MF
6207,IIFLZC26-NN,IIFLZC26-NN
24204,727TN54-SG,727TN54-SG
25984,AVL-EQ,AVL-EQ
3257,684AR31-SG,684AR31-SG
22156,695SK30-SG,695SK30-SG
25401,ARKADE-BL,ARKADE-BL
25223,SANOFICONR-BL,SANOFICONR-BL
4863,624RJ26-SG,624RJ26-SG
1160,654RJ30A-SG,654RJ30A-SG
20321,SHANKARA-EQ,SHANKARA-EQ
5514,SERVOTECH-BL,SERVOTECH-BL
9822,789MH32-SG,789MH32-SG
1251,667MH32-SG,667MH32-SG
21121,AKANKSHA-SM,AKANKSHA-SM
24763,726MH49-SG,726MH49-SG
1624,IOC-EQ,IOC-EQ
25421,DECCANTRAN-SM,DECCANTRAN-SM
756063,672MH38-SG,672MH38-SG
757390,692MP43-SG,692MP43-SG
20159,ARIHANTSUP-EQ,ARIHANTSUP-EQ
809,BSHSL-EQ,BSHSL-EQ
9367,CAMPUS-BL,CAMPUS-BL
18972,SGBMAY28-GB,SGBMAY28-GB
759148,789GIL30-N0,789GIL30-N0
759092,GML-ST,GML-ST
30566,MHLSDD-SF,MHLSDD-SF
12446,HINDPETRO-BL,HINDPETRO-BL
25864,975SCL29A-N0,975SCL29A-N0
5446,APTUS-BL,APTUS-BL
760526,364D251226-TB,364D251226-TB
10520,CONS-BL,CONS-BL
4843,SNOWMAN-EQ,SNOWMAN-EQ
8465,H1861D46RQ-MF,H1861D46RQ-MF
758217,PARTH-SM,PARTH-SM
757595,730SICC28A-N0,730SICC28A-N0
13013,S&SPOWER-BL,S&SPOWER-BL
9800,79RJ42-SG,79RJ42-SG
11364,VAIBHAVGBL-EQ,VAIBHAVGBL-EQ
10205,794HR34-SG,794HR34-SG
13644,BANKADD-EQ,BANKADD-EQ
12817,TMPV-BL,TMPV-BL
24568,735TS40-SG,735TS40-SG
24050,735JK49-SG,735JK49-SG
7539,712KA34-SG,712KA34-SG
13793,PARSVNATH-BL,PARSVNATH-BL
11220,VARDHACRLC-EQ,VARDHACRLC-EQ
11292,769KL40-SG,769KL40-SG
20456,APCL-BL,APCL-BL
9652,RELCHEMQ-EQ,RELCHEMQ-EQ
12770,JTEKTINDIA-BL,JTEKTINDIA-BL
10272,792TS45-SG,792TS45-SG
18856,965SCL28C-BR,965SCL28C-BR
759816,SMALL250-BL,SMALL250-BL
24307,AKIKO-ST,AKIKO-ST
776,656MH30-SG,656MH30-SG
27553,935TSI31-N0,935TSI31-N0
757718,364D230726-TB,364D230726-TB
22871,744WB41-SG,744WB41-SG
745,SBIETFIT-BL,SBIETFIT-BL
20943,765UP34-SG,765UP34-SG
756878,7IREDAL30-N0,7IREDAL30-N0
7668,843IHFL29-NC,843IHFL29-NC
5857,975SCL28-NT,975SCL28-NT
29989,727UP41-SG,727UP41-SG
760668,765AS38-SG,765AS38-SG
3456,TMPV-EQ,TMPV-EQ
29489,NIBE-BL,NIBE-BL
13020,SHREYANIND-BL,SHREYANIND-BL
10346,DGCONTENT-EQ,DGCONTENT-EQ
22704,748AP44-SG,748AP44-SG
6068,AIROLAM-EQ,AIROLAM-EQ
22493,76GJ33-SG,76GJ33-SG
20778,JAMNAAUTO-EQ,JAMNAAUTO-EQ
22921,797SFL30-N0,797SFL30-N0
9810,AETHER-EQ,AETHER-EQ
27306,SAMPANN-BL,SAMPANN-BL
30078,724AR45-SG,724AR45-SG
12523,JSL-BL,JSL-BL
24011,743TS43-SG,743TS43-SG
759351,MPEL-SM,MPEL-SM
6661,POLICYBZR-BL,POLICYBZR-BL
23553,AIIL-EQ,AIIL-EQ
24508,PRIZOR-SM,PRIZOR-SM
30439,705RJ37-SG,705RJ37-SG
4364,GS090326C-GS,GS090326C-GS
756876,759GIL30-N0,759GIL30-N0
760018,734TS38-SG,734TS38-SG
20167,ROXHITECH-SM,ROXHITECH-SM
16865,73GS2053-GS,73GS2053-GS
8702,735UP34-SG,735UP34-SG
8185,MOMOMENTUM-BL,MOMOMENTUM-BL
7406,GLENMARK-EQ,GLENMARK-EQ
24847,GSEC10ABSL-EQ,GSEC10ABSL-EQ
12218,ASHOKLEY-BL,ASHOKLEY-BL
18859,925SCL28C-BS,925SCL28C-BS
754,656AS30-SG,656AS30-SG
21980,729MP30-SG,729MP30-SG
760518,76KL42-SG,76KL42-SG
8766,SGBFEB27-GB,SGBFEB27-GB
22447,655AS30A-SG,655AS30A-SG
14359,77AP28-SG,77AP28-SG
29239,715KA38-SG,715KA38-SG
8698,734NL32-SG,734NL32-SG
22666,JSFB-BL,JSFB-BL
10198,785MP32-SG,785MP32-SG
28894,679GS2031-GS,679GS2031-GS
20199,BEDMUTHA-BL,BEDMUTHA-BL
25968,716TS49-SG,716TS49-SG
4981,KESORAMIND-BE,KESORAMIND-BE
14093,764MP33-SG,764MP33-SG
760557,695MP30-SG,695MP30-SG
2388,NELCO-EQ,NELCO-EQ
759863,675RJ30A-SG,675RJ30A-SG
7894,645RJ27A-SG,645RJ27A-SG
760493,88TIAPL29-N0,88TIAPL29-N0
17275,ASPINWALL-BL,ASPINWALL-BL
24665,724TN30-SG,724TN30-SG
8357,725TN32-SG,725TN32-SG
14850,777MP47-SG,777MP47-SG
12234,BAJAJHLDNG-BL,BAJAJHLDNG-BL
2319,NCC-EQ,NCC-EQ
12529,KAJARIACER-BL,KAJARIACER-BL
12603,PRECAM-EQ,PRECAM-EQ
9433,763HR29-SG,763HR29-SG
13197,GSPL-EQ,GSPL-EQ
10898,AMEYA-SM,AMEYA-SM
17628,MOLDTECH-BL,MOLDTECH-BL
12989,BAHETI-SM,BAHETI-SM
759564,935PFL33-N3,935PFL33-N3
25818,PRANIK-SM,PRANIK-SM
758829,705SFL27-N0,705SFL27-N0
19168,756UP35-SG,756UP35-SG
759451,SHREEJISPG-BL,SHREEJISPG-BL
14534,773BR33-SG,773BR33-SG
18405,745PN34A-SG,745PN34A-SG
6686,DRSDILIP-SM,DRSDILIP-SM
14854,783RJ50-SG,783RJ50-SG
757395,692WB45-SG,692WB45-SG
24391,DELPHIFX-EQ,DELPHIFX-EQ
759867,CAPILLARY-EQ,CAPILLARY-EQ
24849,GSEC10ABSL-BL,GSEC10ABSL-BL
760513,754RJ36-SG,754RJ36-SG
757712,71MN40-SG,71MN40-SG
3696,695HR33-SG,695HR33-SG
185,678MH32-SG,678MH32-SG
29520,708AP35A-SG,708AP35A-SG
25005,722KL59-SG,722KL59-SG
9592,VENUSPIPES-EQ,VENUSPIPES-EQ
4157,KEYFINSERV-EQ,KEYFINSERV-EQ
300,685KA30-SG,685KA30-SG
761346,890AEL31-NN,890AEL31-NN
19025,KIRLOSIND-EQ,KIRLOSIND-EQ
24912,INTERARCH-BL,INTERARCH-BL
7495,633AS26A-SG,633AS26A-SG
22797,783NHB27-N9,783NHB27-N9
3647,697TN46-SG,697TN46-SG
25098,724MH40-SG,724MH40-SG
760030,364D261126-TB,364D261126-TB
25737,SRD-EQ,SRD-EQ
17618,PSUBANKADD-BL,PSUBANKADD-BL
24277,VISAMAN-ST,VISAMAN-ST
4709,SHYAMMETL-BL,SHYAMMETL-BL
13712,754AP29-SG,754AP29-SG
28862,PROZONER-BL,PROZONER-BL
8324,712GJ32-SG,712GJ32-SG
19816,HONASA-BL,HONASA-BL
24185,734WB39-SG,734WB39-SG
12895,WIPRO-BL,WIPRO-BL
13744,SHYAMTEL-BL,SHYAMTEL-BL
3553,EQUIPPP-BE,EQUIPPP-BE
758912,AMANTA-BL,AMANTA-BL
22760,745JK54-SG,745JK54-SG
23175,KRYSTAL-EQ,KRYSTAL-EQ
12471,CAGL27A-N6,CAGL27A-N6
7822,731PY35-SG,731PY35-SG
23029,LANCORHOL-BL,LANCORHOL-BL
24341,736JK46-SG,736JK46-SG
24308,ABDL-EQ,ABDL-EQ
760615,715KA31-SG,715KA31-SG
28921,948SCL27R-N1,948SCL27R-N1
759576,QSIFHRR-SF,QSIFHRR-SF
17840,743TS41-SG,743TS41-SG
5421,697UP31-SG,697UP31-SG
22191,698TS28-SG,698TS28-SG
6280,MEDICAMEQ-BL,MEDICAMEQ-BL
22080,667RJ50-SG,667RJ50-SG
20610,INOXINDIA-BL,INOXINDIA-BL
756169,715NBFID35-N0,715NBFID35-N0
760501,707GJ30-SG,707GJ30-SG
17035,THYROCARE-BL,THYROCARE-BL
29556,BSLIFQPIDG-MF,BSLIFQPIDG-MF
24655,735WB43-SG,735WB43-SG
10643,796AP40-SG,796AP40-SG
12147,TRANSWORLD-BL,TRANSWORLD-BL
759901,725MPL29-N0,725MPL29-N0
14399,UTIRGR36P1-MF,UTIRGR36P1-MF
7500,629RJ26A-SG,629RJ26A-SG
15355,RECLTD-EQ,RECLTD-EQ
5449,CHEMPLASTS-EQ,CHEMPLASTS-EQ
8321,703TN30-SG,703TN30-SG
22144,718WB35-SG,718WB35-SG
12615,MURUDCERA-BL,MURUDCERA-BL
27321,708TN34-SG,708TN34-SG
21927,57KA26-SG,57KA26-SG
12662,3PLAND-BL,3PLAND-BL
755881,EVIETF-EQ,EVIETF-EQ
21261,TRANSWIND-ST,TRANSWIND-ST
20737,706AP30-SG,706AP30-SG
5881,685AS31A-SG,685AS31A-SG
22176,665WB30-SG,665WB30-SG
12257,BHARATFORG-BL,BHARATFORG-BL
758460,JSWCEMENT-EQ,JSWCEMENT-EQ
5168,SBIETFCON-EQ,SBIETFCON-EQ
23327,749RJ40-SG,749RJ40-SG
20775,712HR40-SG,712HR40-SG
23102,736JK49-SG,736JK49-SG
760647,760TOPL29-N0,760TOPL29-N0
4594,KOTHARIPET-EQ,KOTHARIPET-EQ
14590,VELS-SM,VELS-SM
38,685AP36-SG,685AP36-SG
12815,TATAINVEST-BL,TATAINVEST-BL
3103,SHREECEM-EQ,SHREECEM-EQ
8325,714TN32-SG,714TN32-SG
5258,INDUSINDBK-EQ,INDUSINDBK-EQ
21428,TATSILV-EQ,TATSILV-EQ
29072,711TN55-SG,711TN55-SG
5865,LAGNAM-EQ,LAGNAM-EQ
757096,AONENIFTY-EQ,AONENIFTY-EQ
6210,695KA31-SG,695KA31-SG
22594,HEALTHADD-BL,HEALTHADD-BL
6429,RSSOFTWARE-EQ,RSSOFTWARE-EQ
757460,865SCL27-N4,865SCL27-N4
14277,759MP38-SG,759MP38-SG
759304,NIFTYCASE-BL,NIFTYCASE-BL
27002,713BR34-SG,713BR34-SG
16838,801TCH28-N7,801TCH28-N7
29687,UNIONGOLD-EQ,UNIONGOLD-EQ
316,705MZ35-SG,705MZ35-SG
3808,VINEETLAB-BL,VINEETLAB-BL
12749,DJML-EQ,DJML-EQ
21003,SCLZC26F-Y9,SCLZC26F-Y9
20118,1075SCL33B-NW,1075SCL33B-NW
29568,707GJ32-SG,707GJ32-SG
11559,HDFC1359DD-MF,HDFC1359DD-MF
14733,HFMPM23DQD-MF,HFMPM23DQD-MF
29423,MOHITIND-EQ,MOHITIND-EQ
25011,722RJ34-SG,722RJ34-SG
1368,66MN30-SG,66MN30-SG
278,AUTOAXLES-EQ,AUTOAXLES-EQ
4775,DCMFINSERV-EQ,DCMFINSERV-EQ
23426,746ML34-SG,746ML34-SG
11985,768BR32-SG,768BR32-SG
12861,USHAMART-BL,USHAMART-BL
18084,751MN35-SG,751MN35-SG
25764,71MH32A-SG,71MH32A-SG
5222,BFSI-BL,BFSI-BL
758408,712GA36-SG,712GA36-SG
6877,687BR30A-SG,687BR30A-SG
22992,74MH35-SG,74MH35-SG
24067,IXIGO-EQ,IXIGO-EQ
18264,SEL-SM,SEL-SM
18614,SAMHI-EQ,SAMHI-EQ
2691,724KA37-SG,724KA37-SG
757858,TSC-SM,TSC-SM
757571,925IIFL32-N0,925IIFL32-N0
11060,KSOLVES-EQ,KSOLVES-EQ
18234,LORDSCHLO-BL,LORDSCHLO-BL
759392,116VCCL27A-N0,116VCCL27A-N0
14432,771GJ34-SG,771GJ34-SG
30030,BALAJIPHOS-SM,BALAJIPHOS-SM
19907,758JK50-SG,758JK50-SG
12073,EXCELINDUS-BL,EXCELINDUS-BL
12457,AKZOINDIA-BL,AKZOINDIA-BL
23641,749AP44-SG,749AP44-SG
760670,765MZ41-SG,765MZ41-SG
13046,MPHASIS-BL,MPHASIS-BL
27326,696TN28-SG,696TN28-SG
12338,DWARKESH-BL,DWARKESH-BL
22869,742RJ39-SG,742RJ39-SG
12611,MTNL-BL,MTNL-BL
11501,FROG-SM,FROG-SM
13409,GPIL-EQ,GPIL-EQ
761210,SHYAMDHANI-SM,SHYAMDHANI-SM
23214,745WB44-SG,745WB44-SG
22697,742GJ33-SG,742GJ33-SG
163,APOLLOTYRE-EQ,APOLLOTYRE-EQ
758207,364D060826-TB,364D060826-TB
13916,763GJ32-SG,763GJ32-SG
760026,745TS53-SG,745TS53-SG
12616,HEIDELBERG-BL,HEIDELBERG-BL
5334,698GJ31-SG,698GJ31-SG
758721,756HP40-SG,756HP40-SG
14565,ZENITHSTL-BL,ZENITHSTL-BL
24888,723MH40-SG,723MH40-SG
25534,965SCL26F-N1,965SCL26F-N1
14312,OSWALSEEDS-BL,OSWALSEEDS-BL
15098,75HR30-SG,75HR30-SG
23363,MUTF27-NL,MUTF27-NL
25950,SIHF27-N0,SIHF27-N0
11483,LT-EQ,LT-EQ
10217,ADANIENSOL-EQ,ADANIENSOL-EQ
24851,SUYOG-EQ,SUYOG-EQ
27075,LIQUIDPLUS-EQ,LIQUIDPLUS-EQ
755855,683JK42-SG,683JK42-SG
757038,689PN46-SG,689PN46-SG
1467,AKZOINDIA-EQ,AKZOINDIA-EQ
760556,692TN30-SG,692TN30-SG
25000,723JK54-SG,723JK54-SG
14106,AUTOIND-EQ,AUTOIND-EQ
12688,PRSMJOHNSN-BL,PRSMJOHNSN-BL
25340,VASWANI-EQ,VASWANI-EQ
10700,SURANAT&P-EQ,SURANAT&P-EQ
19322,HISARMETAL-EQ,HISARMETAL-EQ
9874,GOLDTECH-EQ,GOLDTECH-EQ
8719,739TN42-SG,739TN42-SG
3196,678AP38-SG,678AP38-SG
28963,UNIMECH-BL,UNIMECH-BL
30070,718TN35-SG,718TN35-SG
760754,764TS44-SG,764TS44-SG
11569,DCI-BL,DCI-BL
8685,73TN32-SG,73TN32-SG
20089,CPCAP-BL,CPCAP-BL
104,SHAREINDIA-EQ,SHAREINDIA-EQ
6484,706JK33-SG,706JK33-SG
521,MAZDOCK-BL,MAZDOCK-BL
8326,715GA32-SG,715GA32-SG
1835,KANORICHEM-EQ,KANORICHEM-EQ
18127,DBREALTY-BL,DBREALTY-BL
16398,732KL53-SG,732KL53-SG
14640,773AP32-SG,773AP32-SG
758294,637RECL27-N0,637RECL27-N0
4793,706KL41-SG,706KL41-SG
913,EQUITASBNK-EQ,EQUITASBNK-EQ
13371,SGL-BL,SGL-BL
25359,713HR36-SG,713HR36-SG
1009,68JK35-SG,68JK35-SG
15151,MADHAV-EQ,MADHAV-EQ
8718,737PN42-SG,737PN42-SG
758431,KRT-RR,KRT-RR
30104,364D120326-TB,364D120326-TB
29595,ELGNZ-SM,ELGNZ-SM
20184,774HP38-SG,774HP38-SG
4118,HBSL-BE,HBSL-BE
12853,UCOBANK-BL,UCOBANK-BL
30839,PILITA-BL,PILITA-BL
24193,SYMPHONY-BL,SYMPHONY-BL
759208,JKIPL-BL,JKIPL-BL
24386,BANSALWIRE-EQ,BANSALWIRE-EQ
7424,MONQ50-BL,MONQ50-BL
11759,786AP33-SG,786AP33-SG
11703,ALKEM-EQ,ALKEM-EQ
30002,728CG34-SG,728CG34-SG
6229,SIKKO-BL,SIKKO-BL
17102,752AP39-SG,752AP39-SG
20751,885MFL28-NI,885MFL28-NI
25605,WOL3D-ST,WOL3D-ST
759191,744JH41-SG,744JH41-SG
5539,704KL34-SG,704KL34-SG
23808,ABSLPSE-BL,ABSLPSE-BL
760016,724RJ36A-SG,724RJ36A-SG
12303,77HR34-SG,77HR34-SG
12104,KOTHARIPET-BL,KOTHARIPET-BL
14548,768GJ33-SG,768GJ33-SG
25895,DBEIL-BL,DBEIL-BL
758878,770AIFL29-N0,770AIFL29-N0
17541,DAMODARIND-EQ,DAMODARIND-EQ
25090,723MH35-SG,723MH35-SG
759378,73TS51-SG,73TS51-SG
23468,CGRAPHICS-SM,CGRAPHICS-SM
756865,677MP39-SG,677MP39-SG
5938,MONTECARLO-EQ,MONTECARLO-EQ
5045,724TS51-SG,724TS51-SG
27316,711AP38A-SG,711AP38A-SG
755944,805ABCL28-N5,805ABCL28-N5
21851,768JH32-SG,768JH32-SG
759813,ENERGY-BL,ENERGY-BL
23604,1035CCSP27-N3,1035CCSP27-N3
10869,GVPTECH-BL,GVPTECH-BL
8289,709GJ32-SG,709GJ32-SG
10540,774MZ33-SG,774MZ33-SG
24751,725HP33-SG,725HP33-SG
1826,KAMATHOTEL-EQ,KAMATHOTEL-EQ
14788,SPARC-EQ,SPARC-EQ
25171,TOP10ADD-EQ,TOP10ADD-EQ
15182,ECLERX-BL,ECLERX-BL
23311,1050SCFL31-Z2,1050SCFL31-Z2
23878,737MZ39-SG,737MZ39-SG
13665,SFMP74DD-MF,SFMP74DD-MF
18216,746AP38-SG,746AP38-SG
20342,774CG31-SG,774CG31-SG
755854,681HR39-SG,681HR39-SG
24593,860GFL27-N0,860GFL27-N0
757751,706HR39-SG,706HR39-SG
14738,HFMPM23RQD-MF,HFMPM23RQD-MF
11491,APARINDS-EQ,APARINDS-EQ
12184,ADANIENT-BL,ADANIENT-BL
19483,775SK33A-SG,775SK33A-SG
371,BATAINDIA-EQ,BATAINDIA-EQ
28828,715UK30-SG,715UK30-SG
11034,SANGINITA-BL,SANGINITA-BL
31240,82HUDCO27-N2,82HUDCO27-N2
1570,GMMPFAUDLR-EQ,GMMPFAUDLR-EQ
18174,IF3DPD-MF,IF3DPD-MF
3827,ZUARIIND-EQ,ZUARIIND-EQ
759232,738HR41-SG,738HR41-SG
17974,SBICARD-BL,SBICARD-BL
759756,TAURIAN-SM,TAURIAN-SM
24859,SSDL-BL,SSDL-BL
758440,640NHPCL27-N0,640NHPCL27-N0
15313,IRB-EQ,IRB-EQ
14702,NAGREEKEXP-EQ,NAGREEKEXP-EQ
27198,719UP36-SG,719UP36-SG
12361,EXIDEIND-BL,EXIDEIND-BL
8659,VETO-BL,VETO-BL
21499,768CG32-SG,768CG32-SG
22154,714SK30-SG,714SK30-SG
31258,NDL-EQ,NDL-EQ
758558,KALPATARU-EQ,KALPATARU-EQ
21957,INDTERRAIN-EQ,INDTERRAIN-EQ
22304,652TS50-SG,652TS50-SG
1004,679AP34-SG,679AP34-SG
17396,SETF10GILT-BL,SETF10GILT-BL
13660,GEECEE-BL,GEECEE-BL
11768,784TS40-SG,784TS40-SG
3707,686MH32-SG,686MH32-SG
25270,BAJAJHFL-EQ,BAJAJHFL-EQ
12778,SHRIRAMFIN-BL,SHRIRAMFIN-BL
18154,HATHWAY-EQ,HATHWAY-EQ
29497,717AP32-SG,717AP32-SG
18191,HFMPCC75DD-MF,HFMPCC75DD-MF
16697,GHCLTEXTIL-BL,GHCLTEXTIL-BL
27173,RACLGEAR-BL,RACLGEAR-BL
18110,VASCONEQ-EQ,VASCONEQ-EQ
3517,679HR31-SG,679HR31-SG
22414,667UP30-SG,667UP30-SG
22405,668GA30-SG,668GA30-SG
757913,682TN35-SG,682TN35-SG
756020,TINNARUBR-EQ,TINNARUBR-EQ
759859,745HP40-SG,745HP40-SG
22068,684RJ30-SG,684RJ30-SG
22935,PLATIND-BL,PLATIND-BL
30163,718MZ40-SG,718MZ40-SG
757465,865SCL28-N9,865SCL28-N9
12664,757HR30-SG,757HR30-SG
21139,694GA30-SG,694GA30-SG
9436,AXISCADES-EQ,AXISCADES-EQ
1038,FINCABLES-EQ,FINCABLES-EQ
759735,701TN32-SG,701TN32-SG
12501,J&KBANK-BL,J&KBANK-BL
3697,704JK36-SG,704JK36-SG
25296,99AEL29-N7,99AEL29-N7
2248,703RJ36-SG,703RJ36-SG
11065,NATHBIOGEN-EQ,NATHBIOGEN-EQ
756098,675TR40-SG,675TR40-SG
10510,MOHEALTH-BL,MOHEALTH-BL
9922,786MZ32-SG,786MZ32-SG
25697,715WB44A-SG,715WB44A-SG
12385,GEOJITFSL-BL,GEOJITFSL-BL
23352,75MN36A-SG,75MN36A-SG
759181,715TN32-SG,715TN32-SG
22452,64KA30A-SG,64KA30A-SG
11168,COFFEEDAY-BL,COFFEEDAY-BL
3204,664GS2035-GS,664GS2035-GS
24225,RELAXO-EQ,RELAXO-EQ
3518,TORNTPHARM-EQ,TORNTPHARM-EQ
10162,ORICONENT-BL,ORICONENT-BL
12510,JBMA-BL,JBMA-BL
2132,MDL-SM,MDL-SM
12246,RUSTOMJEE-BL,RUSTOMJEE-BL
18932,749CG30-SG,749CG30-SG
757743,714TS55-SG,714TS55-SG
758186,GROWWPOWER-BL,GROWWPOWER-BL
12431,HDFCBANK-BL,HDFCBANK-BL
19036,PODDARMENT-EQ,PODDARMENT-EQ
28925,1015SCL29T-N1,1015SCL29T-N1
20437,CIFCZC26-NF,CIFCZC26-NF
30185,716CG34-SG,716CG34-SG
17864,957NIDO26-N5,957NIDO26-N5
14378,774MH33-SG,774MH33-SG
20357,776MP37A-SG,776MP37A-SG
3764,RITES-BL,RITES-BL
12242,BANARISUG-BL,BANARISUG-BL
29926,717MH37-SG,717MH37-SG
757911,690BR35-SG,690BR35-SG
21906,896KL35-SG,896KL35-SG
24853,SUYOG-BL,SUYOG-BL
20048,9MMFSML-N2,9MMFSML-N2
5236,714AP41-SG,714AP41-SG
756823,7123TCHF27-N0,7123TCHF27-N0
756932,686NHPCL32-N0,686NHPCL32-N0
12554,STYRENIX-BL,STYRENIX-BL
13730,INSPIRISYS-EQ,INSPIRISYS-EQ
24298,NXT-INFRA-IV,NXT-INFRA-IV
16239,737SK33-SG,737SK33-SG
17841,743PN48A-SG,743PN48A-SG
10652,777HR32-SG,777HR32-SG
7219,SBIETFQLTY-BL,SBIETFQLTY-BL
29685,750BOI35-N0,750BOI35-N0
28895,715IRFC34-N0,715IRFC34-N0
24785,PPSL-SM,PPSL-SM
14831,WSI-BL,WSI-BL
761343,875AEL29-NK,875AEL29-NK
1761,865NHB34-N4,865NHB34-N4
7851,RAMCOSYS-EQ,RAMCOSYS-EQ
2053,INDIGOPNTS-BL,INDIGOPNTS-BL
13190,RCOM-BL,RCOM-BL
10842,HDFC1406RG-MF,HDFC1406RG-MF
12631,COFORGE-BL,COFORGE-BL
5171,SBIETFCON-BL,SBIETFCON-BL
757831,716OR50-SG,716OR50-SG
29015,ARSHIYA-BZ,ARSHIYA-BZ
8115,AWL-BL,AWL-BL
12305,SUDARCOLOR-BL,SUDARCOLOR-BL
27314,708RJ34-SG,708RJ34-SG
24385,KARMAENG-EQ,KARMAENG-EQ
23432,744MH42-SG,744MH42-SG
13670,SFMP74DR-MF,SFMP74DR-MF
25574,SHAKTIPUMP-EQ,SHAKTIPUMP-EQ
1593,MGEL-EQ,MGEL-EQ
18529,747HR33-SG,747HR33-SG
402,NIACL-BL,NIACL-BL
14400,AMDIND-BL,AMDIND-BL
7254,MEDPLUS-EQ,MEDPLUS-EQ
757394,692TN45-SG,692TN45-SG
22012,704ML30-SG,704ML30-SG
23806,ABSLPSE-EQ,ABSLPSE-EQ
758591,ETL-SM,ETL-SM
760469,895PAPL28B-N0,895PAPL28B-N0
29979,817GHFL30-N0,817GHFL30-N0
25008,723RJ33-SG,723RJ33-SG
22477,NOVAAGRI-EQ,NOVAAGRI-EQ
14499,729NHAI26-NC,729NHAI26-NC
12313,766KA42-SG,766KA42-SG
1663,SUNDROP-EQ,SUNDROP-EQ
18025,718GS2033-GS,718GS2033-GS
759138,TECHD-SM,TECHD-SM
18204,749BR31-SG,749BR31-SG
7114,815GS2026-GS,815GS2026-GS
11689,SUPRAJIT-EQ,SUPRAJIT-EQ
18364,SANDUMA-BL,SANDUMA-BL
756086,GROWWMOM50-EQ,GROWWMOM50-EQ
10932,RADAAN-EQ,RADAAN-EQ
20472,771AP31-SG,771AP31-SG
22643,799TCL34-ND,799TCL34-ND
9522,SFMP1GR-MF,SFMP1GR-MF
17946,COHANCE-BL,COHANCE-BL
12658,PARASPETRO-BL,PARASPETRO-BL
15311,SEPC-BL,SEPC-BL
759961,ECOLINE-SM,ECOLINE-SM
760418,ASHWINI-SM,ASHWINI-SM
13870,KUANTUM-EQ,KUANTUM-EQ
5388,EPIGRAL-BL,EPIGRAL-BL
17850,743JK53-SG,743JK53-SG
756406,SHRIAHIMSA-SM,SHRIAHIMSA-SM
14366,IDEA-EQ,IDEA-EQ
4378,SENSEXIETF-EQ,SENSEXIETF-EQ
759222,735TCHFL35-N0,735TCHFL35-N0
22373,668HR39-SG,668HR39-SG
758551,RAYMONDREL-EQ,RAYMONDREL-EQ
22177,735WB30-SG,735WB30-SG
7954,NETF-BL,NETF-BL
4989,683WB28-SG,683WB28-SG
759150,789GIL31-N0,789GIL31-N0
11782,EVEREADY-EQ,EVEREADY-EQ
4869,713RJ41-SG,713RJ41-SG
11910,RITEZONE-SM,RITEZONE-SM
3963,GOCLCORP-EQ,GOCLCORP-EQ
1655,669TS40-SG,669TS40-SG
10878,HDFCSILVER-BL,HDFCSILVER-BL
24642,TROM-SM,TROM-SM
19076,AARVI-BL,AARVI-BL
9553,PRUDENT-EQ,PRUDENT-EQ
12548,KOTHARIPRO-BL,KOTHARIPRO-BL
757759,750TCSL28-N0,750TCSL28-N0
27334,SURAKSHA-EQ,SURAKSHA-EQ
21646,728JK30-SG,728JK30-SG
15263,RPOWER-BL,RPOWER-BL
25853,VAL30IETF-BL,VAL30IETF-BL
757029,740SIHF28-N0,740SIHF28-N0
759765,MODIS-BL,MODIS-BL
12408,GRAPHITE-BL,GRAPHITE-BL
24014,BOROSCI-EQ,BOROSCI-EQ
21062,INNOVACAP-EQ,INNOVACAP-EQ
12627,NDTV-BL,NDTV-BL
18142,EMMBI-EQ,EMMBI-EQ
13463,PIONEEREMB-EQ,PIONEEREMB-EQ
14970,706GS2028-GS,706GS2028-GS
25643,KRN-EQ,KRN-EQ
2965,KALYANKJIL-BL,KALYANKJIL-BL
10905,GENESYS-EQ,GENESYS-EQ
10757,VERTIS-IV,VERTIS-IV
24013,743JK46-SG,743JK46-SG
13805,SUTLEJTEX-BL,SUTLEJTEX-BL
7536,714HP33-SG,714HP33-SG
12359,EVERESTIND-BL,EVERESTIND-BL
11445,PILANIINVS-EQ,PILANIINVS-EQ
12698,RAJSREESUG-BL,RAJSREESUG-BL
22751,746MH35-SG,746MH35-SG
7145,ANANDRATHI-EQ,ANANDRATHI-EQ
12212,APTECHT-BL,APTECHT-BL
758013,768GSGL28C-N0,768GSGL28C-N0
759490,MOMENTUM30-BL,MOMENTUM30-BL
1940,663ML31-SG,663ML31-SG
10907,758PN42-SG,758PN42-SG
23693,INDGN-EQ,INDGN-EQ
701,HEMIPROP-EQ,HEMIPROP-EQ
1086,66UP30-SG,66UP30-SG
16653,733AP42-SG,733AP42-SG
12678,762GA32-SG,762GA32-SG
11840,NH-EQ,NH-EQ
2693,724KA38-SG,724KA38-SG
30178,704TN30B-SG,704TN30B-SG
27431,935TSI32-N0,935TSI32-N0
757113,677AS40-SG,677AS40-SG
5087,701MN31-SG,701MN31-SG
29733,NIBL-EQ,NIBL-EQ
16805,74MP34-SG,74MP34-SG
10599,GUJGASLTD-EQ,GUJGASLTD-EQ
14108,AUTOIND-BL,AUTOIND-BL
17003,739TN53-SG,739TN53-SG
29071,711TS55-SG,711TS55-SG
14281,ORIENTBELL-BL,ORIENTBELL-BL
21395,MAGADSUGAR-BL,MAGADSUGAR-BL
8163,SPENCERS-EQ,SPENCERS-EQ
29012,TVSHLTD-BL,TVSHLTD-BL
757561,674UK35A-SG,674UK35A-SG
757850,CRIZAC-EQ,CRIZAC-EQ
5078,627RJ26-SG,627RJ26-SG
22795,749PFC34-N9,749PFC34-N9
758691,76377AIF29-N0,76377AIF29-N0
9668,HIKAL-EQ,HIKAL-EQ
12764,DJML-BL,DJML-BL
13622,BILVYAPAR-BE,BILVYAPAR-BE
30082,724KL43-SG,724KL43-SG
19299,ITDC-EQ,ITDC-EQ
29459,MOSCHIP-EQ,MOSCHIP-EQ
11038,BANKIETF-BL,BANKIETF-BL
10333,794PN42-SG,794PN42-SG
8688,733AS32-SG,733AS32-SG
10527,772AP34-SG,772AP34-SG
18869,MAZDA-BL,MAZDA-BL
19280,EMAMIREAL-BL,EMAMIREAL-BL
755996,10UCL26-ND,10UCL26-ND
29001,711JK55-SG,711JK55-SG
21820,767KA42-SG,767KA42-SG
10319,PKTEA-BL,PKTEA-BL
759460,GROWWNXT50-BL,GROWWNXT50-BL
4784,707HR37-SG,707HR37-SG
22282,TIRUPATIFL-EQ,TIRUPATIFL-EQ
13498,PFOCUS-BL,PFOCUS-BL
14993,SOTAC-SM,SOTAC-SM
10196,782GJ32-SG,782GJ32-SG
30210,SCL19325A-N1,SCL19325A-N1
7982,GRWRHITECH-EQ,GRWRHITECH-EQ
29553,NIFTYIETF-EQ,NIFTYIETF-EQ
9363,MSTCLTD-BL,MSTCLTD-BL
2203,BIRET-RR,BIRET-RR
14680,GUJAPOLLO-BL,GUJAPOLLO-BL
11351,PETRONET-EQ,PETRONET-EQ
17510,INCREDIBLE-BL,INCREDIBLE-BL
23498,744TS53-SG,744TS53-SG
760237,AEQUS-BL,AEQUS-BL
13050,754KA41-SG,754KA41-SG
12656,HUHTAMAKI-BL,HUHTAMAKI-BL
25252,KROSS-EQ,KROSS-EQ
760714,364D150127-TB,364D150127-TB
27907,780SICC29-N0,780SICC29-N0
12765,SKFINDIA-BL,SKFINDIA-BL
760506,732KA33-SG,732KA33-SG
7974,MALLCOM-BL,MALLCOM-BL
30125,SAMMAANCAP-EQ,SAMMAANCAP-EQ
4481,AARTIDRUGS-EQ,AARTIDRUGS-EQ
29704,715BR37B-SG,715BR37B-SG
14658,774WB43-SG,774WB43-SG
17523,RTNPOWER-BL,RTNPOWER-BL
6236,3IINFOLTD-BL,3IINFOLTD-BL
28852,885IHL26-N1,885IHL26-N1
758928,748AP33-SG,748AP33-SG
760431,722TFSI28-N0,722TFSI28-N0
19178,749KL45-SG,749KL45-SG
29997,722KA32-SG,722KA32-SG
759342,PACEDIGITK-EQ,PACEDIGITK-EQ
15857,LATTEYS-BL,LATTEYS-BL
10644,793TN42-SG,793TN42-SG
5542,712WB51-SG,712WB51-SG
756767,661PFCL28-N0,661PFCL28-N0
2328,CPSEETF-EQ,CPSEETF-EQ
3567,683MH32-SG,683MH32-SG
23875,737PN36-SG,737PN36-SG
17223,744JK38-SG,744JK38-SG
1142,GINNIFILA-EQ,GINNIFILA-EQ
5676,687JH31-SG,687JH31-SG
5333,699GA31B-SG,699GA31B-SG
758952,ELM250-EQ,ELM250-EQ
10560,NAVKARCORP-BL,NAVKARCORP-BL
1672,HGINFRA-EQ,HGINFRA-EQ
4568,ATLASCYCLE-EQ,ATLASCYCLE-EQ
7666,IIFLHFZC27-NB,IIFLHFZC27-NB
1497,SHIVAMILLS-EQ,SHIVAMILLS-EQ
13085,TRIVENI-BL,TRIVENI-BL
11388,PVTBANIETF-BL,PVTBANIETF-BL
12728,SAIL-BL,SAIL-BL
4893,688GJ31-SG,688GJ31-SG
16062,734RJ33-SG,734RJ33-SG
9090,PIXTRANS-BL,PIXTRANS-BL
5475,GRSE-EQ,GRSE-EQ
30100,723TS52-SG,723TS52-SG
13883,BANCOINDIA-BL,BANCOINDIA-BL
12199,INOXGREEN-BL,INOXGREEN-BL
25484,703CG30-SG,703CG30-SG
24766,729TS40-SG,729TS40-SG
25143,745ABL34-N0,745ABL34-N0
14485,THEMISMED-EQ,THEMISMED-EQ
761208,925ISF28-N0,925ISF28-N0
15414,TITAGARH-EQ,TITAGARH-EQ
5748,CYIENT-EQ,CYIENT-EQ
6992,692AP41-SG,692AP41-SG
9889,SMARTLINK-EQ,SMARTLINK-EQ
20335,768TN30B-SG,768TN30B-SG
4809,KCPSUGIND-EQ,KCPSUGIND-EQ
757437,708AP40A-SG,708AP40A-SG
11390,776MH30-SG,776MH30-SG
30142,775PFCL26A-N0,775PFCL26A-N0
759380,182D160426-TB,182D160426-TB
29749,12VCCL27B-N0,12VCCL27B-N0
629,691MP40-SG,691MP40-SG
24657,733MH44-SG,733MH44-SG
27059,734RL30-N0,734RL30-N0
14160,771AS33-SG,771AS33-SG
21830,759TS46-SG,759TS46-SG
5002,701MH32-SG,701MH32-SG
14966,CSBBANK-EQ,CSBBANK-EQ
10558,782PN42-SG,782PN42-SG
29875,HPTL-SM,HPTL-SM
22272,62RJ27-SG,62RJ27-SG
13401,767WB41-SG,767WB41-SG
21933,778MH29-SG,778MH29-SG
27324,710TS44-SG,710TS44-SG
5455,SGBAUG29V-GB,SGBAUG29V-GB
5295,PRITIKAUTO-BL,PRITIKAUTO-BL
5561,687RJ31-SG,687RJ31-SG
19721,773KA35-SG,773KA35-SG
3494,PGINVIT-IV,PGINVIT-IV
29037,930PCHFL27-N0,930PCHFL27-N0
760724,75343PHF31-N0,75343PHF31-N0
14063,WANBURY-EQ,WANBURY-EQ
757834,RMDRIP-EQ,RMDRIP-EQ
5568,70TS36-SG,70TS36-SG
8302,713KA39-SG,713KA39-SG
1841,KCP-EQ,KCP-EQ
18690,746TS30-SG,746TS30-SG
147,GODREJAGRO-BL,GODREJAGRO-BL
11731,CONSOFINVT-EQ,CONSOFINVT-EQ
27320,708PN34-SG,708PN34-SG
14815,ADSL-BL,ADSL-BL
3860,VARROC-BL,VARROC-BL
17747,NIITMTS-EQ,NIITMTS-EQ
29098,DDEVPLSTIK-EQ,DDEVPLSTIK-EQ
15100,762PN38-SG,762PN38-SG
14142,SBGLP-BL,SBGLP-BL
23228,820ABHFL27-N6,820ABHFL27-N6
22285,TIRUPATIFL-BL,TIRUPATIFL-BL
2028,LYKALABS-EQ,LYKALABS-EQ
24328,753ICICI34-N0,753ICICI34-N0
547,BRITANNIA-EQ,BRITANNIA-EQ
758736,CLASSICEIL-SM,CLASSICEIL-SM
3965,REMSONSIND-EQ,REMSONSIND-EQ
18506,SAROJA-SM,SAROJA-SM
3127,UFBL-EQ,UFBL-EQ
759048,GKENERGY-EQ,GKENERGY-EQ
10824,MOQUALITY-BL,MOQUALITY-BL
3411,TATAELXSI-EQ,TATAELXSI-EQ
24841,721TN34-SG,721TN34-SG
30267,739SIDBI30-N0,739SIDBI30-N0
757708,950ISF27C-N0,950ISF27C-N0
12733,SANDESH-BL,SANDESH-BL
13897,769MZ37-SG,769MZ37-SG
760386,761WB41-SG,761WB41-SG
29016,CEREBRAINT-BZ,CEREBRAINT-BZ
760279,MODINATUR-BL,MODINATUR-BL
18160,BPF02RGG-MF,BPF02RGG-MF
13982,JASH-EQ,JASH-EQ
454,684GJ30-SG,684GJ30-SG
757461,SCL1825-N5,SCL1825-N5
5041,712AP35-SG,712AP35-SG
760410,ICICIAMC-BL,ICICIAMC-BL
19747,778BR31-SG,778BR31-SG
22098,728UP29-SG,728UP29-SG
24331,738PN33-SG,738PN33-SG
15475,734AP29-SG,734AP29-SG
760339,727GJ34-SG,727GJ34-SG
7034,83GS2042-GS,83GS2042-GS
23465,975SCL27-Z9,975SCL27-Z9
12801,SURYALAXMI-BL,SURYALAXMI-BL
20362,771WB41-SG,771WB41-SG
23671,AAFS34A-N5,AAFS34A-N5
20312,72JK29-SG,72JK29-SG
20435,850CIFCL26-NE,850CIFCL26-NE
9530,746AP27-SG,746AP27-SG
13671,MADHUCON-EQ,MADHUCON-EQ
760294,752HR42-SG,752HR42-SG
12746,SHAHALLOYS-BL,SHAHALLOYS-BL
2394,734TR36-SG,734TR36-SG
30097,719RJ35-SG,719RJ35-SG
756153,960IIFL30-Y2,960IIFL30-Y2
760359,SMALLADD-EQ,SMALLADD-EQ
10666,PNB-EQ,PNB-EQ
17731,ASTEC-BL,ASTEC-BL
11807,SUKHJITS-BL,SUKHJITS-BL
30105,GOLD360-EQ,GOLD360-EQ
17738,YATHARTH-EQ,YATHARTH-EQ
13240,SADBHAV-BE,SADBHAV-BE
23330,746MH41-SG,746MH41-SG
29266,720NHPC35-N0,720NHPC35-N0
17884,DBCORP-BL,DBCORP-BL
759244,JAINREC-EQ,JAINREC-EQ
14840,783KL39-SG,783KL39-SG
28850,VENTIVE-BL,VENTIVE-BL
757715,707TN55-SG,707TN55-SG
12632,NILKAMAL-BL,NILKAMAL-BL
6908,VISHNU-EQ,VISHNU-EQ
756911,684AP37-SG,684AP37-SG
758182,BLUEWATER-SM,BLUEWATER-SM
757736,700AP37-SG,700AP37-SG
16123,BHARATWIRE-EQ,BHARATWIRE-EQ
18017,GATECH-BL,GATECH-BL
9117,TIPSMUSIC-EQ,TIPSMUSIC-EQ
11506,781GJ32-SG,781GJ32-SG
30434,706RJ35-SG,706RJ35-SG
13740,SHYAMTEL-EQ,SHYAMTEL-EQ
9774,78ML31-SG,78ML31-SG
760478,686TN29-SG,686TN29-SG
760412,DIVIDEND-EQ,DIVIDEND-EQ
17835,744TN33B-SG,744TN33B-SG
24879,BALCO-SM,BALCO-SM
8886,EUROTEXIND-BE,EUROTEXIND-BE
23732,AADHARHFC-BL,AADHARHFC-BL
5736,686AP35-SG,686AP35-SG
22609,751CG32-SG,751CG32-SG
11319,LICNETFN50-EQ,LICNETFN50-EQ
12292,ABREL-BL,ABREL-BL
24693,1650RARL27-N0,1650RARL27-N0
275,AUROPHARMA-EQ,AUROPHARMA-EQ
757837,RMDRIP-BL,RMDRIP-BL
30234,1025SCL35-N1,1025SCL35-N1
19616,77UP33-SG,77UP33-SG
1905,663AP37-SG,663AP37-SG
20348,775GA33-SG,775GA33-SG
12235,BAJAJHIND-BL,BAJAJHIND-BL
17122,744RJ33-SG,744RJ33-SG
25261,EBANKNIFTY-BL,EBANKNIFTY-BL
16927,JOCIL-EQ,JOCIL-EQ
15360,NAHARCAP-EQ,NAHARCAP-EQ
10863,DREAMFOLKS-BL,DREAMFOLKS-BL
25773,713MH37A-SG,713MH37A-SG
5162,TATVA-EQ,TATVA-EQ
19627,WOMANCART-SM,WOMANCART-SM
16657,ANIKINDS-EQ,ANIKINDS-EQ
25083,MULTICAP-BL,MULTICAP-BL
10531,761GJ32-SG,761GJ32-SG
4546,GS220840C-GS,GS220840C-GS
24302,816LTFH27-N0,816LTFH27-N0
19111,NBIFIN-EQ,NBIFIN-EQ
15412,NESCO-BL,NESCO-BL
19779,PARAGON-SM,PARAGON-SM
10227,MANORAMA-EQ,MANORAMA-EQ
12942,KEEPLEARN-BL,KEEPLEARN-BL
12079,OLECTRA-BL,OLECTRA-BL
420,672TN27-SG,672TN27-SG
5503,YUKEN-BL,YUKEN-BL
20855,ZEELEARN-BL,ZEELEARN-BL
25860,LAKSHYA-SM,LAKSHYA-SM
20833,MOIL-BL,MOIL-BL
25496,ONELIFECAP-BE,ONELIFECAP-BE
25222,SANOFICONR-EQ,SANOFICONR-EQ
22033,655RJ55-SG,655RJ55-SG
757463,9SCL28-N7,9SCL28-N7
16346,736RJ33-SG,736RJ33-SG
1910,663PN51-SG,663PN51-SG
759903,712MPL28-N0,712MPL28-N0
25868,FRESHARA-SM,FRESHARA-SM
19214,HMVL-BL,HMVL-BL
10981,74GS2062-GS,74GS2062-GS
5740,686RJ36-SG,686RJ36-SG
19114,NBIFIN-BL,NBIFIN-BL
757520,BLUSPRING-EQ,BLUSPRING-EQ
760630,747GJ36-SG,747GJ36-SG
22226,685WB30A-SG,685WB30A-SG
760351,PARKHOSPS-EQ,PARKHOSPS-EQ
760759,91D300426-TB,91D300426-TB
756088,GROWWMOM50-BL,GROWWMOM50-BL
6743,69KA31-SG,69KA31-SG
28992,717AP37-SG,717AP37-SG
15129,RGL-EQ,RGL-EQ
25262,TOLINS-EQ,TOLINS-EQ
20238,765GA33-SG,765GA33-SG
9711,771AP32-SG,771AP32-SG
1999,888IRFC29-NE,888IRFC29-NE
16819,QNIFTY-EQ,QNIFTY-EQ
21078,TECHLABS-SM,TECHLABS-SM
19502,TICL-BL,TICL-BL
15283,KNRCON-EQ,KNRCON-EQ
14955,INDOWIND-BL,INDOWIND-BL
2008,AHLADA-BL,AHLADA-BL
760558,125VCCL31-N0,125VCCL31-N0
758201,677AP31-SG,677AP31-SG
757612,945SCL29-N0,945SCL29-N0
759929,SOLARWORLD-EQ,SOLARWORLD-EQ
22094,686UP30-SG,686UP30-SG
17372,DRONE-SM,DRONE-SM
5631,PAR-EQ,PAR-EQ
14677,GUJAPOLLO-EQ,GUJAPOLLO-EQ
30411,364D260326-TB,364D260326-TB
10736,SPORTKING-BL,SPORTKING-BL
24228,RELAXO-BL,RELAXO-BL
14340,769WB39-SG,769WB39-SG
20749,878MFL27-NH,878MFL27-NH
6018,ABSLAMC-EQ,ABSLAMC-EQ
29186,990IIFL26B-N0,990IIFL26B-N0
1328,MARINE-EQ,MARINE-EQ
759324,749KL40-SG,749KL40-SG
4760,689MH32-SG,689MH32-SG
3464,82IGT31-NJ,82IGT31-NJ
22090,716UP29-SG,716UP29-SG
22223,717BR30A-SG,717BR30A-SG
19724,774AP36-SG,774AP36-SG
20745,758TS41-SG,758TS41-SG
25130,840GHFL28-N0,840GHFL28-N0
15815,NXST-RR,NXST-RR
756097,675MH40-SG,675MH40-SG
853,644UK30-SG,644UK30-SG
18409,742HP38-SG,742HP38-SG
20020,718AP33-SG,718AP33-SG
759023,PRIMECAB-SM,PRIMECAB-SM
4341,GS100226C-GS,GS100226C-GS
8122,737AP38-SG,737AP38-SG
19905,779WB40-SG,779WB40-SG
2481,ONWARDTEC-EQ,ONWARDTEC-EQ
8445,H1861D46DG-MF,H1861D46DG-MF
25959,715KA36-SG,715KA36-SG
25566,1003SCL31A-N1,1003SCL31A-N1
7098,SGBD29VIII-GB,SGBD29VIII-GB
4962,ABSLFTTIDG-MF,ABSLFTTIDG-MF
17326,736MZ38A-SG,736MZ38A-SG
5344,679WB28A-SG,679WB28A-SG
11820,MANGALAM-BE,MANGALAM-BE
15214,DVL-EQ,DVL-EQ
12126,ONWARDTEC-BL,ONWARDTEC-BL
14398,AMDIND-EQ,AMDIND-EQ
758652,796TIL29-N0,796TIL29-N0
760627,KRMAYURVED-ST,KRMAYURVED-ST
22119,705TN26-SG,705TN26-SG
13242,764BR32-SG,764BR32-SG
760252,SHRENIK-BZ,SHRENIK-BZ
15345,SHALPAINTS-BL,SHALPAINTS-BL
760579,764AP40-SG,764AP40-SG
13926,ARISTO-SM,ARISTO-SM
14162,766UP33-SG,766UP33-SG
25431,PSFL-SM,PSFL-SM
22375,667TN50-SG,667TN50-SG
7160,694WB36-SG,694WB36-SG
29240,714KL45-SG,714KL45-SG
23555,AIIL-BL,AIIL-BL
14357,756TN53-SG,756TN53-SG
18527,746MP38-SG,746MP38-SG
29637,CITI27-N0,CITI27-N0
25331,APLLTD-BL,APLLTD-BL
28062,MOBIKWIK-BL,MOBIKWIK-BL
23211,745WB42-SG,745WB42-SG
7671,875IHFL29-ND,875IHFL29-ND
30449,71WB45-SG,71WB45-SG
23631,754AS34-SG,754AS34-SG
19522,77BR31-SG,77BR31-SG
28879,CARRARO-EQ,CARRARO-EQ
12561,SFMP72GD-MF,SFMP72GD-MF
11880,JSWHL-EQ,JSWHL-EQ
12206,APARINDS-BL,APARINDS-BL
17399,SERVICE-SM,SERVICE-SM
759920,730BTL27-N0,730BTL27-N0
23113,PRATHAM-SM,PRATHAM-SM
29291,713WB44-SG,713WB44-SG
21841,758TN54-SG,758TN54-SG
3024,JINDALSAW-EQ,JINDALSAW-EQ
20571,764GA30-SG,764GA30-SG
758302,GROWWLOVOL-BL,GROWWLOVOL-BL
757386,677KL37-SG,677KL37-SG
12667,76GJ32-SG,76GJ32-SG
2268,MOTOGENFIN-EQ,MOTOGENFIN-EQ
24654,735WB40-SG,735WB40-SG
23639,751AP41-SG,751AP41-SG
9866,WEWIN-BL,WEWIN-BL
17455,741GA33-SG,741GA33-SG
18030,SBFC-BL,SBFC-BL
14441,775UP35-SG,775UP35-SG
5111,KPIGREEN-BL,KPIGREEN-BL
18121,THANGAMAYL-BL,THANGAMAYL-BL
8926,VERANDA-BL,VERANDA-BL
2021,663HP31-SG,663HP31-SG
837,61RJ27-SG,61RJ27-SG
5544,708JK36-SG,708JK36-SG
15042,CERA-BL,CERA-BL
21281,772KA37-SG,772KA37-SG
13766,DUCOL-SM,DUCOL-SM
13244,763HR32-SG,763HR32-SG
21740,CHOLAHLDNG-EQ,CHOLAHLDNG-EQ
16642,KIRIINDUS-BL,KIRIINDUS-BL
717,SHRADHA-BL,SHRADHA-BL
12160,TNTELE-BL,TNTELE-BL
110,SHAREINDIA-BL,SHAREINDIA-BL
24099,739PN33-SG,739PN33-SG
14415,PAGEIND-BL,PAGEIND-BL
28813,719AS34-SG,719AS34-SG
7908,737KA38-SG,737KA38-SG
27317,710JK44-SG,710JK44-SG
31507,JPOLYINVST-EQ,JPOLYINVST-EQ
17574,LIQUID-BL,LIQUID-BL
23930,888SCL26A-ZC,888SCL26A-ZC
19913,DMART-EQ,DMART-EQ
22624,752AP43-SG,752AP43-SG
14335,HDFC2638DG-MF,HDFC2638DG-MF
881,DRREDDY-EQ,DRREDDY-EQ
27199,719HR37-SG,719HR37-SG
25768,714BR33-SG,714BR33-SG
2783,JUBLINGREA-EQ,JUBLINGREA-EQ
19243,LAURUSLABS-BL,LAURUSLABS-BL
11082,LIBAS-EQ,LIBAS-EQ
759830,182D140526-TB,182D140526-TB
8151,DEVIT-BL,DEVIT-BL
13585,ATLANTAA-EQ,ATLANTAA-EQ
3516,613RJ26-SG,613RJ26-SG
10512,CONS-EQ,CONS-EQ
7565,UNITEDPOLY-BL,UNITEDPOLY-BL
756071,803ABHFL35-N0,803ABHFL35-N0
18066,BPF02IMR-MF,BPF02IMR-MF
11573,FORCEMOT-EQ,FORCEMOT-EQ
7694,718KA33-SG,718KA33-SG
2194,GENCON-BL,GENCON-BL
2192,TSFINV-BL,TSFINV-BL
12534,KAMATHOTEL-BL,KAMATHOTEL-BL
22755,747BR39-SG,747BR39-SG
24718,AKUMS-BL,AKUMS-BL
23700,0MOFSL26-N1,0MOFSL26-N1
18323,744HR33-SG,744HR33-SG
25610,RAPPID-SM,RAPPID-SM
18065,BPF02IMD-MF,BPF02IMD-MF
22463,EPACK-EQ,EPACK-EQ
12527,JYOTISTRUC-BL,JYOTISTRUC-BL
11275,TVTODAY-EQ,TVTODAY-EQ
30414,687TN28-SG,687TN28-SG
12244,BANKBEES-BL,BANKBEES-BL
22799,DEEM-SM,DEEM-SM
24892,723JK51-SG,723JK51-SG
25898,PREMIUM-SM,PREMIUM-SM
29920,717RJ35-SG,717RJ35-SG
24758,729TS42-SG,729TS42-SG
2786,JUBLINGREA-BL,JUBLINGREA-BL
12071,UTIRQP35P1-MF,UTIRQP35P1-MF
760275,719GJ33-SG,719GJ33-SG
502,ICEMAKE-BL,ICEMAKE-BL
10906,753AS32-SG,753AS32-SG
2112,MARALOVER-EQ,MARALOVER-EQ
30008,722KA35A-SG,722KA35A-SG
759494,975PCPL27-N0,975PCPL27-N0
25106,719TN32A-SG,719TN32A-SG
30090,693OR28-SG,693OR28-SG
21237,705AP31-SG,705AP31-SG
17644,SUNTECK-BL,SUNTECK-BL
760581,764WB41-SG,764WB41-SG
8182,MOMOMENTUM-EQ,MOMOMENTUM-EQ
757569,743NIIF30-N0,743NIIF30-N0
760200,728PHFL28-N0,728PHFL28-N0
28267,710RJ46-SG,710RJ46-SG
25631,975SIPL27B-N0,975SIPL27B-N0
1169,678WB35-SG,678WB35-SG
23056,JGCHEM-EQ,JGCHEM-EQ
757770,SAMBHV-BL,SAMBHV-BL
14486,DIVGIITTS-BL,DIVGIITTS-BL
3015,BSE500IETF-BL,BSE500IETF-BL
9899,AIRAN-BL,AIRAN-BL
19933,EGOLD-EQ,EGOLD-EQ
1804,AWHCL-BL,AWHCL-BL
760296,755AR45-SG,755AR45-SG
14557,AROGRANITE-EQ,AROGRANITE-EQ
29539,725PFCL45-N0,725PFCL45-N0
758011,768GSGL28B-N0,768GSGL28B-N0
15033,PSUBNKBEES-BL,PSUBNKBEES-BL
12397,GMDCLTD-BL,GMDCLTD-BL
2963,SAIL-EQ,SAIL-EQ
31966,863NHB29-N2,863NHB29-N2
759069,752ABCL30-N0,752ABCL30-N0
761463,885ICFL28-N0,885ICFL28-N0
16990,COUNCODOS-BL,COUNCODOS-BL
779,654UP30-SG,654UP30-SG
2404,735KA40-SG,735KA40-SG
5027,699GA31A-SG,699GA31A-SG
1343,SDBL-BL,SDBL-BL
17685,GPTINFRA-EQ,GPTINFRA-EQ
29554,NIFTYIETF-BL,NIFTYIETF-BL
21048,8AS30-SG,8AS30-SG
10846,771AP42-SG,771AP42-SG
14439,JKTYRE-BL,JKTYRE-BL
23882,734JK54-SG,734JK54-SG
756817,685RJ51-SG,685RJ51-SG
24612,AVANTEL-BL,AVANTEL-BL
1333,HDFCBANK-EQ,HDFCBANK-EQ
23210,742TS41-SG,742TS41-SG
11405,779TN32-SG,779TN32-SG
13786,TORNTPOWER-EQ,TORNTPOWER-EQ
23789,IEML-SM,IEML-SM
13179,NITINSPIN-BL,NITINSPIN-BL
18532,748UK33-SG,748UK33-SG
23855,MIDSMALL-EQ,MIDSMALL-EQ
1125,DANGEE-BL,DANGEE-BL
18934,SUNDARAM-BL,SUNDARAM-BL
10235,776HP30-SG,776HP30-SG
757648,ATHERENERG-BL,ATHERENERG-BL
16261,743MZ36-SG,743MZ36-SG
759184,739GA35-SG,739GA35-SG
760083,753AP40-SG,753AP40-SG
17322,737BR30-SG,737BR30-SG
21808,SBILIFE-EQ,SBILIFE-EQ
6422,MANORG-EQ,MANORG-EQ
758342,118VCCL27-N0,118VCCL27-N0
23104,736KL54-SG,736KL54-SG
21539,773BR39A-SG,773BR39A-SG
1647,657HP30A-SG,657HP30A-SG
8027,726GS2029-GS,726GS2029-GS
22619,752BR39-SG,752BR39-SG
29911,364D270226-TB,364D270226-TB
220,IEX-EQ,IEX-EQ
759889,UTLSOLAR-BL,UTLSOLAR-BL
759561,919PFL28-N0,919PFL28-N0
16045,PRINCEPIPE-EQ,PRINCEPIPE-EQ
23244,885CIFCL34-NS,885CIFCL34-NS
14651,778UP36-SG,778UP36-SG
22980,MUKKA-EQ,MUKKA-EQ
27181,722UCL34-N0,722UCL34-N0
28902,KITEX-BL,KITEX-BL
758957,SML100CASE-BL,SML100CASE-BL
757579,AAKAAR-SM,AAKAAR-SM
12619,PRECAM-BL,PRECAM-BL
757848,985CCSP27-N0,985CCSP27-N0
20261,IREDA-EQ,IREDA-EQ
12886,TATACOMM-BL,TATACOMM-BL
12237,BALAJITELE-BL,BALAJITELE-BL
20938,767UP33-SG,767UP33-SG
22988,738TS43-SG,738TS43-SG
758005,SHANTIGOLD-BL,SHANTIGOLD-BL
28826,714TN44-SG,714TN44-SG
756094,675HR38-SG,675HR38-SG
11299,76AP28-SG,76AP28-SG
12585,MARICO-BL,MARICO-BL
13892,77MN35-SG,77MN35-SG
12334,DIVISLAB-BL,DIVISLAB-BL
17250,743AP41-SG,743AP41-SG
25447,GROWWLIQID-EQ,GROWWLIQID-EQ
28886,CARRARO-BL,CARRARO-BL
10755,APTECHT-EQ,APTECHT-EQ
13344,VAKRANGEE-BL,VAKRANGEE-BL
758196,719TS49-SG,719TS49-SG
760070,744MP38-SG,744MP38-SG
12752,SHREECEM-BL,SHREECEM-BL
5068,SHEMAROO-EQ,SHEMAROO-EQ
8024,CINEVISTA-EQ,CINEVISTA-EQ
3599,MOKSH-BL,MOKSH-BL
5732,AXISCETF-EQ,AXISCETF-EQ
756900,MON50EQUAL-EQ,MON50EQUAL-EQ
2106,MANGLMCEM-EQ,MANGLMCEM-EQ
30004,734AS35-SG,734AS35-SG
15158,RHL-BL,RHL-BL
760620,752RJ35-SG,752RJ35-SG
17933,BEARDSELL-EQ,BEARDSELL-EQ
27803,775LTFL27-N0,775LTFL27-N0
2919,684UK31-SG,684UK31-SG
19924,812REC27-NI,812REC27-NI
5945,UWCSL-SM,UWCSL-SM
27969,VMM-EQ,VMM-EQ
12307,CONCOR-BL,CONCOR-BL
25967,716TS47-SG,716TS47-SG
22199,810JH32-SG,810JH32-SG
14046,SARLAPOLY-BL,SARLAPOLY-BL
22377,MAXHEALTH-EQ,MAXHEALTH-EQ
20329,CGCL-EQ,CGCL-EQ
20617,820TPL26-N2,820TPL26-N2
24383,792TCHF34-N0,792TCHF34-N0
15391,RACE-EQ,RACE-EQ
20563,DOLLAR-BL,DOLLAR-BL
14089,IGPL-BL,IGPL-BL
16728,RPGLIFE-BL,RPGLIFE-BL
31184,MCX-BL,MCX-BL
11754,753IRFC30-NJ,753IRFC30-NJ
5418,697NL31-SG,697NL31-SG
29591,JUBLCPL-BL,JUBLCPL-BL
2151,BDL-BL,BDL-BL
13823,RUCHIRA-BL,RUCHIRA-BL
22657,SIGNPOST-BL,SIGNPOST-BL
9539,SAKAR-EQ,SAKAR-EQ
29138,INDUSTOWER-BL,INDUSTOWER-BL
758816,714TN35-SG,714TN35-SG
3812,ZEEL-EQ,ZEEL-EQ
11413,783TS35-SG,783TS35-SG
756092,674UK35-SG,674UK35-SG
5166,TATVA-BL,TATVA-BL
18284,HNGSNGBEES-EQ,HNGSNGBEES-EQ
7672,IMAGICAA-EQ,IMAGICAA-EQ
7019,833GS2026-GS,833GS2026-GS
21767,83645TFS27-N1,83645TFS27-N1
3496,TIRUMALCHM-EQ,TIRUMALCHM-EQ
7089,STARHEALTH-BL,STARHEALTH-BL
757521,BLUSPRING-BL,BLUSPRING-BL
20185,ASHOKA-BL,ASHOKA-BL
28795,748SIDBI29-N0,748SIDBI29-N0
7886,MHLXMIRU-EQ,MHLXMIRU-EQ
9585,754GS2036-GS,754GS2036-GS
312,TIINDIA-EQ,TIINDIA-EQ
21937,66MH31-SG,66MH31-SG
14309,INDIANB-EQ,INDIANB-EQ
10962,745AP40-SG,745AP40-SG
1417,GLOBAL-BE,GLOBAL-BE
5897,694AP41-SG,694AP41-SG
30427,702GJ33-SG,702GJ33-SG
30426,UTFDAIPIPI-MF,UTFDAIPIPI-MF
6045,PASUPTAC-EQ,PASUPTAC-EQ
20365,774JK43-SG,774JK43-SG
23396,ASPIRE-SM,ASPIRE-SM
18498,CAGL28-NE,CAGL28-NE
757989,CHEMBONDCH-EQ,CHEMBONDCH-EQ
20111,1050SCL30-NU,1050SCL30-NU
757483,667NBFID30-N0,667NBFID30-N0
89,67TR30-SG,67TR30-SG
20655,898LTF29-N7,898LTF29-N7
1053,UFLEX-EQ,UFLEX-EQ
21786,672PN30-SG,672PN30-SG
11297,SIL-EQ,SIL-EQ
13716,762UK33-SG,762UK33-SG
756916,12VCCL29B-N0,12VCCL29B-N0
18232,LORDSCHLO-EQ,LORDSCHLO-EQ
759051,GKENERGY-BL,GKENERGY-BL
20590,803ABHF27-N2,803ABHF27-N2
22881,742MP45-SG,742MP45-SG
5416,697AS31-SG,697AS31-SG
25455,815SICC26-N0,815SICC26-N0
759275,AAFS30A-N0,AAFS30A-N0
29262,DENTA-BL,DENTA-BL
25812,12VCCL27A-N0,12VCCL27A-N0
1369,662RJ30-SG,662RJ30-SG
759388,739JK37A-SG,739JK37A-SG
5545,706KL39-SG,706KL39-SG
759383,MONEYBOXX-BL,MONEYBOXX-BL
11604,777JK37-SG,777JK37-SG
5537,693HP31-SG,693HP31-SG
1030,AARON-EQ,AARON-EQ
21375,702BR30-SG,702BR30-SG
14821,775NL33-SG,775NL33-SG
6848,GREENLAM-EQ,GREENLAM-EQ
1720,JAYSREETEA-EQ,JAYSREETEA-EQ
1953,661MP37-SG,661MP37-SG
5229,698HR31-SG,698HR31-SG
11530,EMIL-EQ,EMIL-EQ
760023,746BR45-SG,746BR45-SG
19039,PODDARMENT-BL,PODDARMENT-BL
23736,SILKFLEX-SM,SILKFLEX-SM
861,648KA31-SG,648KA31-SG
25800,GARUDA-EQ,GARUDA-EQ
759752,MODIS-EQ,MODIS-EQ
23998,744TN34B-SG,744TN34B-SG
20875,RBZJEWEL-BL,RBZJEWEL-BL
13669,MADHUCON-BL,MADHUCON-BL
758198,717MH54-SG,717MH54-SG
12032,FIVESTAR-EQ,FIVESTAR-EQ
6606,EQUAL50ADD-EQ,EQUAL50ADD-EQ
29524,718TN55-SG,718TN55-SG
25916,1040UCL27B-N1,1040UCL27B-N1
5538,698HP32-SG,698HP32-SG
14672,NAVINFLUOR-EQ,NAVINFLUOR-EQ
22192,672TS26-SG,672TS26-SG
755941,8ABCL26-N2,8ABCL26-N2
4895,719ML41-SG,719ML41-SG
5977,689GJ31-SG,689GJ31-SG
18180,FICRFD3DPD-MF,FICRFD3DPD-MF
22466,EPACK-BL,EPACK-BL
12378,GAEL-BL,GAEL-BL
10843,HDFC1406RQ-MF,HDFC1406RQ-MF
16924,20MICRONS-BL,20MICRONS-BL
1525,656UP30-SG,656UP30-SG
29703,718MP48A-SG,718MP48A-SG
1934,WEALTH-BL,WEALTH-BL
757870,AEL17725-NA,AEL17725-NA
24563,734TN34-SG,734TN34-SG
23559,BIRDYS-SM,BIRDYS-SM
24823,MANCREDIT-EQ,MANCREDIT-EQ
13383,KKCL-BL,KKCL-BL
27049,MASTERTR-BL,MASTERTR-BL
755958,830ABCL26-NJ,830ABCL26-NJ
22508,767WB44-SG,767WB44-SG
1650,651KA30B-SG,651KA30B-SG
5744,68NL31-SG,68NL31-SG
25173,TOP10ADD-BL,TOP10ADD-BL
756874,754GIL29-N0,754GIL29-N0
27108,NIVABUPA-BL,NIVABUPA-BL
29115,723PN37-SG,723PN37-SG
24932,GLOBALE-EQ,GLOBALE-EQ
23638,752RJ39-SG,752RJ39-SG
759174,787LDL29-N0,787LDL29-N0
18179,FICRF3GP-MF,FICRF3GP-MF
25835,VINCOFE-EQ,VINCOFE-EQ
16784,734HR31-SG,734HR31-SG
15083,ADANIPORTS-EQ,ADANIPORTS-EQ
10721,765BR32A-SG,765BR32A-SG
3435,BBOX-EQ,BBOX-EQ
6462,TECH-EQ,TECH-EQ
759328,756WB45-SG,756WB45-SG
756142,IIFL21425-NY,IIFL21425-NY
14790,LOWVOL-BL,LOWVOL-BL
10579,MARKSANS-EQ,MARKSANS-EQ
759195,747WB46-SG,747WB46-SG
13196,ENIL-BL,ENIL-BL
16227,732MH32-SG,732MH32-SG
11690,781HR32C-SG,781HR32C-SG
23964,1050SCL31-ZP,1050SCL31-ZP
23541,742MH37-SG,742MH37-SG
758995,1075WCAP28-N0,1075WCAP28-N0
8337,719TN42-SG,719TN42-SG
15314,745UP33-SG,745UP33-SG
757441,708TS56-SG,708TS56-SG
3857,VARROC-EQ,VARROC-EQ
15212,PPAP-BL,PPAP-BL
2264,708UP31-SG,708UP31-SG
15973,726MH30-SG,726MH30-SG
29600,742SIDBI29-N0,742SIDBI29-N0
6438,AIRTELPP-BL,AIRTELPP-BL
756713,364D010526-TB,364D010526-TB
11854,915SCL27A-ZL,915SCL27A-ZL
19930,769HUDCO31-N9,769HUDCO31-N9
17660,UNIVPHOTO-BL,UNIVPHOTO-BL
21594,COMSYN-BE,COMSYN-BE
22296,64GJ30-SG,64GJ30-SG
23349,749CG35-SG,749CG35-SG
17866,10NIDO26-N6,10NIDO26-N6
20243,767NL33B-SG,767NL33B-SG
759325,744HR41-SG,744HR41-SG
29937,72KL42-SG,72KL42-SG
7506,WOCKPHARMA-EQ,WOCKPHARMA-EQ
12660,75AP28-SG,75AP28-SG
18728,MADHUSUDAN-SM,MADHUSUDAN-SM
13148,GSEC10IETF-BL,GSEC10IETF-BL
756802,OSWALPUMPS-EQ,OSWALPUMPS-EQ
758824,880MOF27-N0,880MOF27-N0
21978,698MP30-SG,698MP30-SG
5359,KRSNAA-EQ,KRSNAA-EQ
757990,CHEMBONDCH-BL,CHEMBONDCH-BL
14819,773MH32-SG,773MH32-SG
19492,PLADAINFO-SM,PLADAINFO-SM
3364,677TN31-SG,677TN31-SG
18321,LGBBROSLTD-EQ,LGBBROSLTD-EQ
759797,EUROPRATIK-EQ,EUROPRATIK-EQ
6833,1018GS2026-GS,1018GS2026-GS
9255,875SCL27-YQ,875SCL27-YQ
20601,644GJ29-SG,644GJ29-SG
15258,CEATLTD-BL,CEATLTD-BL
758422,SSFLPP-BL,SSFLPP-BL
6480,698RJ31A-SG,698RJ31A-SG
15432,SGBDC27VII-GB,SGBDC27VII-GB
482,AISL-SM,AISL-SM
11861,93SCL24A-ZN,93SCL24A-ZN
22428,MAXIND-EQ,MAXIND-EQ
18784,IDFNIFTYET-BL,IDFNIFTYET-BL
6153,PANSARI-BL,PANSARI-BL
14086,IGPL-EQ,IGPL-EQ
13166,CELEBRITY-BL,CELEBRITY-BL
13414,RSYSTEMS-EQ,RSYSTEMS-EQ
760819,785MFL29-N0,785MFL29-N0
20227,JWL-BL,JWL-BL
30448,71PN45-SG,71PN45-SG
21645,724AP35-SG,724AP35-SG
13560,GRINDWELL-EQ,GRINDWELL-EQ
7785,BCONCEPTS-BL,BCONCEPTS-BL
21276,777HR36-SG,777HR36-SG
20830,MOIL-EQ,MOIL-EQ
31017,THOMASCOTT-EQ,THOMASCOTT-EQ
7044,694JK36-SG,694JK36-SG
4940,IPL-BL,IPL-BL
760729,BHARATCOAL-BL,BHARATCOAL-BL
5226,625AS26-SG,625AS26-SG
23753,747PN32-SG,747PN32-SG
722,SBIETFPB-EQ,SBIETFPB-EQ
6071,ATGL-BL,ATGL-BL
21116,BFINVEST-BL,BFINVEST-BL
760585,76AP45-SG,76AP45-SG
4494,GS220836C-GS,GS220836C-GS
12363,SCHAEFFLER-BL,SCHAEFFLER-BL
23976,ZTECH-SM,ZTECH-SM
758677,EFCIL-BL,EFCIL-BL
12112,MOTOGENFIN-BL,MOTOGENFIN-BL
759600,364D061126-TB,364D061126-TB
25485,TIJARIA-BL,TIJARIA-BL
759357,SYSTMTXC-BL,SYSTMTXC-BL
757655,714MH46-SG,714MH46-SG
29633,CHANDAN-SM,CHANDAN-SM
11978,768KA31-SG,768KA31-SG
5186,STYLAMIND-EQ,STYLAMIND-EQ
20363,771WB43-SG,771WB43-SG
29727,ROYALARC-SM,ROYALARC-SM
21247,DIGIDRIVE-EQ,DIGIDRIVE-EQ
12405,GOLDIAM-BL,GOLDIAM-BL
29114,722KA36-SG,722KA36-SG
4747,INDNIPPON-EQ,INDNIPPON-EQ
11415,783TS36-SG,783TS36-SG
25698,714AP48-SG,714AP48-SG
12505,JAYBARMARU-BL,JAYBARMARU-BL
22060,718RJ29-SG,718RJ29-SG
10461,781HR32B-SG,781HR32B-SG
21402,GANGESSECU-BL,GANGESSECU-BL
11971,GOLDIAM-EQ,GOLDIAM-EQ
756963,PATILAUTOM-SM,PATILAUTOM-SM
27216,EIEL-BL,EIEL-BL
30415,692TN29-SG,692TN29-SG
12317,CUB-BL,CUB-BL
12115,JAYNECOIND-BL,JAYNECOIND-BL
29721,738PFC32-N0,738PFC32-N0
25742,878MUTF29-N0,878MUTF29-N0
758889,SGMART-EQ,SGMART-EQ
757430,666TN35-SG,666TN35-SG
759199,364D170926-TB,364D170926-TB
24914,FORCAS-SM,FORCAS-SM
22143,705WB30-SG,705WB30-SG
7848,BIL-EQ,BIL-EQ
760638,763BR40-SG,763BR40-SG
9771,777GJ31-SG,777GJ31-SG
2078,688MN31-SG,688MN31-SG
11236,JSL-EQ,JSL-EQ
29003,715KA43-SG,715KA43-SG
11372,TTKHLTCARE-BL,TTKHLTCARE-BL
16736,MKPL-EQ,MKPL-EQ
21705,MEDIASSIST-EQ,MEDIASSIST-EQ
17044,SHARIABEES-EQ,SHARIABEES-EQ
760722,704SIDBI29-N0,704SIDBI29-N0
14538,773UP33-SG,773UP33-SG
24324,VRAJ-BL,VRAJ-BL
7874,734TS34-SG,734TS34-SG
21750,LIQUIDCASE-EQ,LIQUIDCASE-EQ
24005,743HR34-SG,743HR34-SG
25495,ONELIFECAP-BL,ONELIFECAP-BL
14161,772BR33-SG,772BR33-SG
23932,925SCL26D-ZD,925SCL26D-ZD
18411,744AP40-SG,744AP40-SG
20947,772JK43-SG,772JK43-SG
6129,GOODLUCK-BL,GOODLUCK-BL
7030,ASIANENE-EQ,ASIANENE-EQ
20019,714AP34-SG,714AP34-SG
7176,MICEL-BL,MICEL-BL
1836,659RJ31-SG,659RJ31-SG
18412,74TS43-SG,74TS43-SG
20190,769AP42-SG,769AP42-SG
8450,H1861D46RD-MF,H1861D46RD-MF
759809,GROWW-BL,GROWW-BL
10621,SADBHIN-BL,SADBHIN-BL
15737,PIGL-BL,PIGL-BL
4942,92SFIL28-ND,92SFIL28-ND
29880,VIVIDHA-BL,VIVIDHA-BL
30212,SCL190325-N1,SCL190325-N1
757933,687AP33-SG,687AP33-SG
6895,662PY28-SG,662PY28-SG
20917,724AS30-SG,724AS30-SG
758203,696AP33-SG,696AP33-SG
759224,ASIFDG-SF,ASIFDG-SF
7662,850IIFL27-NA,850IIFL27-NA
757018,622AS30-SG,622AS30-SG
8546,CHALET-EQ,CHALET-EQ
757608,975SCL35-N0,975SCL35-N0
30220,925SCL27B-N1,925SCL27B-N1
23710,93MOFSL34-N6,93MOFSL34-N6
757739,715MH47-SG,715MH47-SG
23331,748MH42-SG,748MH42-SG
29545,860TPL31-N0,860TPL31-N0
759201,699HP31-SG,699HP31-SG
16646,734RJ33A-SG,734RJ33A-SG
10384,802WB37-SG,802WB37-SG
760688,KRISHPP-E1,KRISHPP-E1
23676,747TS36-SG,747TS36-SG
12296,CHENNPETRO-BL,CHENNPETRO-BL
22220,717PN30A-SG,717PN30A-SG
1726,JBCHEPHARM-EQ,JBCHEPHARM-EQ
3061,658GJ27-SG,658GJ27-SG
92,668UP30-SG,668UP30-SG
874,ASTRON-EQ,ASTRON-EQ
4881,689MH31-SG,689MH31-SG
29533,950ISF27-N0,950ISF27-N0
22976,MVKAGRO-SM,MVKAGRO-SM
263,ATUL-EQ,ATUL-EQ
306,69ML30-SG,69ML30-SG
23540,742MH34-SG,742MH34-SG
9119,INDOAMIN-BL,INDOAMIN-BL
12900,YESBANK-BL,YESBANK-BL
22440,BANKBETA-EQ,BANKBETA-EQ
757734,680RJ35-SG,680RJ35-SG
22203,739TS59-SG,739TS59-SG
2239,703MP31-SG,703MP31-SG
17116,744ML31-SG,744ML31-SG
759144,7425NIIF30-N0,7425NIIF30-N0
6101,70MN31A-SG,70MN31A-SG
760286,886SCL30-N0,886SCL30-N0
8191,709RJ32-SG,709RJ32-SG
21512,764HP39-SG,764HP39-SG
388,MAHLOG-BL,MAHLOG-BL
8177,SAGARDEEP-BL,SAGARDEEP-BL
760387,752WB44-SG,752WB44-SG
16986,COUNCODOS-EQ,COUNCODOS-EQ
1248,666KA32-SG,666KA32-SG
2837,RANASUG-EQ,RANASUG-EQ
21020,FMNL-BL,FMNL-BL
3761,RITES-EQ,RITES-EQ
12069,DHANBANK-BL,DHANBANK-BL
12542,AAATECH-BE,AAATECH-BE
19164,76AP34-SG,76AP34-SG
19772,SCLZC26C-NB,SCLZC26C-NB
8806,SONAMLTD-EQ,SONAMLTD-EQ
12610,MSPL-BL,MSPL-BL
11627,NARMADA-EQ,NARMADA-EQ
6725,SAPPHIRE-BL,SAPPHIRE-BL
19499,SECMARK-BL,SECMARK-BL
24937,MFML-EQ,MFML-EQ
757713,711WB44-SG,711WB44-SG
20926,74GJ26-SG,74GJ26-SG
6445,TECHNOE-EQ,TECHNOE-EQ
11255,HDFCQUAL-EQ,HDFCQUAL-EQ
14205,HUBTOWN-BL,HUBTOWN-BL
21254,LOWVOLIETF-EQ,LOWVOLIETF-EQ
14947,MOTILALOFS-EQ,MOTILALOFS-EQ
10246,782AS32-SG,782AS32-SG
28550,774PSB34-N0,774PSB34-N0
25572,980SCL34B-N1,980SCL34B-N1
10464,ARVSMART-BL,ARVSMART-BL
5528,KOTHARIPRO-EQ,KOTHARIPRO-EQ
4790,706KL38-SG,706KL38-SG
17263,ARMANFIN-EQ,ARMANFIN-EQ
14223,TIIL-EQ,TIIL-EQ
17104,747KL42-SG,747KL42-SG
7127,773GS2034-GS,773GS2034-GS
19186,762AS33-SG,762AS33-SG
20715,865LTF26-NN,865LTF26-NN
9685,TRIDENT-EQ,TRIDENT-EQ
956,667GS2050-GS,667GS2050-GS
10940,DIVISLAB-EQ,DIVISLAB-EQ
10855,753HR30-SG,753HR30-SG
12659,PATELENG-BL,PATELENG-BL
18617,SAMHI-BL,SAMHI-BL
759856,716RJ35-SG,716RJ35-SG
24443,820ABSLI34-N0,820ABSLI34-N0
896,KHAICHEM-EQ,KHAICHEM-EQ
18185,HFMPCC50DD-MF,HFMPCC50DD-MF
23338,751JK54-SG,751JK54-SG
22633,769LIC34-N0,769LIC34-N0
757415,72959ABC28-N0,72959ABC28-N0
15156,KALYANIFRG-EQ,KALYANIFRG-EQ
21255,LOWVOLIETF-BL,LOWVOLIETF-BL
18007,BPF02D3D-MF,BPF02D3D-MF
21934,76MH30-SG,76MH30-SG
24638,APRAMEYA-SM,APRAMEYA-SM
9816,AETHER-BL,AETHER-BL
12919,931SFL26-Z5,931SFL26-Z5
6096,697TN31C-SG,697TN31C-SG
10417,DYCL-EQ,DYCL-EQ
21487,STEL-BL,STEL-BL
5279,ROLEXRINGS-EQ,ROLEXRINGS-EQ
1394,HINDUNILVR-EQ,HINDUNILVR-EQ
18999,745KL39-SG,745KL39-SG
3348,SUNFLAG-EQ,SUNFLAG-EQ
19634,PRICOLLTD-BL,PRICOLLTD-BL
16705,GOKUL-EQ,GOKUL-EQ
757433,MOPSE-BL,MOPSE-BL
11407,XPROINDIA-EQ,XPROINDIA-EQ
13826,SOBHA-EQ,SOBHA-EQ
8128,699MH29-SG,699MH29-SG
14113,756RJ48-SG,756RJ48-SG
29192,KKJEWELS-SM,KKJEWELS-SM
855,645RJ30-SG,645RJ30-SG
1428,662NL30-SG,662NL30-SG
25881,IMPEXFERRO-BZ,IMPEXFERRO-BZ
3565,EQUIPPP-BL,EQUIPPP-BL
12715,SEMAC-BL,SEMAC-BL
19108,ROLLT-BE,ROLLT-BE
173,673SK30-SG,673SK30-SG
22010,720ML30-SG,720ML30-SG
28888,SENORES-EQ,SENORES-EQ
759897,1225IFL27-N0,1225IFL27-N0
10397,JISLJALEQS-EQ,JISLJALEQS-EQ
30161,717KL38-SG,717KL38-SG
25946,835TCSL27-N0,835TCSL27-N0
6624,EQUAL50ADD-BL,EQUAL50ADD-BL
6744,693UP31A-SG,693UP31A-SG
29002,715KA42-SG,715KA42-SG
23340,736UK26-SG,736UK26-SG
12744,VEDL-BL,VEDL-BL
24482,820TFSIL29-N0,820TFSIL29-N0
757929,715MH49-SG,715MH49-SG
23942,94SCL27-ZG,94SCL27-ZG
757047,715SHFL30-N0,715SHFL30-N0
29949,749SIDBI29-N0,749SIDBI29-N0
14613,QFIL-SM,QFIL-SM
758989,GCSL-BL,GCSL-BL
20822,SURAJEST-EQ,SURAJEST-EQ
29499,707GJ34-SG,707GJ34-SG
24217,IVZINNIFTY-EQ,IVZINNIFTY-EQ
22990,74TN34-SG,74TN34-SG
759832,SICCL28-N0,SICCL28-N0
758711,684TN29-SG,684TN29-SG
5292,PRITIKAUTO-EQ,PRITIKAUTO-EQ
10999,MARUTI-EQ,MARUTI-EQ
15340,RAIN-BL,RAIN-BL
9405,EMBASSY-BL,EMBASSY-BL
2492,SILGO-EQ,SILGO-EQ
13945,PRAENG-BE,PRAENG-BE
17606,MAHEPC-BL,MAHEPC-BL
5855,889SCL26-NS,889SCL26-NS
14376,774UK33-SG,774UK33-SG
759937,STYL-BL,STYL-BL
30472,AONELIQUID-EQ,AONELIQUID-EQ
760425,EXIMROUTES-ST,EXIMROUTES-ST
19463,PLAZACABLE-BL,PLAZACABLE-BL
760403,850IIFL28-N0,850IIFL28-N0
17103,747TS41-SG,747TS41-SG
11560,HDFC1359DG-MF,HDFC1359DG-MF
12528,KABRAEXTRU-BL,KABRAEXTRU-BL
2295,HLEGLAS-BL,HLEGLAS-BL
5557,688GA31-SG,688GA31-SG
760292,762MZ38-SG,762MZ38-SG
25662,950ISF26-N0,950ISF26-N0
2673,713RJ31-SG,713RJ31-SG
19513,COMMITTED-SM,COMMITTED-SM
23078,738CG32-SG,738CG32-SG
756947,665IRFC30-N0,665IRFC30-N0
30065,MOCAPITAL-EQ,MOCAPITAL-EQ
758296,670RECL29-N0,670RECL29-N0
759787,765TMCV27-N0,765TMCV27-N0
11032,SANGINITA-EQ,SANGINITA-EQ
22693,743GJ31-SG,743GJ31-SG
13684,NRL-BL,NRL-BL
17222,747HR35-SG,747HR35-SG
758585,717GA35A-SG,717GA35A-SG
3292,DEEPINDS-EQ,DEEPINDS-EQ
25287,965AEL27-N4,965AEL27-N4
18392,MONOPHARMA-SM,MONOPHARMA-SM
756852,690LICH27-N0,690LICH27-N0
20950,RKDL-EQ,RKDL-EQ
23812,738JK51-SG,738JK51-SG
3265,685NL31-SG,685NL31-SG
759742,745MP41-SG,745MP41-SG
28965,818GFL26-N0,818GFL26-N0
8650,BLUECHIP-BE,BLUECHIP-BE
759294,BLUESTONE-BL,BLUESTONE-BL
760663,725KA32-SG,725KA32-SG
14552,PHOENIXLTD-EQ,PHOENIXLTD-EQ
13160,UTIRGR35P2-MF,UTIRGR35P2-MF
10526,757HP31-SG,757HP31-SG
13596,HGM-BL,HGM-BL
759036,744TS49-SG,744TS49-SG
19,STYRENIX-EQ,STYRENIX-EQ
756915,688PN46-SG,688PN46-SG
614,663UP30-SG,663UP30-SG
12048,UTIRAP35P1-MF,UTIRAP35P1-MF
16982,747GA38-SG,747GA38-SG
18861,971SCL28C-BU,971SCL28C-BU
17410,PREMEXPLN-BL,PREMEXPLN-BL
758178,NIKITA-SM,NIKITA-SM
8168,SPENCERS-BL,SPENCERS-BL
184,TCPLPACK-EQ,TCPLPACK-EQ
24049,UTFIAIPIGI-MF,UTFIAIPIGI-MF
18170,BPF01MDD-MF,BPF01MDD-MF
2873,HITECH-BL,HITECH-BL
11365,865SCL24B-Z8,865SCL24B-Z8
19517,772ML31-SG,772ML31-SG
13457,KAMDHENU-EQ,KAMDHENU-EQ
1127,GHCL-EQ,GHCL-EQ
24181,734RJ34-SG,734RJ34-SG
22043,649RJ30-SG,649RJ30-SG
20206,URJA-BL,URJA-BL
759101,677TCL28-N0,677TCL28-N0
10651,775TN32-SG,775TN32-SG
5089,701UP31-SG,701UP31-SG
23287,925SCL26B-YQ,925SCL26B-YQ
19368,CANARYS-SM,CANARYS-SM
23674,743TN34A-SG,743TN34A-SG
22225,714KA29A-SG,714KA29A-SG
2018,LUMAXIND-EQ,LUMAXIND-EQ
756105,679TS52-SG,679TS52-SG
1018,68TS50-SG,68TS50-SG
22063,678RJ30-SG,678RJ30-SG
18636,915SCL26-NE,915SCL26-NE
13295,VISASTEEL-EQ,VISASTEEL-EQ
5467,638MH27-SG,638MH27-SG
25814,1180VCCL26-N0,1180VCCL26-N0
23632,752HR34-SG,752HR34-SG
25006,706TN29-SG,706TN29-SG
9354,TAJGVK-EQ,TAJGVK-EQ
759327,758BR43-SG,758BR43-SG
20551,DOMS-EQ,DOMS-EQ
13854,9IIFL28A-NT,9IIFL28A-NT
12464,IGARASHI-BL,IGARASHI-BL
5745,68SK31-SG,68SK31-SG
20734,763AR33-SG,763AR33-SG
8355,725HR32-SG,725HR32-SG
21273,773MH36-SG,773MH36-SG
13602,762TN33-SG,762TN33-SG
12026,RENUKA-EQ,RENUKA-EQ
2670,702MH29-SG,702MH29-SG
758717,727HP35-SG,727HP35-SG
22065,788RJ32-SG,788RJ32-SG
6921,828GS2027-GS,828GS2027-GS
12913,SARVESHWAR-EQ,SARVESHWAR-EQ
8591,AKSHOPTFBR-EQ,AKSHOPTFBR-EQ
22295,65AP38-SG,65AP38-SG
25560,925SCL29C-N1,925SCL29C-N1
18993,749PN35-SG,749PN35-SG
760654,9PCPL28-N0,9PCPL28-N0
11187,IDFCFIRSTB-BL,IDFCFIRSTB-BL
7362,SETFNIFBK-BL,SETFNIFBK-BL
760586,761WB45-SG,761WB45-SG
13279,INDOTECH-BL,INDOTECH-BL
24541,MAITHANALL-BL,MAITHANALL-BL
20160,CANTABIL-EQ,CANTABIL-EQ
760632,759AS36-SG,759AS36-SG
3357,SUPERSPIN-EQ,SUPERSPIN-EQ
24135,960IIFLS26-N9,960IIFLS26-N9
16367,737PN38-SG,737PN38-SG
757628,714JK40-SG,714JK40-SG
29035,725IOCL30-N0,725IOCL30-N0
17101,75HP38-SG,75HP38-SG
838,645HP29-SG,645HP29-SG
12441,HINDALCO-BL,HINDALCO-BL
3202,563GS2026-GS,563GS2026-GS
759599,182D080526-TB,182D080526-TB
19556,BHANDARI-EQ,BHANDARI-EQ
759468,ELIQUID-BL,ELIQUID-BL
14374,771GJ33-SG,771GJ33-SG
24834,736NBFID44-N0,736NBFID44-N0
2303,HAL-EQ,HAL-EQ
30208,940SCL28-N1,940SCL28-N1
5622,CEMPRO-EQ,CEMPRO-EQ
2799,CHEMFAB-EQ,CHEMFAB-EQ
15122,EDELWEISS-BL,EDELWEISS-BL
29270,REXPRO-SM,REXPRO-SM
20645,JINDWORLD-BL,JINDWORLD-BL
27029,875BTL28-N0,875BTL28-N0
4041,JAYAGROGN-EQ,JAYAGROGN-EQ
757478,SCODATUBES-EQ,SCODATUBES-EQ
29928,722HR38A-SG,722HR38A-SG
760453,MARC-SM,MARC-SM
12460,IDBI-BL,IDBI-BL
10181,BALKRISHNA-EQ,BALKRISHNA-EQ
157,APOLLOHOSP-EQ,APOLLOHOSP-EQ
24535,FILATEX-BL,FILATEX-BL
759597,745TS57-SG,745TS57-SG
23718,REFRACTORY-SM,REFRACTORY-SM
12322,DALMIASUG-BL,DALMIASUG-BL
976,643AP30-SG,643AP30-SG
759015,GANESHCP-BL,GANESHCP-BL
13527,WENDT-BL,WENDT-BL
757040,689KL51-SG,689KL51-SG
760327,GOLDBND-BL,GOLDBND-BL
23215,747JK44-SG,747JK44-SG
8495,734TS35-SG,734TS35-SG
18133,YASHO-BL,YASHO-BL
21686,BRNL-BL,BRNL-BL
31768,891NTPC33-N6,891NTPC33-N6
18523,CUPID-BL,CUPID-BL
28955,DUCON-BL,DUCON-BL
757791,MOGOLD-EQ,MOGOLD-EQ
17641,SUNTECK-EQ,SUNTECK-EQ
759041,IVALUE-EQ,IVALUE-EQ
13858,IIFLZC28A-NU,IIFLZC28A-NU
22415,LOVABLE-EQ,LOVABLE-EQ
20364,771KL43-SG,771KL43-SG
10368,783MN32-SG,783MN32-SG
12623,NATIONALUM-BL,NATIONALUM-BL
12670,PFIZER-BL,PFIZER-BL
759168,709PY31-SG,709PY31-SG
10530,SHARDAMOTR-EQ,SHARDAMOTR-EQ
21729,MATRIMONY-BL,MATRIMONY-BL
24412,DHANUKA-BL,DHANUKA-BL
21707,DCAL-BL,DCAL-BL
19233,AARTISURF-EQ,AARTISURF-EQ
12490,VINNY-EQ,VINNY-EQ
18344,VPRPL-BL,VPRPL-BL
22416,807NIIF39-N1,807NIIF39-N1
756787,642TN31-SG,642TN31-SG
8299,713TS37-SG,713TS37-SG
1379,669KA37-SG,669KA37-SG
3063,VEDL-EQ,VEDL-EQ
23159,AVPINFRA-SM,AVPINFRA-SM
22453,668AP35-SG,668AP35-SG
759949,714SECIL35-N0,714SECIL35-N0
758572,GLOBECIVIL-EQ,GLOBECIVIL-EQ
7709,712UP32-SG,712UP32-SG
23779,MANDEEP-SM,MANDEEP-SM
23633,752RJ34-SG,752RJ34-SG
13062,360ONE-BL,360ONE-BL
1474,ACCURACY-BL,ACCURACY-BL
8770,H1876D46DD-MF,H1876D46DD-MF
29280,713RJ35-SG,713RJ35-SG
16711,SAHANA-SM,SAHANA-SM
13082,SILVER1-EQ,SILVER1-EQ
757170,930APMD32-N0,930APMD32-N0
3638,61RJ26-SG,61RJ26-SG
18131,YASHO-EQ,YASHO-EQ
591,840IRFC29-N8,840IRFC29-N8
13229,GVKPIL-BE,GVKPIL-BE
27201,718RJ38-SG,718RJ38-SG
760635,759UK38-SG,759UK38-SG
7513,70GA31A-SG,70GA31A-SG
13624,762KL53-SG,762KL53-SG
13732,INSPIRISYS-BL,INSPIRISYS-BL
758991,765TPREL40-N0,765TPREL40-N0
13285,M&MFIN-EQ,M&MFIN-EQ
22187,624TS26-SG,624TS26-SG
20484,WIPL-BL,WIPL-BL
6823,LATENTVIEW-BL,LATENTVIEW-BL
19964,851HUDCO28-NB,851HUDCO28-NB
7043,683BR30-SG,683BR30-SG
3724,VSTIND-EQ,VSTIND-EQ
30170,718WB47-SG,718WB47-SG
20163,CANTABIL-BL,CANTABIL-BL
10197,785AS32-SG,785AS32-SG
21549,655AP28-SG,655AP28-SG
23826,HOACFOODS-ST,HOACFOODS-ST
7053,ACCELYA-EQ,ACCELYA-EQ
11439,BANKBEES-EQ,BANKBEES-EQ
31766,873NTPC28-N5,873NTPC28-N5
8298,713BR32-SG,713BR32-SG
10532,785KL35-SG,785KL35-SG
14101,PTL-EQ,PTL-EQ
757731,670GJ33-SG,670GJ33-SG
23948,948SCL27A-ZJ,948SCL27A-ZJ
24332,735TN34-SG,735TN34-SG
29971,74PFCL35-N0,74PFCL35-N0
2391,72JH35-SG,72JH35-SG
757049,RAJOOENG-EQ,RAJOOENG-EQ
29523,718KL50-SG,718KL50-SG
759446,12AFIL27-N0,12AFIL27-N0
755875,995ISF28A-N0,995ISF28A-N0
10645,793RJ45-SG,793RJ45-SG
756950,AAFS29A-N0,AAFS29A-N0
24337,736TS37-SG,736TS37-SG
7427,MANAKALUCO-BE,MANAKALUCO-BE
2743,714HR31-SG,714HR31-SG
8833,BCG-EQ,BCG-EQ
756705,673HPCL30-N0,673HPCL30-N0
11369,TTKHLTCARE-EQ,TTKHLTCARE-EQ
31837,SREEL-EQ,SREEL-EQ
27339,GANESHIN-SM,GANESHIN-SM
21722,LASA-BL,LASA-BL
3238,682ML31-SG,682ML31-SG
21053,699GJ26-SG,699GJ26-SG
18730,MASKINVEST-BL,MASKINVEST-BL
6579,FINOPB-EQ,FINOPB-EQ
7800,TIMESCAN-SM,TIMESCAN-SM
7543,714JK36-SG,714JK36-SG
23706,897MOFSL29-N4,897MOFSL29-N4
18451,SGBMAR28X-GB,SGBMAR28X-GB
4883,695MH32-SG,695MH32-SG
18924,VBL-BL,VBL-BL
3736,WALCHANNAG-EQ,WALCHANNAG-EQ
760266,737AP34-SG,737AP34-SG
29,667MH31-SG,667MH31-SG
760461,RAJESHEXPO-BZ,RAJESHEXPO-BZ
5609,INTLCONV-BL,INTLCONV-BL
24394,DELPHIFX-BL,DELPHIFX-BL
759226,ASIFRD-SF,ASIFRD-SF
27323,711AP39-SG,711AP39-SG
10206,794AP34-SG,794AP34-SG
13710,FIEMIND-EQ,FIEMIND-EQ
28897,925SCL26Z-N1,925SCL26Z-N1
760777,759OR46-SG,759OR46-SG
10995,ISHAN-SM,ISHAN-SM
15327,UJJIVANSFB-BL,UJJIVANSFB-BL
757169,MONEXT50-BL,MONEXT50-BL
14558,774MZ38-SG,774MZ38-SG
20763,RPPINFRA-BL,RPPINFRA-BL
16419,CRAYONS-SM,CRAYONS-SM
29941,72TN55-SG,72TN55-SG
756811,664GJ36-SG,664GJ36-SG
7860,INOXWIND-BL,INOXWIND-BL
3752,68RJ31-SG,68RJ31-SG
25,ADANIENT-EQ,ADANIENT-EQ
13376,UTTAMSUGAR-EQ,UTTAMSUGAR-EQ
28392,IGIL-BL,IGIL-BL
16962,ALKALI-BL,ALKALI-BL
11403,POONAWALLA-EQ,POONAWALLA-EQ
13997,765TN53-SG,765TN53-SG
23157,746IRFC29-NS,746IRFC29-NS
18006,BPF02D2G-MF,BPF02D2G-MF
759723,PWL-EQ,PWL-EQ
5239,MAHAPEXLTD-EQ,MAHAPEXLTD-EQ
18394,RBLBANK-BL,RBLBANK-BL
25648,THESL-SM,THESL-SM
760622,603GS2029-GS,603GS2029-GS
827,DEEPAKFERT-EQ,DEEPAKFERT-EQ
16640,729CG30-SG,729CG30-SG
11700,795WB39-SG,795WB39-SG
758597,INTERNET-BL,INTERNET-BL
11682,785BR32A-SG,785BR32A-SG
18632,879SCL26-NC,879SCL26-NC
760,CGPOWER-EQ,CGPOWER-EQ
10485,RAMRAT-EQ,RAMRAT-EQ
757475,985SCL32-NJ,985SCL32-NJ
17797,SOMICONVEY-BL,SOMICONVEY-BL
758552,RAYMONDREL-BL,RAYMONDREL-BL
759287,70826LTF28-N0,70826LTF28-N0
11715,ALKEM-BL,ALKEM-BL
29914,717TN33-SG,717TN33-SG
10738,OFSS-EQ,OFSS-EQ
4248,HDFCAMC-BL,HDFCAMC-BL
14731,HFMPM23DND-MF,HFMPM23DND-MF
9047,710GS2029-GS,710GS2029-GS
756324,NPST-EQ,NPST-EQ
12867,VARDHACRLC-BL,VARDHACRLC-BL
21998,729NL29-SG,729NL29-SG
29518,70OR30-SG,70OR30-SG
1372,HINDCOMPOS-EQ,HINDCOMPOS-EQ
760321,ENCOMPAS-SM,ENCOMPAS-SM
22964,925BCIPL28-N1,925BCIPL28-N1
30429,709AP35-SG,709AP35-SG
760467,895PAPL28A-N0,895PAPL28A-N0
17489,EXPLEOSOL-BL,EXPLEOSOL-BL
18912,745MP44-SG,745MP44-SG
27121,715IRFC39-N0,715IRFC39-N0
644,DNAMEDIA-BL,DNAMEDIA-BL
29249,900CIFL35-N0,900CIFL35-N0
18965,RAJRATAN-BL,RAJRATAN-BL
12285,CARBORUNIV-BL,CARBORUNIV-BL
23066,GOPAL-EQ,GOPAL-EQ
28820,714MP45-SG,714MP45-SG
25564,1050SCL31A-N1,1050SCL31A-N1
759021,673PFCL27-N0,673PFCL27-N0
30496,805TFSIL28-N0,805TFSIL28-N0
11073,KSOLVES-BL,KSOLVES-BL
3523,69MZ33-SG,69MZ33-SG
7847,AUTOIETF-BL,AUTOIETF-BL
22147,723WB30-SG,723WB30-SG
29657,MAXVOLT-ST,MAXVOLT-ST
29461,MOSCHIP-BL,MOSCHIP-BL
759302,NIFTYCASE-EQ,NIFTYCASE-EQ
758936,778KL45-SG,778KL45-SG
23204,75MN36-SG,75MN36-SG
756065,672MH40-SG,672MH40-SG
24969,WINDMACHIN-EQ,WINDMACHIN-EQ
29022,810NIT40-N0,810NIT40-N0
30071,724UP40-SG,724UP40-SG
14096,SIYSIL-EQ,SIYSIL-EQ
28840,7685TCHF28-N0,7685TCHF28-N0
4907,ENGINERSIN-EQ,ENGINERSIN-EQ
14635,766HR29-SG,766HR29-SG
758923,627TN27-SG,627TN27-SG
12371,UFLEX-BL,UFLEX-BL
318,70AP39-SG,70AP39-SG
5863,850SCL25A-NW,850SCL25A-NW
9035,AUSOMENT-BE,AUSOMENT-BE
25944,GODAVARIB-BL,GODAVARIB-BL
23492,BHARTIHEXA-BL,BHARTIHEXA-BL
22057,697RJ30-SG,697RJ30-SG
25475,715RJ42-SG,715RJ42-SG
757498,930SCL35-NN,930SCL35-NN
759314,CRAMC-BL,CRAMC-BL
23999,744HP34-SG,744HP34-SG
19539,772MZ38-SG,772MZ38-SG
489,ICEMAKE-EQ,ICEMAKE-EQ
13957,765HR30-SG,765HR30-SG
11076,AGRITECH-BE,AGRITECH-BE
22678,CAPITALSFB-BL,CAPITALSFB-BL
22256,NDRAUTO-BL,NDRAUTO-BL
16992,742TN43-SG,742TN43-SG
13648,TALBROAUTO-EQ,TALBROAUTO-EQ
760666,756CG37-SG,756CG37-SG
18722,NUVAMA-BL,NUVAMA-BL
13603,ANTELOPUS-BL,ANTELOPUS-BL
15235,98SFIL26-NU,98SFIL26-NU
14440,NAHARSPING-EQ,NAHARSPING-EQ
12482,GILLETTE-BL,GILLETTE-BL
14455,757TN53-SG,757TN53-SG
12718,RIIL-BL,RIIL-BL
29180,725IRFC35B-N0,725IRFC35B-N0
21252,AXISNIFTY-EQ,AXISNIFTY-EQ
17351,SALONA-EQ,SALONA-EQ
3710,685NL31A-SG,685NL31A-SG
6318,695BR30-SG,695BR30-SG
759071,734NRL35-N0,734NRL35-N0
6836,FOCUS-EQ,FOCUS-EQ
14488,THEMISMED-BL,THEMISMED-BL
17298,NAGAFERT-BL,NAGAFERT-BL
25468,PAISALO-EQ,PAISALO-EQ
30451,71WB47-SG,71WB47-SG
757182,930APMD29-N0,930APMD29-N0
20554,DOMS-BL,DOMS-BL
24975,73BOB34-N0,73BOB34-N0
12609,WELENT-BL,WELENT-BL
25435,727PFCL31-N0,727PFCL31-N0
31163,RHIM-EQ,RHIM-EQ
5788,MASPTOP50-BL,MASPTOP50-BL
756930,769TFSIL28-N0,769TFSIL28-N0
18012,VLEGOV-EQ,VLEGOV-EQ
12812,TATAELXSI-BL,TATAELXSI-BL
14925,PURVA-BL,PURVA-BL
24944,MODEFENCE-EQ,MODEFENCE-EQ
757427,665AP33-SG,665AP33-SG
12108,HDFCPVTBAN-EQ,HDFCPVTBAN-EQ
19691,JITFINFRA-EQ,JITFINFRA-EQ
759268,TATACAP-BL,TATACAP-BL
181,ARENTERP-EQ,ARENTERP-EQ
28817,714JK51-SG,714JK51-SG
3332,ISGEC-BL,ISGEC-BL
23317,1025SCFL34-Z5,1025SCFL34-Z5
13526,HOMESFY-SM,HOMESFY-SM
758148,LOTUSDEV-BL,LOTUSDEV-BL
13107,SFMP73GD-MF,SFMP73GD-MF
15015,749MH30-SG,749MH30-SG
12592,MCLEODRUSS-BL,MCLEODRUSS-BL
25885,712GA34A-SG,712GA34A-SG
14418,ASTRAL-EQ,ASTRAL-EQ
758929,748AP34-SG,748AP34-SG
29264,735EXIM28-N0,735EXIM28-N0
2123,619AS26-SG,619AS26-SG
30141,CASHIETF-BL,CASHIETF-BL
3892,HATSUN-EQ,HATSUN-EQ
25277,925AEL26-N1,925AEL26-N1
30431,702MP35-SG,702MP35-SG
12192,AKSHOPTFBR-BL,AKSHOPTFBR-BL
3512,TNTELE-EQ,TNTELE-EQ
25690,DSSL-EQ,DSSL-EQ
18727,MASKINVEST-EQ,MASKINVEST-EQ
23153,824LTF27-NQ,824LTF27-NQ
758959,STLNETWORK-BL,STLNETWORK-BL
10525,782RJ44-SG,782RJ44-SG
759386,714AP33-SG,714AP33-SG
758123,721TS47-SG,721TS47-SG
18679,HPL-EQ,HPL-EQ
12152,PVP-BL,PVP-BL
757559,61GJ28-SG,61GJ28-SG
17329,734TS46-SG,734TS46-SG
3735,ANMOL-BL,ANMOL-BL
760106,736CIFL28-N0,736CIFL28-N0
3655,678KL31-SG,678KL31-SG
74,675KA33-SG,675KA33-SG
24105,733JK51-SG,733JK51-SG
758851,751HR41-SG,751HR41-SG
17152,MIDCAPIETF-EQ,MIDCAPIETF-EQ
1204,PRAXIS-EQ,PRAXIS-EQ
13302,NITCO-BL,NITCO-BL
210,NMFINQRAG1-MF,NMFINQRAG1-MF
23900,865CIFL29-NW,865CIFL29-NW
31418,NBCC-BL,NBCC-BL
12809,HYBRIDFIN-EQ,HYBRIDFIN-EQ
17124,746AP34-SG,746AP34-SG
2891,SGBMAY26-GB,SGBMAY26-GB
9578,MAHESHWARI-BL,MAHESHWARI-BL
4529,NEXT50IETF-EQ,NEXT50IETF-EQ
760657,ADVAIT-EQ,ADVAIT-EQ
17336,MHRIL-BL,MHRIL-BL
1110,DANGEE-EQ,DANGEE-EQ
11068,NATHBIOGEN-BL,NATHBIOGEN-BL
19172,759WB39-SG,759WB39-SG
23123,1065NFL27-NC,1065NFL27-NC
16379,736WB43-SG,736WB43-SG
2472,OILCOUNTUB-EQ,OILCOUNTUB-EQ
13356,MALUPAPER-BL,MALUPAPER-BL
22,ACC-EQ,ACC-EQ
20619,SUPERHOUSE-BL,SUPERHOUSE-BL
16783,GVT&D-EQ,GVT&D-EQ
24133,920IIFLS26-N8,920IIFLS26-N8
12798,SUPREMEIND-BL,SUPREMEIND-BL
18681,744AP36-SG,744AP36-SG
14829,779UP33-SG,779UP33-SG
21517,COCHINSHIP-BL,COCHINSHIP-BL
1708,JAYBARMARU-EQ,JAYBARMARU-EQ
30021,725UP39-SG,725UP39-SG
12271,BLUESTARCO-BL,BLUESTARCO-BL
7124,813GS2045-GS,813GS2045-GS
14497,704NHAI26-NB,704NHAI26-NB
12050,ATLASCYCLE-BL,ATLASCYCLE-BL
760330,SILVERBND-BL,SILVERBND-BL
29087,QUADFUTURE-EQ,QUADFUTURE-EQ
4774,LAKPRE-BZ,LAKPRE-BZ
30076,727PY33-SG,727PY33-SG
30059,990IIFL27A-N0,990IIFL27A-N0
15832,NXST-BL,NXST-BL
10545,784TS36-SG,784TS36-SG
760067,717GJ34-SG,717GJ34-SG
6197,842IIFL26-NL,842IIFL26-NL
756813,67HR39-SG,67HR39-SG
15249,1003SFIL28-NX,1003SFIL28-NX
16804,741PN34-SG,741PN34-SG
24661,735RJ49-SG,735RJ49-SG
1919,KOPRAN-EQ,KOPRAN-EQ
7981,MAKEINDIA-BL,MAKEINDIA-BL
14174,IZMO-EQ,IZMO-EQ
10965,746TS49-SG,746TS49-SG
21513,768KA39-SG,768KA39-SG
14314,TTL-EQ,TTL-EQ
17997,PGIMCSR3D-MF,PGIMCSR3D-MF
759865,182D210526-TB,182D210526-TB
8372,733TN57-SG,733TN57-SG
759488,MOMENTUM30-EQ,MOMENTUM30-EQ
29061,711MH38-SG,711MH38-SG
17092,GREENCHEF-SM,GREENCHEF-SM
4992,SHARDACROP-EQ,SHARDACROP-EQ
20614,847TPL26-N1,847TPL26-N1
11966,BIKAJI-EQ,BIKAJI-EQ
20858,695HP34-SG,695HP34-SG
4587,RAMCOIND-EQ,RAMCOIND-EQ
4732,SKMEGGPROD-EQ,SKMEGGPROD-EQ
27421,935TSIIC28-N0,935TSIIC28-N0
760756,762WB47-SG,762WB47-SG
12209,APOLLOHOSP-BL,APOLLOHOSP-BL
18113,VASCONEQ-BL,VASCONEQ-BL
23030,LANCORHOL-BE,LANCORHOL-BE
3509,TNPETRO-EQ,TNPETRO-EQ
24660,734AP49A-SG,734AP49A-SG
24986,726PN37-SG,726PN37-SG
30263,726NTPC40-N0,726NTPC40-N0
17097,CROMPTON-BL,CROMPTON-BL
758988,GCSL-BE,GCSL-BE
23218,742KL64-SG,742KL64-SG
23636,753PN37-SG,753PN37-SG
5527,705AP35-SG,705AP35-SG
12576,MAHSCOOTER-BL,MAHSCOOTER-BL
8287,702TN30-SG,702TN30-SG
18062,BPF02D5R-MF,BPF02D5R-MF
8119,RPSGVENT-EQ,RPSGVENT-EQ
17702,MIDSELIETF-EQ,MIDSELIETF-EQ
22724,LICNMID100-BL,LICNMID100-BL
22081,65UP30-SG,65UP30-SG
2643,PFIZER-EQ,PFIZER-EQ
12565,LUPIN-BL,LUPIN-BL
759878,771SIHF35-N0,771SIHF35-N0
15189,BGRENERGY-EQ,BGRENERGY-EQ
29242,712TN55-SG,712TN55-SG
758420,SSFLPP-E1,SSFLPP-E1
470,HDFCLIFE-BL,HDFCLIFE-BL
8560,COOLCAPS-SM,COOLCAPS-SM
25164,EUREKAFORB-BL,EUREKAFORB-BL
760336,714NL30A-SG,714NL30A-SG
3908,PREMIERPOL-EQ,PREMIERPOL-EQ
24516,754BOI34-N0,754BOI34-N0
20299,SHAH-BL,SHAH-BL
3136,UFBL-BL,UFBL-BL
23512,TARACHAND-EQ,TARACHAND-EQ
8825,PRIVISCL-EQ,PRIVISCL-EQ
28909,MAYURUNIQ-BL,MAYURUNIQ-BL
9169,SNXT50BETA-BL,SNXT50BETA-BL
10956,745BR32-SG,745BR32-SG
758946,SNEHAA-SM,SNEHAA-SM
4579,68MH31-SG,68MH31-SG
1508,ASTERDM-EQ,ASTERDM-EQ
5595,SFMP50GD-MF,SFMP50GD-MF
24794,890MFL27A-N0,890MFL27A-N0
3821,ZODIACLOTH-EQ,ZODIACLOTH-EQ
17311,AJMERA-BL,AJMERA-BL
1681,IVP-EQ,IVP-EQ
5650,SHANTI-EQ,SHANTI-EQ
8900,MINDPOOL-SM,MINDPOOL-SM
759391,726MH42-SG,726MH42-SG
14452,772TS46-SG,772TS46-SG
21715,MEDIASSIST-BL,MEDIASSIST-BL
25017,BODALCHEM-EQ,BODALCHEM-EQ
19187,SFL-BL,SFL-BL
19619,768MP34-SG,768MP34-SG
760290,76BR37-SG,76BR37-SG
759762,850KGEL30-N0,850KGEL30-N0
5004,715AP37-SG,715AP37-SG
12907,ZODIACLOTH-BL,ZODIACLOTH-BL
17140,IDEAFORGE-EQ,IDEAFORGE-EQ
25957,713RJ34-SG,713RJ34-SG
14233,HDFCSML250-EQ,HDFCSML250-EQ
25007,725BR33-SG,725BR33-SG
17870,REDTAPE-BL,REDTAPE-BL
1937,KREBSBIO-EQ,KREBSBIO-EQ
10955,745HR32-SG,745HR32-SG
5972,689GA31A-SG,689GA31A-SG
20817,IRBINVIT-IV,IRBINVIT-IV
4179,SUNDRMBRAK-EQ,SUNDRMBRAK-EQ
20292,ROCKINGDCE-ST,ROCKINGDCE-ST
7838,NETF-EQ,NETF-EQ
21131,TEJASNET-EQ,TEJASNET-EQ
10834,SEYAIND-BL,SEYAIND-BL
167,67GJ30-SG,67GJ30-SG
393,GLOBE-EQ,GLOBE-EQ
8442,H1861D46DD-MF,H1861D46DD-MF
13565,RAMANEWS-EQ,RAMANEWS-EQ
11743,JINDALPHOT-EQ,JINDALPHOT-EQ
30432,71NL35-SG,71NL35-SG
22880,742KA39-SG,742KA39-SG
25998,EMULTIMQ-BL,EMULTIMQ-BL
14860,776TN53-SG,776TN53-SG
14597,ALPHAGEO-EQ,ALPHAGEO-EQ
3241,678RJ31-SG,678RJ31-SG
759504,364D291026-TB,364D291026-TB
2871,10IIFL28A-NE,10IIFL28A-NE
22865,746PN33-SG,746PN33-SG
617,662UK30-SG,662UK30-SG
20547,BBNPPGOLD-EQ,BBNPPGOLD-EQ
12462,IFCI-BL,IFCI-BL
29917,72CG34-SG,72CG34-SG
25892,DBEIL-EQ,DBEIL-EQ
1196,KANSAINER-EQ,KANSAINER-EQ
18151,TVSSCS-EQ,TVSSCS-EQ
3522,688MH33-SG,688MH33-SG
7091,SEJALLTD-EQ,SEJALLTD-EQ
22093,690UP30-SG,690UP30-SG
14773,TARMAT-BL,TARMAT-BL
29931,72AS40-SG,72AS40-SG
757114,677TN40-SG,677TN40-SG
25633,UNILEX-SM,UNILEX-SM
13445,BALPHARMA-BL,BALPHARMA-BL
22336,649KA31-SG,649KA31-SG
1166,672KA33-SG,672KA33-SG
24504,SATIPOLY-SM,SATIPOLY-SM
9594,POLYCAB-BL,POLYCAB-BL
22088,70UP30-SG,70UP30-SG
21392,MAGADSUGAR-EQ,MAGADSUGAR-EQ
758642,666NBRD28-N0,666NBRD28-N0
12965,ICDSLTD-BL,ICDSLTD-BL
18970,KAPSTON-BL,KAPSTON-BL
12367,FEDERALBNK-BL,FEDERALBNK-BL
760953,ATLPP-E1,ATLPP-E1
10212,794TS36-SG,794TS36-SG
14463,LEXUS-BL,LEXUS-BL
22502,763MH36-SG,763MH36-SG
22277,WORTHPERI-EQ,WORTHPERI-EQ
8007,733TN52-SG,733TN52-SG
23621,JNKINDIA-EQ,JNKINDIA-EQ
756338,TANKUP-ST,TANKUP-ST
13384,765KA34-SG,765KA34-SG
31762,866NTPC33-N3,866NTPC33-N3
759891,MOIPO-EQ,MOIPO-EQ
14268,77AP30-SG,77AP30-SG
11441,LICNETFSEN-EQ,LICNETFSEN-EQ
25031,725IRFC34-N0,725IRFC34-N0
23804,BSLGOLDETF-EQ,BSLGOLDETF-EQ
14667,KMSUGAR-EQ,KMSUGAR-EQ
27839,SAILIFE-EQ,SAILIFE-EQ
14344,VIYASH-BL,VIYASH-BL
21272,776KL35-SG,776KL35-SG
17834,747TS32-SG,747TS32-SG
6419,KRITI-BL,KRITI-BL
2143,704MZ33-SG,704MZ33-SG
758723,757RJ43-SG,757RJ43-SG
15106,761TS44-SG,761TS44-SG
27040,TBZ-BL,TBZ-BL
760675,GROWWCHEM-BL,GROWWCHEM-BL
22423,TOTAL-EQ,TOTAL-EQ
13720,JHS-EQ,JHS-EQ
19622,766TN43-SG,766TN43-SG
22333,660AP40-SG,660AP40-SG
6969,GOCOLORS-BL,GOCOLORS-BL
29120,722HR38-SG,722HR38-SG
759082,DEVX-BL,DEVX-BL
350,BANARISUG-EQ,BANARISUG-EQ
757679,SILKY-SM,SILKY-SM
14304,FSL-EQ,FSL-EQ
8003,SILVER-EQ,SILVER-EQ
2324,SMCGLOBAL-BL,SMCGLOBAL-BL
15256,739HR29-SG,739HR29-SG
20542,SJLOGISTIC-SM,SJLOGISTIC-SM
757660,FISCHER-BL,FISCHER-BL
8308,SGBJAN27-GB,SGBJAN27-GB
19078,SGBJUN28-GB,SGBJUN28-GB
23329,751UP40-SG,751UP40-SG
2910,685GA31A-SG,685GA31A-SG
11287,UPL-EQ,UPL-EQ
758568,SHKSIL-SM,SHKSIL-SM
19934,ORISSAMINE-BL,ORISSAMINE-BL
31138,COMPUSOFT-EQ,COMPUSOFT-EQ
22261,65GA30-SG,65GA30-SG
18176,IFD3DPD-MF,IFD3DPD-MF
12536,KARURVYSYA-BL,KARURVYSYA-BL
11778,GOKEX-EQ,GOKEX-EQ
759562,905PFL26-N1,905PFL26-N1
21905,810KL32-SG,810KL32-SG
22722,LICNMID100-EQ,LICNMID100-EQ
2928,684GJ31-SG,684GJ31-SG
757995,71ABHFL27-N0,71ABHFL27-N0
23751,787LIC29-N3,787LIC29-N3
2744,715RJ31A-SG,715RJ31A-SG
30424,704AP33-SG,704AP33-SG
17271,SENCO-EQ,SENCO-EQ
759187,748PY36-SG,748PY36-SG
1353,PARAMPARA-SM,PARAMPARA-SM
12003,76NHAI31-NA,76NHAI31-NA
760337,716TN32-SG,716TN32-SG
24773,80956ABH26-N0,80956ABH26-N0
12889,WEIZMANIND-BL,WEIZMANIND-BL
2019,662HR41-SG,662HR41-SG
19795,CELLO-EQ,CELLO-EQ
25554,SCL25924C-N1,SCL25924C-N1
23246,792TCHFL34-NF,792TCHFL34-NF
10214,795AP38-SG,795AP38-SG
19372,SPCENET-EQ,SPCENET-EQ
13340,ARIHANTACA-SM,ARIHANTACA-SM
1583,TARC-BL,TARC-BL
11704,783TN42-SG,783TN42-SG
24403,ASHIANA-EQ,ASHIANA-EQ
25426,NORTHARC-EQ,NORTHARC-EQ
758872,717SIHF28-N0,717SIHF28-N0
25771,714SK34-SG,714SK34-SG
12720,RML-BL,RML-BL
23913,759NHB27-ND,759NHB27-ND
761472,SHADOWFAX-BL,SHADOWFAX-BL
760102,SKFINDUS-BL,SKFINDUS-BL
757869,895AEL27-N9,895AEL27-N9
20171,77GA33B-SG,77GA33B-SG
759551,PIRAMALFIN-EQ,PIRAMALFIN-EQ
12368,FINCABLES-BL,FINCABLES-BL
9055,ROTO-BL,ROTO-BL
11598,773BR32-SG,773BR32-SG
29439,SUPREME-EQ,SUPREME-EQ
7843,654GS2032-GS,654GS2032-GS
14361,APOLLOPIPE-EQ,APOLLOPIPE-EQ
25858,AFFORDABLE-BL,AFFORDABLE-BL
760511,747OR36-SG,747OR36-SG
756331,678IRFC30-N0,678IRFC30-N0
13623,BILVYAPAR-BL,BILVYAPAR-BL
760391,364D171226-TB,364D171226-TB
18335,741RJ39-SG,741RJ39-SG
19064,MANAPPURAM-BL,MANAPPURAM-BL
18336,74KL41-SG,74KL41-SG
759060,SAATVIKGL-BL,SAATVIKGL-BL
4745,BANKINDIA-EQ,BANKINDIA-EQ
21858,763GJ34-SG,763GJ34-SG
29576,717TN45-SG,717TN45-SG
3689,704AP40-SG,704AP40-SG
24595,RUSHIL-EQ,RUSHIL-EQ
13538,TECHM-EQ,TECHM-EQ
11233,SUVEN-EQ,SUVEN-EQ
9680,SOUTHWEST-BL,SOUTHWEST-BL
2913,693SK31-SG,693SK31-SG
756722,687REC30-N0,687REC30-N0
755952,80208ABC30-ND,80208ABC30-ND
25318,724INBK34-N0,724INBK34-N0
19686,BLUEJET-EQ,BLUEJET-EQ
760520,76JK45-SG,76JK45-SG
12468,IMPAL-BL,IMPAL-BL
29697,702GJ31A-SG,702GJ31A-SG
20052,740IIFCL33-N1,740IIFCL33-N1
11550,HDFCLOWVOL-BL,HDFCLOWVOL-BL
3659,678MH31-SG,678MH31-SG
11886,787HP34-SG,787HP34-SG
25807,LLOYDSENT-EQ,LLOYDSENT-EQ
22602,PFS-EQ,PFS-EQ
14520,ABSLLIQUID-BL,ABSLLIQUID-BL
23305,925SCL29-YZ,925SCL29-YZ
12710,763KA42-SG,763KA42-SG
759437,WEWORK-BL,WEWORK-BL
14621,CHEMBOND-BL,CHEMBOND-BL
8934,718MH30-SG,718MH30-SG
23990,9CIFL34-NX,9CIFL34-NX
13364,KFINTECH-BL,KFINTECH-BL
16652,739TS39-SG,739TS39-SG
3799,WSTCSTPAPR-EQ,WSTCSTPAPR-EQ
6320,693GJ31A-SG,693GJ31A-SG
760366,915APSBC28-N0,915APSBC28-N0
14154,UNOMINDA-EQ,UNOMINDA-EQ
758695,813AIFL32-N0,813AIFL32-N0
755943,81ABCL33-N4,81ABCL33-N4
21213,730AS29-SG,730AS29-SG
12514,JINDALPOLY-BL,JINDALPOLY-BL
18612,ZAGGLE-BL,ZAGGLE-BL
22553,CIF27-NM,CIF27-NM
17508,940SCL26C-AU,940SCL26C-AU
24997,722MH49-SG,722MH49-SG
756857,683AP34-SG,683AP34-SG
1839,653TN31-SG,653TN31-SG
760531,E2ERAIL-SM,E2ERAIL-SM
15260,738GJ30-SG,738GJ30-SG
11075,AGRITECH-BL,AGRITECH-BL
19482,771UK33-SG,771UK33-SG
19037,JSWINFRA-BL,JSWINFRA-BL
19966,858HUDCO29-NC,858HUDCO29-NC
18422,ASIANHOTNR-EQ,ASIANHOTNR-EQ
30045,809CANF27-N0,809CANF27-N0
16064,735HR33-SG,735HR33-SG
17839,GILLANDERS-EQ,GILLANDERS-EQ
14444,NAHARSPING-BL,NAHARSPING-BL
8336,713HR42-SG,713HR42-SG
4571,684RJ31A-SG,684RJ31A-SG
18039,ADVENZYMES-EQ,ADVENZYMES-EQ
30433,705OR35-SG,705OR35-SG
18285,HNGSNGBEES-BL,HNGSNGBEES-BL
20821,IRBINVIT-BL,IRBINVIT-BL
13139,EBBETF0433-EQ,EBBETF0433-EQ
20179,773UP34-SG,773UP34-SG
15449,DENEERS-SM,DENEERS-SM
8295,712AS32A-SG,712AS32A-SG
21496,768AS31-SG,768AS31-SG
25449,GROWWLIQID-BL,GROWWLIQID-BL
759028,732RJ35-SG,732RJ35-SG
758176,PROSTARM-BL,PROSTARM-BL
757658,FISCHER-EQ,FISCHER-EQ
7456,MIDQ50ADD-EQ,MIDQ50ADD-EQ
5541,691RJ31A-SG,691RJ31A-SG
759876,UTLSOLAR-EQ,UTLSOLAR-EQ
18585,KIRLOSBROS-BL,KIRLOSBROS-BL
30164,717OR40-SG,717OR40-SG
12283,CANBK-BL,CANBK-BL
14111,NETWORK18-EQ,NETWORK18-EQ
756741,702RECL40-N0,702RECL40-N0
759283,12AFIL28-N0,12AFIL28-N0
22886,SGBFEB32IV-GB,SGBFEB32IV-GB
16589,VAISHALI-EQ,VAISHALI-EQ
9344,727HR30-SG,727HR30-SG
10980,MEGAFLEX-ST,MEGAFLEX-ST
760504,724OR32-SG,724OR32-SG
23917,LIQUIDBETF-BL,LIQUIDBETF-BL
2829,ANURAS-EQ,ANURAS-EQ
18087,751PN36-SG,751PN36-SG
10763,SILVERADD-BL,SILVERADD-BL
6851,SMLT-BL,SMLT-BL
30558,MHLSRG-SF,MHLSRG-SF
758743,ANONDITA-ST,ANONDITA-ST
21271,772MH35-SG,772MH35-SG
757892,111ESFB31-N0,111ESFB31-N0
20399,772WB37-SG,772WB37-SG
14034,1030SFIL28-NM,1030SFIL28-NM
21214,728GJ29-SG,728GJ29-SG
759770,ADVENTHTL-BL,ADVENTHTL-BL
7353,SETFNN50-EQ,SETFNN50-EQ
760680,763WB46-SG,763WB46-SG
29161,CAPINVIT-BL,CAPINVIT-BL
757516,DIGITIDE-BL,DIGITIDE-BL
23837,865CIF29-NV,865CIF29-NV
757477,945SCL32-NL,945SCL32-NL
6809,STEELCAS-BL,STEELCAS-BL
12502,JAGSNPHARM-BL,JAGSNPHARM-BL
12829,THERMAX-BL,THERMAX-BL
21401,TATAGOLD-EQ,TATAGOLD-EQ
756154,1025IIFL30-Y3,1025IIFL30-Y3
5091,724TN51-SG,724TN51-SG
25470,695KA28-SG,695KA28-SG
760087,755TS46-SG,755TS46-SG
12606,MRF-BL,MRF-BL
7535,705UK31-SG,705UK31-SG
10452,764TN29-SG,764TN29-SG
11869,787HP35-SG,787HP35-SG
14710,1015SCL28A-AL,1015SCL28A-AL
6874,74GS2035-GS,74GS2035-GS
7208,717GS2028-GS,717GS2028-GS
11764,782AS32A-SG,782AS32A-SG
10848,771AP37-SG,771AP37-SG
21988,BANKBETF-BL,BANKBETF-BL
7511,696PY30-SG,696PY30-SG
22454,661KA35-SG,661KA35-SG
14007,ZEEMEDIA-BL,ZEEMEDIA-BL
31261,NDL-BL,NDL-BL
24894,724BR33-SG,724BR33-SG
3428,77IGT28-NE,77IGT28-NE
23155,757IREDL29-NB,757IREDL29-NB
10741,728NTPC30B-N9,728NTPC30B-N9
757116,688PN45A-SG,688PN45A-SG
2709,MTARTECH-EQ,MTARTECH-EQ
10646,754AS28-SG,754AS28-SG
3912,KHAITANLTD-EQ,KHAITANLTD-EQ
21548,756TN54-SG,756TN54-SG
6548,GRPLTD-BL,GRPLTD-BL
17187,CYIENTDLM-EQ,CYIENTDLM-EQ
16660,ANIKINDS-BL,ANIKINDS-BL
760068,72MH34-SG,72MH34-SG
29559,786ABHFL28-N0,786ABHFL28-N0
22112,674TN50-SG,674TN50-SG
20113,GREENPOWER-BL,GREENPOWER-BL
20771,10ISFL26-N3,10ISFL26-N3
20732,762UP33-SG,762UP33-SG
1386,674TS50-SG,674TS50-SG
20361,777MN38-SG,777MN38-SG
1927,LIQUIDETF-EQ,LIQUIDETF-EQ
21274,774KA36-SG,774KA36-SG
756402,ATCENERGY-SM,ATCENERGY-SM
5751,SANSERA-EQ,SANSERA-EQ
6543,GRPLTD-EQ,GRPLTD-EQ
5155,875PCHFL31-N9,875PCHFL31-N9
23920,744PFCL34-NB,744PFCL34-NB
2387,72UP31-SG,72UP31-SG
5108,KPIGREEN-EQ,KPIGREEN-EQ
23534,759RL27-NO,759RL27-NO
24445,AGIIL-EQ,AGIIL-EQ
25352,71MH33-SG,71MH33-SG
11872,GRANULES-EQ,GRANULES-EQ
21485,764REC34-NK,764REC34-NK
23871,737AS34-SG,737AS34-SG
755957,81ABCL29-NI,81ABCL29-NI
15191,BGRENERGY-BL,BGRENERGY-BL
22777,TCL-SM,TCL-SM
18701,746SK33-SG,746SK33-SG
18169,BPF01GPG-MF,BPF01GPG-MF
21042,1075SCL33-YK,1075SCL33-YK
20151,725GR2028-GS,725GR2028-GS
11543,COFORGE-EQ,COFORGE-EQ
24989,726KL39-SG,726KL39-SG
23926,925SCL26C-ZA,925SCL26C-ZA
20739,762KL38-SG,762KL38-SG
14019,VEEDOL-EQ,VEEDOL-EQ
760392,RUDRA-EQ,RUDRA-EQ
22438,68GS2060-GS,68GS2060-GS
22138,698TR30-SG,698TR30-SG
18644,DIAMINESQ-EQ,DIAMINESQ-EQ
30491,FELDVR-BZ,FELDVR-BZ
15217,DVL-BL,DVL-BL
18082,75GA33-SG,75GA33-SG
20178,AKSHARCHEM-EQ,AKSHARCHEM-EQ
13368,758JH31-SG,758JH31-SG
17391,ADANIPOWER-BL,ADANIPOWER-BL
20454,GRAPHISAD-SM,GRAPHISAD-SM
16648,732HR33-SG,732HR33-SG
18171,BPF01MDR-MF,BPF01MDR-MF
759152,VMSTMT-EQ,VMSTMT-EQ
6297,HEALTHY-EQ,HEALTHY-EQ
20909,A2ZINFRA-BL,A2ZINFRA-BL
13400,BHAGERIA-EQ,BHAGERIA-EQ
8332,717WB32-SG,717WB32-SG
4387,GS070626C-GS,GS070626C-GS
4429,GS220231C-GS,GS220231C-GS
11241,HDFCGROWTH-EQ,HDFCGROWTH-EQ
757515,DIGITIDE-EQ,DIGITIDE-EQ
759726,PWL-BL,PWL-BL
8420,MIDCAPETF-BL,MIDCAPETF-BL
2721,711GJ31-SG,711GJ31-SG
756720,686REC35-N0,686REC35-N0
4425,CREDITACC-BL,CREDITACC-BL
22346,ALPL30IETF-BL,ALPL30IETF-BL
29570,714HR38B-SG,714HR38B-SG
13264,KEC-BL,KEC-BL
758815,72MH36-SG,72MH36-SG
13717,759AP33-SG,759AP33-SG
29505,711AP38B-SG,711AP38B-SG
25756,VIKASECO-EQ,VIKASECO-EQ
25746,METAL-BL,METAL-BL
2599,PARTYCRUS-SM,PARTYCRUS-SM
4892,SAREGAMA-EQ,SAREGAMA-EQ
2623,HERANBA-BL,HERANBA-BL
25712,SAJHOTELS-SM,SAJHOTELS-SM
18009,BPF02D4D-MF,BPF02D4D-MF
22137,75TR30-SG,75TR30-SG
6351,702AP36-SG,702AP36-SG
14262,PGIL-BL,PGIL-BL
756908,676JK31-SG,676JK31-SG
2013,61CG27-SG,61CG27-SG
8569,709HR29-SG,709HR29-SG
2666,VERA-SM,VERA-SM
18571,GNA-EQ,GNA-EQ
760565,75CG35-SG,75CG35-SG
760291,765JK37-SG,765JK37-SG
9288,KRITIKA-EQ,KRITIKA-EQ
10637,OLECTRA-EQ,OLECTRA-EQ
15332,NMDC-EQ,NMDC-EQ
757856,INDIQUBE-BL,INDIQUBE-BL
2107,STOVEKRAFT-EQ,STOVEKRAFT-EQ
14068,SAGCEM-EQ,SAGCEM-EQ
29502,712BR37A-SG,712BR37A-SG
19722,775HR35-SG,775HR35-SG
29028,INDOFARM-BL,INDOFARM-BL
8721,744AP42-SG,744AP42-SG
17349,1050NFL26-N7,1050NFL26-N7
25725,BANKPSU-EQ,BANKPSU-EQ
10904,747TS31-SG,747TS31-SG
1172,681TR35-SG,681TR35-SG
12714,RENUKA-BL,RENUKA-BL
17833,AHLUCONT-EQ,AHLUCONT-EQ
758933,762AP36-SG,762AP36-SG
16244,738AP35-SG,738AP35-SG
12557,LIBERTSHOE-BL,LIBERTSHOE-BL
757060,VGINFOTECH-SM,VGINFOTECH-SM
8941,E2E-BL,E2E-BL
16960,VILINBIO-ST,VILINBIO-ST
756854,667AP32-SG,667AP32-SG
20933,756TN53A-SG,756TN53A-SG
9847,NV20BEES-EQ,NV20BEES-EQ
20922,648AP27-SG,648AP27-SG
757619,SMARTEN-SM,SMARTEN-SM
17852,747AP32-SG,747AP32-SG
22292,577GS2030-GS,577GS2030-GS
14844,789WB40-SG,789WB40-SG
17376,EXCEL-EQ,EXCEL-EQ
22092,719UP29-SG,719UP29-SG
937,ELGIEQUIP-EQ,ELGIEQUIP-EQ
13019,HAVISHA-BL,HAVISHA-BL
14663,774RJ49-SG,774RJ49-SG
22600,855NCPL26-N0,855NCPL26-N0
12909,ZUARIIND-BL,ZUARIIND-BL
757184,930APMD30-N0,930APMD30-N0
24203,733RJ44-SG,733RJ44-SG
22604,739AP29-SG,739AP29-SG
22210,725TS28-SG,725TS28-SG
759782,TMCV-EQ,TMCV-EQ
20942,767RJ33-SG,767RJ33-SG
758575,GLOBECIVIL-BL,GLOBECIVIL-BL
11693,782TN32-SG,782TN32-SG
22750,749NL34-SG,749NL34-SG
27005,715KL40-SG,715KL40-SG
13416,RSYSTEMS-BL,RSYSTEMS-BL
9517,SFMP1DR-MF,SFMP1DR-MF
822,BANKA-EQ,BANKA-EQ
2023,663HP33-SG,663HP33-SG
759945,MGSL-SM,MGSL-SM
7871,723GA32-SG,723GA32-SG
1232,GRASIM-EQ,GRASIM-EQ
22611,751RJ34-SG,751RJ34-SG
760295,748MH45-SG,748MH45-SG
24028,KRONOX-BL,KRONOX-BL
760328,SILVERBND-EQ,SILVERBND-EQ
21901,655KL30-SG,655KL30-SG
14451,777MP43-SG,777MP43-SG
12342,EIDPARRY-BL,EIDPARRY-BL
14032,980SFIL28-NL,980SFIL28-NL
14949,F13RP-MF,F13RP-MF
12299,CIPLA-BL,CIPLA-BL
12897,WSTCSTPAPR-BL,WSTCSTPAPR-BL
13522,NECCLTD-EQ,NECCLTD-EQ
24290,PCCL-SM,PCCL-SM
14937,CIEINDIA-EQ,CIEINDIA-EQ
28930,1025SCL34U-N1,1025SCL34U-N1
20245,OBEROIRLTY-BL,OBEROIRLTY-BL
25584,TRITURBINE-EQ,TRITURBINE-EQ
3694,VINDHYATEL-EQ,VINDHYATEL-EQ
12811,TATACHEM-BL,TATACHEM-BL
22302,632KA28-SG,632KA28-SG
25849,757LICH29-N0,757LICH29-N0
22342,644MH28-SG,644MH28-SG
25096,725TS38-SG,725TS38-SG
1008,FACT-EQ,FACT-EQ
6127,DIGJAMLMTD-EQ,DIGJAMLMTD-EQ
12369,FINPIPE-BL,FINPIPE-BL
760639,773CIFCL31-N0,773CIFCL31-N0
30177,702TN29A-SG,702TN29A-SG
25167,NAMOEWASTE-SM,NAMOEWASTE-SM
2092,689WB41-SG,689WB41-SG
759603,805AIFL32-N0,805AIFL32-N0
4397,GULFOILLUB-BL,GULFOILLUB-BL
10553,789WB37-SG,789WB37-SG
341,BALRAMCHIN-EQ,BALRAMCHIN-EQ
24836,728TS45-SG,728TS45-SG
24863,METALIETF-BL,METALIETF-BL
23315,1003SCFL31-Z4,1003SCFL31-Z4
22299,648HR40-SG,648HR40-SG
25686,712TS39-SG,712TS39-SG
760227,VIDYAWIRES-BL,VIDYAWIRES-BL
13906,766WB39-SG,766WB39-SG
15058,AVALON-EQ,AVALON-EQ
756035,18PVL29-N0,18PVL29-N0
27200,719MP38-SG,719MP38-SG
387,SINTERCOM-BL,SINTERCOM-BL
759774,701NGEL35-N0,701NGEL35-N0
757753,591GS2028-GS,591GS2028-GS
29157,CAPINVIT-IV,CAPINVIT-IV
12487,CYIENT-BL,CYIENT-BL
25327,EXCELLENT-ST,EXCELLENT-ST
24964,ORIENTTECH-BL,ORIENTTECH-BL
13556,HDFC1204RQ-MF,HDFC1204RQ-MF
11581,GULFPETRO-EQ,GULFPETRO-EQ
11515,785PN42-SG,785PN42-SG
8083,CROWN-EQ,CROWN-EQ
12320,DABUR-BL,DABUR-BL
12890,WELCORP-BL,WELCORP-BL
14849,785WB42-SG,785WB42-SG
761272,ALGOQUANT-BL,ALGOQUANT-BL
13467,PIONEEREMB-BL,PIONEEREMB-BL
759493,74MP47-SG,74MP47-SG
757399,661AP34-SG,661AP34-SG
8304,PRITI-EQ,PRITI-EQ
6156,ARTNIRMAN-EQ,ARTNIRMAN-EQ
756790,709TS58-SG,709TS58-SG
7242,METROBRAND-EQ,METROBRAND-EQ
15240,1050SFIL28-NV,1050SFIL28-NV
757750,706RJ38-SG,706RJ38-SG
1236,652MH30-SG,652MH30-SG
757384,682AP36-SG,682AP36-SG
760388,745TN55-SG,745TN55-SG
12959,GUJRAFFIA-BL,GUJRAFFIA-BL
10911,758AP40-SG,758AP40-SG
6935,683GS2039-GS,683GS2039-GS
17601,ASALCBR-BL,ASALCBR-BL
758863,LAXMIINDIA-EQ,LAXMIINDIA-EQ
24041,865TVSH29-N0,865TVSH29-N0
757014,THELEELA-EQ,THELEELA-EQ
29305,766LICH29-N0,766LICH29-N0
7856,724UP32-SG,724UP32-SG
22507,767WB43-SG,767WB43-SG
29705,716MP37A-SG,716MP37A-SG
28913,ROSSELLIND-EQ,ROSSELLIND-EQ
18252,SPAL-EQ,SPAL-EQ
13789,TORNTPOWER-BL,TORNTPOWER-BL
756860,679PN45-SG,679PN45-SG
760019,741HR40-SG,741HR40-SG
23084,741AR34-SG,741AR34-SG
15239,BIRLAMONEY-EQ,BIRLAMONEY-EQ
17456,741RJ33-SG,741RJ33-SG
757970,712LTFL27-N0,712LTFL27-N0
30422,704KA32-SG,704KA32-SG
1080,647KA30-SG,647KA30-SG
13580,RADIANTCMS-EQ,RADIANTCMS-EQ
20841,765NBFID38-N0,765NBFID38-N0
4994,695TN31A-SG,695TN31A-SG
18168,BPF01D3R-MF,BPF01D3R-MF
21034,726AS29-SG,726AS29-SG
760039,SUDEEPPHRM-EQ,SUDEEPPHRM-EQ
27750,769LICH26-N0,769LICH26-N0
11320,LICNETFN50-BL,LICNETFN50-BL
11956,MEDANTA-EQ,MEDANTA-EQ
24653,730MH39-SG,730MH39-SG
25829,708UP32-SG,708UP32-SG
17922,GEEKAYWIRE-EQ,GEEKAYWIRE-EQ
23252,768SIDBI27-N3,768SIDBI27-N3
7769,925SCFL27-YA,925SCFL27-YA
18155,TVSSCS-BL,TVSSCS-BL
5917,PARAS-BL,PARAS-BL
5616,GANESHBE-BL,GANESHBE-BL
10074,EMAMIPAP-EQ,EMAMIPAP-EQ
12772,SOUTHBANK-BL,SOUTHBANK-BL
24610,AVANTEL-EQ,AVANTEL-EQ
1378,668AP33-SG,668AP33-SG
15053,ENERGYDEV-BE,ENERGYDEV-BE
3511,677RJ31-SG,677RJ31-SG
10912,758GA37-SG,758GA37-SG
16483,PROV-SM,PROV-SM
11626,WELENT-EQ,WELENT-EQ
758699,GROWWNIFTY-BL,GROWWNIFTY-BL
757828,712LTFL28-N0,712LTFL28-N0
20946,764WB43A-SG,764WB43A-SG
21235,657AP30-SG,657AP30-SG
30428,703KA33-SG,703KA33-SG
28569,990IIFL27-N0,990IIFL27-N0
23353,751UP38-SG,751UP38-SG
24993,725MH44-SG,725MH44-SG
12253,BEML-BL,BEML-BL
758586,749KL56-SG,749KL56-SG
19726,776AP37-SG,776AP37-SG
21390,649KA30-SG,649KA30-SG
9924,ALANKIT-BL,ALANKIT-BL
760683,SILGO-RE1-BE,SILGO-RE1-BE
383,BEL-EQ,BEL-EQ
30180,717UK32-SG,717UK32-SG
5234,714AP37-SG,714AP37-SG
14839,779HP38-SG,779HP38-SG
19740,765RJ48-SG,765RJ48-SG
758891,SGMART-BL,SGMART-BL
2168,RAJMET-EQ,RAJMET-EQ
758847,745BR34-SG,745BR34-SG
30019,726MP39-SG,726MP39-SG
19199,TI-BL,TI-BL
24757,731KL40-SG,731KL40-SG
22494,765CG33-SG,765CG33-SG
12332,DICIND-BL,DICIND-BL
9219,TPLPLASTEH-EQ,TPLPLASTEH-EQ
24636,830ABHFL34-N0,830ABHFL34-N0
21423,MOM100-EQ,MOM100-EQ
30416,696JH29-SG,696JH29-SG
40,AEGISLOG-EQ,AEGISLOG-EQ
14973,729GR2033-GS,729GR2033-GS
757741,715HP50-SG,715HP50-SG
23189,744TS30-SG,744TS30-SG
21856,763GJ33-SG,763GJ33-SG
14107,76GJ35-SG,76GJ35-SG
23934,SCFL310524-ZE,SCFL310524-ZE
760088,754MP48-SG,754MP48-SG
5212,10IIFL28-N4,10IIFL28-N4
8949,RITCO-BL,RITCO-BL
757927,718JK45A-SG,718JK45A-SG
7520,ZENTEC-BL,ZENTEC-BL
12586,MARKSANS-BL,MARKSANS-BL
17354,SALONA-BL,SALONA-BL
27303,SAMPANN-EQ,SAMPANN-EQ
399,NIACL-EQ,NIACL-EQ
25628,UYFINCORP-BL,UYFINCORP-BL
17279,BLS-EQ,BLS-EQ
24762,728TS46-SG,728TS46-SG
7183,RATEGAIN-BL,RATEGAIN-BL
171,672RJ30-SG,672RJ30-SG
20992,INDIGRID-BL,INDIGRID-BL
761345,862AEL31-NM,862AEL31-NM
10474,805RJ37-SG,805RJ37-SG
10099,GODREJCP-EQ,GODREJCP-EQ
759434,WEWORK-EQ,WEWORK-EQ
14810,IRBIT-BL,IRBIT-BL
20061,990SCL26A-NL,990SCL26A-NL
29714,QPOWER-BL,QPOWER-BL
15966,716HR27-SG,716HR27-SG
15330,QGOLDHALF-EQ,QGOLDHALF-EQ
27328,710AP34-SG,710AP34-SG
22617,749MH36-SG,749MH36-SG
30986,837REC33-N7,837REC33-N7
20874,RBZJEWEL-EQ,RBZJEWEL-EQ
4964,ABSLFTTIDN-MF,ABSLFTTIDN-MF
17419,BANKETF-EQ,BANKETF-EQ
8776,H1876D46RD-MF,H1876D46RD-MF
14830,781UP34A-SG,781UP34A-SG
6232,3IINFOLTD-EQ,3IINFOLTD-EQ
20588,802ABHF28-N1,802ABHF28-N1
756015,CIFL-EQ,CIFL-EQ
10471,804AP37-SG,804AP37-SG
760349,NEPHROPLUS-BL,NEPHROPLUS-BL
758448,ALLTIME-EQ,ALLTIME-EQ
8156,MEGASTAR-BE,MEGASTAR-BE
13674,SFMP74GR-MF,SFMP74GR-MF
758954,ELM250-BL,ELM250-BL
20279,657GJ29-SG,657GJ29-SG
17725,DEN-BL,DEN-BL
19084,ITBEES-EQ,ITBEES-EQ
18094,BPF02IWR-MF,BPF02IWR-MF
7564,UNITEDPOLY-BE,UNITEDPOLY-BE
1422,66RJ30B-SG,66RJ30B-SG
22301,645MN30-SG,645MN30-SG
6782,NIPPOBATRY-EQ,NIPPOBATRY-EQ
23698,885MOFSL26-N0,885MOFSL26-N0
17220,744HR32-SG,744HR32-SG
759039,744TS51A-SG,744TS51A-SG
19681,RCDL-SM,RCDL-SM
30479,774IREDA35-N0,774IREDA35-N0
758202,684JK31A-SG,684JK31A-SG
25611,INDOTHAI-BL,INDOTHAI-BL
12779,SSWL-BL,SSWL-BL
10458,779AP31-SG,779AP31-SG
760300,LEMERITE-EQ,LEMERITE-EQ
761344,AEL120126-NL,AEL120126-NL
24901,845NOM27-N0,845NOM27-N0
22813,747RL34-NL,747RL34-NL
760523,758TS53-SG,758TS53-SG
1454,655GA30A-SG,655GA30A-SG
14348,ORIENTALTL-BL,ORIENTALTL-BL
21016,925SCL28B-YC,925SCL28B-YC
19206,VINYAS-SM,VINYAS-SM
23587,749AP40-SG,749AP40-SG
22744,747CG31-SG,747CG31-SG
1797,AWHCL-EQ,AWHCL-EQ
758566,ELLEN-BL,ELLEN-BL
25110,726MH50-SG,726MH50-SG
27274,C2C-SM,C2C-SM
11798,ALLDIGI-EQ,ALLDIGI-EQ
12595,BOSCHLTD-BL,BOSCHLTD-BL
23919,704GS2029-GS,704GS2029-GS
7913,LFIC-BL,LFIC-BL
758983,RNBDENIMS-BL,RNBDENIMS-BL
31486,879NHPC28-N5,879NHPC28-N5
18507,TVVISION-BL,TVVISION-BL
17701,LTGILTBEES-BL,LTGILTBEES-BL
12259,BHARTIARTL-BL,BHARTIARTL-BL
759093,SHRINGARMS-EQ,SHRINGARMS-EQ
760779,182D230726-TB,182D230726-TB
18608,ZAGGLE-EQ,ZAGGLE-EQ
4136,BIOFILCHEM-EQ,BIOFILCHEM-EQ
20774,705AS30-SG,705AS30-SG
28213,712BR34-SG,712BR34-SG
3010,AXISTECETF-EQ,AXISTECETF-EQ
13103,SFMP73DR-MF,SFMP73DR-MF
19290,MOM50-BL,MOM50-BL
7155,683KA31B-SG,683KA31B-SG
18603,EMSLIMITED-BL,EMSLIMITED-BL
10276,KAYA-EQ,KAYA-EQ
18628,9SCL26BA-NA,9SCL26BA-NA
27094,776FEDB34-N0,776FEDB34-N0
9348,IOB-EQ,IOB-EQ
23346,744RJ34A-SG,744RJ34A-SG
11547,HDFCLOWVOL-EQ,HDFCLOWVOL-EQ
22733,VSTL-BL,VSTL-BL
12941,SFLZC26A-ZC,SFLZC26A-ZC
29432,0NHIT34-N0,0NHIT34-N0
28530,675GS2029-GS,675GS2029-GS
22369,65GA30A-SG,65GA30A-SG
5395,MOL-BL,MOL-BL
12940,CUBEXTUB-BL,CUBEXTUB-BL
12347,ELGIEQUIP-BL,ELGIEQUIP-BL
28891,SENORES-BL,SENORES-BL
14201,TIMKEN-BL,TIMKEN-BL
5453,CHEMPLASTS-BL,CHEMPLASTS-BL
22759,745MP45-SG,745MP45-SG
19725,775TS37-SG,775TS37-SG
12834,TIRUMALCHM-BL,TIRUMALCHM-BL
20349,775UP33-SG,775UP33-SG
9305,STARTECK-EQ,STARTECK-EQ
8887,TNIDETF-BL,TNIDETF-BL
758338,12VCCL27D-N0,12VCCL27D-N0
1376,668JH32-SG,668JH32-SG
12067,DCM-BL,DCM-BL
21046,795JK30-SG,795JK30-SG
757112,677HR39-SG,677HR39-SG
6460,SHUBHLAXMI-ST,SHUBHLAXMI-ST
5892,699TR36-SG,699TR36-SG
18969,KAPSTON-BE,KAPSTON-BE
1928,LIQUIDETF-BL,LIQUIDETF-BL
758700,ARFIN-EQ,ARFIN-EQ
940,PGHL-EQ,PGHL-EQ
23207,748RJ37-SG,748RJ37-SG
2664,PIDILITIND-EQ,PIDILITIND-EQ
27318,712AS34-SG,712AS34-SG
7888,MHLXMIRU-BL,MHLXMIRU-BL
12637,NOIDATOLL-BL,NOIDATOLL-BL
758710,754TS55-SG,754TS55-SG
12180,AARTIIND-BL,AARTIIND-BL
16999,TPHQ-BL,TPHQ-BL
2329,CPSEETF-BL,CPSEETF-BL
29598,REPCOHOME-EQ,REPCOHOME-EQ
21923,8MN30-SG,8MN30-SG
17801,LLOYDSENGG-EQ,LLOYDSENGG-EQ
3085,682PN36-SG,682PN36-SG
12540,KESORAMIND-BL,KESORAMIND-BL
8837,BCG-BL,BCG-BL
12407,GRANULES-BL,GRANULES-BL
12569,MPSLTD-BL,MPSLTD-BL
8469,MITCON-EQ,MITCON-EQ
7154,685GA31C-SG,685GA31C-SG
24489,735MZ37-SG,735MZ37-SG
30179,714MP32-SG,714MP32-SG
22520,FONEBOX-ST,FONEBOX-ST
11607,774WB39-SG,774WB39-SG
6568,LAXMICOT-EQ,LAXMICOT-EQ
22907,840GIL27-N1,840GIL27-N1
2004,AHLADA-EQ,AHLADA-EQ
760743,AMAGI-BL,AMAGI-BL
13101,VIMTALABS-EQ,VIMTALABS-EQ
12550,KRBL-BL,KRBL-BL
31415,NBCC-EQ,NBCC-EQ
1644,657HP30-SG,657HP30-SG
25941,GODAVARIB-EQ,GODAVARIB-EQ
756037,18PVL29A-N0,18PVL29A-N0
20428,NACLIND-BL,NACLIND-BL
756902,MON50EQUAL-BL,MON50EQUAL-BL
12580,MANGALAM-BL,MANGALAM-BL
10473,POWERMECH-EQ,POWERMECH-EQ
13441,BALPHARMA-EQ,BALPHARMA-EQ
13626,767NL33-SG,767NL33-SG
758960,SATTVAENGG-SM,SATTVAENGG-SM
6481,696TN31-SG,696TN31-SG
12507,JAYSREETEA-BL,JAYSREETEA-BL
24340,736AP45-SG,736AP45-SG
4105,SILINV-EQ,SILINV-EQ
10551,789HP37-SG,789HP37-SG
10288,AYMSYNTEX-BL,AYMSYNTEX-BL
757442,708TS57-SG,708TS57-SG
19908,765TN30-SG,765TN30-SG
2200,SGBFEB29XI-GB,SGBFEB29XI-GB
4991,691GJ30-SG,691GJ30-SG
11027,INFOBEAN-EQ,INFOBEAN-EQ
24137,957IIFLS27-NA,957IIFLS27-NA
11856,SHAHALLOYS-EQ,SHAHALLOYS-EQ
757937,709TS60A-SG,709TS60A-SG
4857,KIMS-BL,KIMS-BL
27176,NTPCGREEN-EQ,NTPCGREEN-EQ
759271,735BTL27-N0,735BTL27-N0
17694,VIJIFIN-BL,VIJIFIN-BL
10338,787TN33-SG,787TN33-SG
759030,742WB36-SG,742WB36-SG
12413,GSFC-BL,GSFC-BL
15402,EIHAHOTELS-BL,EIHAHOTELS-BL
22696,746CG31-SG,746CG31-SG
831,BANKA-BL,BANKA-BL
28493,720NHB31-N0,720NHB31-N0
27179,NTPCGREEN-BL,NTPCGREEN-BL
12475,INDIANCARD-BL,INDIANCARD-BL
756333,995CCSP27-N0,995CCSP27-N0
755871,771NIIF35-N0,771NIIF35-N0
11654,LALPATHLAB-EQ,LALPATHLAB-EQ
24002,738AP49-SG,738AP49-SG
16716,UBL-BL,UBL-BL
15161,HITECHCORP-EQ,HITECHCORP-EQ
757781,TOP15IETF-EQ,TOP15IETF-EQ
25151,799LTFH27-N0,799LTFH27-N0
18200,FISTIPD3QD-MF,FISTIPD3QD-MF
12761,SIL-BL,SIL-BL
24817,FIRSTCRY-BL,FIRSTCRY-BL
19717,773GA33-SG,773GA33-SG
23451,YASHOPTICS-SM,YASHOPTICS-SM
756941,SOLARAPP1-BL,SOLARAPP1-BL
758683,REGAAL-BL,REGAAL-BL
9116,INDOAMIN-EQ,INDOAMIN-EQ
2283,MRPL-EQ,MRPL-EQ
24065,744IRF34-N0,744IRF34-N0
1677,HGINFRA-BL,HGINFRA-BL
757558,709TN55-SG,709TN55-SG
6968,MENONBE-BL,MENONBE-BL
22204,799TS35-SG,799TS35-SG
3011,WONDERLA-BL,WONDERLA-BL
12590,MFSL-BL,MFSL-BL
9943,785RJ37-SG,785RJ37-SG
756890,633GS2035-GS,633GS2035-GS
19728,774RJ39-SG,774RJ39-SG
25216,723KL45-SG,723KL45-SG
20848,768IREDA33-N8,768IREDA33-N8
759062,RHETAN-EQ,RHETAN-EQ
14066,WANBURY-BL,WANBURY-BL
22879,744HR36-SG,744HR36-SG
15331,QGOLDHALF-BL,QGOLDHALF-BL
742,COSMOFIRST-EQ,COSMOFIRST-EQ
18086,DBL-EQ,DBL-EQ
4520,GS220240C-GS,GS220240C-GS
14654,774RJ40-SG,774RJ40-SG
759802,SHETHJI-SM,SHETHJI-SM
18040,YUDIZ-SM,YUDIZ-SM
23961,10SCL31A-ZO,10SCL31A-ZO
24008,747PN37-SG,747PN37-SG
22870,743BR39-SG,743BR39-SG
13627,763HR33-SG,763HR33-SG
25320,INNOMET-SM,INNOMET-SM
30430,703HR35-SG,703HR35-SG
12163,UNIENTER-BL,UNIENTER-BL
7905,728UP32-SG,728UP32-SG
13282,LANDMARK-BL,LANDMARK-BL
12496,CEMPRO-BL,CEMPRO-BL
30494,910TIAPL26-N0,910TIAPL26-N0
1336,HEG-EQ,HEG-EQ
13563,GRINDWELL-BL,GRINDWELL-BL
12009,IMPAL-EQ,IMPAL-EQ
22234,757BOB24-N0,757BOB24-N0
7152,684BR30-SG,684BR30-SG
10216,795AP40-SG,795AP40-SG
24063,805SHFL29-N3,805SHFL29-N3
14948,F13RG-MF,F13RG-MF
1901,CUMMINSIND-EQ,CUMMINSIND-EQ
19458,PLAZACABLE-EQ,PLAZACABLE-EQ
756791,709TS59-SG,709TS59-SG
14199,NINSYS-BL,NINSYS-BL
11394,ZOTA-EQ,ZOTA-EQ
5417,697TN31B-SG,697TN31B-SG
1627,LINDEINDIA-EQ,LINDEINDIA-EQ
625,ABREL-EQ,ABREL-EQ
12343,EIHOTEL-BL,EIHOTEL-BL
10083,EMAMIPAP-BL,EMAMIPAP-BL
23217,74TN54-SG,74TN54-SG
23301,965SCL29-YX,965SCL29-YX
19585,BSE-EQ,BSE-EQ
12251,BEL-BL,BEL-BL
2224,621AS26-SG,621AS26-SG
23190,746CG32-SG,746CG32-SG
19134,MAL-SM,MAL-SM
27309,AGARWALTUF-SM,AGARWALTUF-SM
8703,736TS36-SG,736TS36-SG
23896,770RECL26-NR,770RECL26-NR
13521,EMAMILTD-BL,EMAMILTD-BL
14269,766GJ30-SG,766GJ30-SG
14373,774AP32-SG,774AP32-SG
11586,TRACXN-BL,TRACXN-BL
8159,FIBERWEB-EQ,FIBERWEB-EQ
6556,694AS31-SG,694AS31-SG
757842,745TIL35-N0,745TIL35-N0
10425,STEELCITY-BL,STEELCITY-BL
12211,ANDHRAPAP-BL,ANDHRAPAP-BL
11345,AFFLE-BL,AFFLE-BL
25389,OSELDEVICE-ST,OSELDEVICE-ST
13496,PFOCUS-EQ,PFOCUS-EQ
23345,747CG33A-SG,747CG33A-SG
30274,SILVERCASE-EQ,SILVERCASE-EQ
12088,IFBIND-BL,IFBIND-BL
5524,628GJ27-SG,628GJ27-SG
757451,659PFCL30-N0,659PFCL30-N0
20877,PSPPROJECT-EQ,PSPPROJECT-EQ
16923,74AP32-SG,74AP32-SG
29025,INDOFARM-EQ,INDOFARM-EQ
2421,NILKAMAL-EQ,NILKAMAL-EQ
10640,795HR37-SG,795HR37-SG
19488,762TN53-SG,762TN53-SG
13891,769UP35-SG,769UP35-SG
436,IFGLEXPOR-EQ,IFGLEXPOR-EQ
17851,DLINKINDIA-EQ,DLINKINDIA-EQ
11979,HTMEDIA-EQ,HTMEDIA-EQ
12677,PNC-BL,PNC-BL
21152,747GJ28-SG,747GJ28-SG
760395,875MOF27-N0,875MOF27-N0
757973,EUROBOND-BL,EUROBOND-BL
19566,737GS2028-GS,737GS2028-GS
4930,96SFIL24A-NB,96SFIL24A-NB
24205,728JK54-SG,728JK54-SG
757997,814KSFP36-N0,814KSFP36-N0
757920,BORANA-BE,BORANA-BE
24380,RELIABLE-BE,RELIABLE-BE
17186,SHRIPISTON-EQ,SHRIPISTON-EQ
19958,WAAREEINDO-BL,WAAREEINDO-BL
18324,LGBBROSLTD-BL,LGBBROSLTD-BL
757610,945SCL28-N0,945SCL28-N0
1320,GALAXYSURF-BL,GALAXYSURF-BL
24556,835TPL27-N0,835TPL27-N0
12410,GREAVESCOT-BL,GREAVESCOT-BL
23299,0SCL27-YW,0SCL27-YW
29210,SITINET-BZ,SITINET-BZ
11162,HARSHA-EQ,HARSHA-EQ
6226,SIKKO-BE,SIKKO-BE
12551,KSB-BL,KSB-BL
19552,761AP43-SG,761AP43-SG
757793,MOGOLD-BL,MOGOLD-BL
10676,MNC-EQ,MNC-EQ
12535,KANORICHEM-BL,KANORICHEM-BL
23101,737RJ45-SG,737RJ45-SG
3748,WEIZMANIND-EQ,WEIZMANIND-EQ
23624,JNKINDIA-BL,JNKINDIA-BL
10836,SEYAIND-BE,SEYAIND-BE
760053,GROWWCAPM-BL,GROWWCAPM-BL
15365,VGUARD-BL,VGUARD-BL
981,EPL-EQ,EPL-EQ
5763,SANSERA-BL,SANSERA-BL
760631,750TN36A-SG,750TN36A-SG
14088,761TS32-SG,761TS32-SG
759750,SHIVAUM-BL,SHIVAUM-BL
760051,GROWWCAPM-EQ,GROWWCAPM-EQ
30436,701TN35-SG,701TN35-SG
29522,718TS49-SG,718TS49-SG
21469,OPTIEMUS-EQ,OPTIEMUS-EQ
14377,PUNJABCHEM-BL,PUNJABCHEM-BL
30128,SAMMAANCAP-BL,SAMMAANCAP-BL
14367,772MH31-SG,772MH31-SG
29224,ONESOURCE-EQ,ONESOURCE-EQ
15286,KNRCON-BL,KNRCON-BL
757525,GANGABATH-SM,GANGABATH-SM
19618,772TN33-SG,772TN33-SG
12995,OSWALAGRO-BL,OSWALAGRO-BL
17041,9IIFL28-Y0,9IIFL28-Y0
28915,99SCL27V-N1,99SCL27V-N1
18410,744TS39A-SG,744TS39A-SG
20891,MUFTI-BL,MUFTI-BL
17424,GLOBUSSPR-EQ,GLOBUSSPR-EQ
4384,GS100526C-GS,GS100526C-GS
347,BANARBEADS-EQ,BANARBEADS-EQ
12015,AEROENTER-EQ,AEROENTER-EQ
18662,MARATHON-BL,MARATHON-BL
25136,BROOKS-EQ,BROOKS-EQ
757783,TOP15IETF-BL,TOP15IETF-BL
14813,ADSL-EQ,ADSL-EQ
11496,AMBICAAGAR-EQ,AMBICAAGAR-EQ
19732,77RJ43-SG,77RJ43-SG
758716,725GJ34-SG,725GJ34-SG
3837,TOKYOPLAST-EQ,TOKYOPLAST-EQ
6350,699UP31B-SG,699UP31B-SG
3389,AGARIND-EQ,AGARIND-EQ
24114,759NH27-NE,759NH27-NE
21028,875SCL23A-YI,875SCL23A-YI
15209,PPAP-EQ,PPAP-EQ
759219,728GA37-SG,728GA37-SG
12877,VIPIND-BL,VIPIND-BL
3412,AJOONI-BL,AJOONI-BL
11291,768WB32-SG,768WB32-SG
20414,MARINETRAN-ST,MARINETRAN-ST
30326,ESSENTIA-BL,ESSENTIA-BL
8693,734UP32-SG,734UP32-SG
24422,732RJ34-SG,732RJ34-SG
759866,364D191126-TB,364D191126-TB
759374,MOENERGY-EQ,MOENERGY-EQ
16713,UBL-EQ,UBL-EQ
7481,MANAKSTEEL-BL,MANAKSTEEL-BL
760219,8SMC30-N2,8SMC30-N2
12866,VAIBHAVGBL-BL,VAIBHAVGBL-BL
65,663GJ29-SG,663GJ29-SG
14564,767TN53-SG,767TN53-SG
13600,762HR31-SG,762HR31-SG
758409,735JK40-SG,735JK40-SG
13547,HDFC1204RD-MF,HDFC1204RD-MF
14551,NDLVENTURE-BL,NDLVENTURE-BL
12294,CHAMBLFERT-BL,CHAMBLFERT-BL
395,BEML-EQ,BEML-EQ
757448,364D110626-TB,364D110626-TB
10590,LOYALTEX-EQ,LOYALTEX-EQ
19441,AHLEAST-BL,AHLEAST-BL
21024,980SCL33D-YG,980SCL33D-YG
13057,UNIPARTS-EQ,UNIPARTS-EQ
14263,AGARWALFT-SM,AGARWALFT-SM
15370,830CIFC26-N2,830CIFC26-N2
18203,747AS28-SG,747AS28-SG
17743,BAFNAPH-BL,BAFNAPH-BL
759194,747AS45-SG,747AS45-SG
7315,704TS32-SG,704TS32-SG
21941,714MH29-SG,714MH29-SG
760029,182D280526-TB,182D280526-TB
1757,665PN50A-SG,665PN50A-SG
20648,884LTF29-N6,884LTF29-N6
23546,75UK29-SG,75UK29-SG
758898,VIGOR-SM,VIGOR-SM
7112,JMA-BL,JMA-BL
7524,702KA31-SG,702KA31-SG
759820,PINELABS-EQ,PINELABS-EQ
25882,MEP-BZ,MEP-BZ
2746,716GA31-SG,716GA31-SG
19670,COMPINFO-BZ,COMPINFO-BZ
25089,725GA35-SG,725GA35-SG
13637,JMFINANCIL-EQ,JMFINANCIL-EQ
13672,SFMP74GD-MF,SFMP74GD-MF
25687,JISLDVREQS-BL,JISLDVREQS-BL
12034,BASML-EQ,BASML-EQ
11510,785UK32-SG,785UK32-SG
20773,715AP32-SG,715AP32-SG
27297,RTNINDIA-EQ,RTNINDIA-EQ
2436,CONSUMBEES-BL,CONSUMBEES-BL
7542,TREJHARA-BL,TREJHARA-BL
18064,BPF02IGG-MF,BPF02IGG-MF
8705,739UP37-SG,739UP37-SG
761202,SOCL-SM,SOCL-SM
4431,GS220831C-GS,GS220831C-GS
30009,728AP36-SG,728AP36-SG
18508,TVVISION-BE,TVVISION-BE
2584,72RJ46-SG,72RJ46-SG
756144,975IIFL28-Y0,975IIFL28-Y0
12267,BIRLACORPN-BL,BIRLACORPN-BL
1168,GMBREW-EQ,GMBREW-EQ
12024,ACI-EQ,ACI-EQ
19609,772TS35-SG,772TS35-SG
8354,725GJ32-SG,725GJ32-SG
24278,MASON-SM,MASON-SM
22985,74MZ39-SG,74MZ39-SG
12477,INDOCO-BL,INDOCO-BL
757443,MOTOUR-EQ,MOTOUR-EQ
11667,DWARKESH-EQ,DWARKESH-EQ
19402,BOROLTD-BL,BOROLTD-BL
10768,OAL-EQ,OAL-EQ
29092,DELTIC-SM,DELTIC-SM
17770,GROBTEA-EQ,GROBTEA-EQ
2518,BCLIND-BL,BCLIND-BL
24080,MID150CASE-BL,MID150CASE-BL
20353,775HR35A-SG,775HR35A-SG
757784,719PN40-SG,719PN40-SG
760817,790IHFL27-N0,790IHFL27-N0
757464,925SCL2028-N8,925SCL2028-N8
29959,CALSOFTPP-BL,CALSOFTPP-BL
20622,TPL26-N3,TPL26-N3
12357,EUROTEXIND-BL,EUROTEXIND-BL
2657,725WB41-SG,725WB41-SG
19761,ADFFOODS-EQ,ADFFOODS-EQ
21264,766GJ32-SG,766GJ32-SG
25360,713MH37-SG,713MH37-SG
24566,734TS37-SG,734TS37-SG
27273,679GS2034A-GS,679GS2034A-GS
760045,11VCCL27-N0,11VCCL27-N0
13162,CELEBRITY-EQ,CELEBRITY-EQ
2311,BESTAGRO-BE,BESTAGRO-BE
759165,677OR29-SG,677OR29-SG
12103,KOPRAN-BL,KOPRAN-BL
22159,708CG30-SG,708CG30-SG
29577,NIF100BEES-EQ,NIF100BEES-EQ
29924,718TN36-SG,718TN36-SG
760712,91D170426-TB,91D170426-TB
22746,748KA33-SG,748KA33-SG
760299,364D101226-TB,364D101226-TB
2563,724JK36-SG,724JK36-SG
22153,729WB29-SG,729WB29-SG
21963,711MP30-SG,711MP30-SG
14921,TAKE-BL,TAKE-BL
7115,817GS2044-GS,817GS2044-GS
9941,ONEPOINT-BL,ONEPOINT-BL
16019,734AS33-SG,734AS33-SG
19184,SFL-EQ,SFL-EQ
756856,668GJ33-SG,668GJ33-SG
22150,715WB35-SG,715WB35-SG
25834,711TS45-SG,711TS45-SG
17143,IDEAFORGE-BL,IDEAFORGE-BL
20698,SCHAND-EQ,SCHAND-EQ
23489,BHARTIHEXA-EQ,BHARTIHEXA-EQ
14603,GSLSU-BE,GSLSU-BE
13557,AVONMORE-EQ,AVONMORE-EQ
19813,HONASA-EQ,HONASA-EQ
1830,658GA31-SG,658GA31-SG
25793,805HLICL34-N0,805HLICL34-N0
1348,HEROMOTOCO-EQ,HEROMOTOCO-EQ
14368,IDEA-BL,IDEA-BL
910,EICHERMOT-EQ,EICHERMOT-EQ
24502,745RECL35-N0,745RECL35-N0
18626,885SCL26-N9,885SCL26-N9
21221,9TCAP28-N9,9TCAP28-N9
8301,713KA38-SG,713KA38-SG
21794,DAVANGERE-EQ,DAVANGERE-EQ
17453,74UP33-SG,74UP33-SG
10528,768AS32-SG,768AS32-SG
2953,886REC34-NG,886REC34-NG
27134,1020CCSP27-N0,1020CCSP27-N0
2940,686PN33-SG,686PN33-SG
9342,PNC-EQ,PNC-EQ
7050,666TN29-SG,666TN29-SG
19518,762RJ43-SG,762RJ43-SG
18250,PYRAMID-EQ,PYRAMID-EQ
15409,NESCO-EQ,NESCO-EQ
5353,EXXARO-BE,EXXARO-BE
28907,SCL271224-N1,SCL271224-N1
24800,GROWWEV-BL,GROWWEV-BL
19481,77GA33-SG,77GA33-SG
24491,733AP40-SG,733AP40-SG
19061,MANAPPURAM-EQ,MANAPPURAM-EQ
15034,BAJAJELEC-EQ,BAJAJELEC-EQ
22378,MAXHEALTH-BL,MAXHEALTH-BL
24182,734AP35-SG,734AP35-SG
21008,SCLZC26G-YA,SCLZC26G-YA
9449,776PN37-SG,776PN37-SG
12090,INDIANHUME-BL,INDIANHUME-BL
18921,VBL-EQ,VBL-EQ
22832,SMALLCAP-EQ,SMALLCAP-EQ
4755,683TN31-SG,683TN31-SG
759517,MIDWESTLTD-EQ,MIDWESTLTD-EQ
15078,CUBEINVIT-IV,CUBEINVIT-IV
14846,VIPCLOTHNG-BL,VIPCLOTHNG-BL
13774,VGL-BL,VGL-BL
20535,BAJEL-BL,BAJEL-BL
757814,GROWWNET-EQ,GROWWNET-EQ
11901,DCXINDIA-BL,DCXINDIA-BL
9570,KHFM-SM,KHFM-SM
7020,SHIVALIK-BL,SHIVALIK-BL
25374,845GHFL29-N0,845GHFL29-N0
30091,717OR30-SG,717OR30-SG
23083,736KA34-SG,736KA34-SG
12128,DOLATALGO-BL,DOLATALGO-BL
9885,CHEVIOT-BL,CHEVIOT-BL
18762,ALCODIS-SM,ALCODIS-SM
3727,ANMOL-EQ,ANMOL-EQ
25343,VASWANI-BL,VASWANI-BL
758858,CPPLUS-EQ,CPPLUS-EQ
14806,IRBIT-IV,IRBIT-IV
8132,BLBLIMITED-EQ,BLBLIMITED-EQ
13796,MANALIPETC-EQ,MANALIPETC-EQ
12047,ASHIMASYN-BL,ASHIMASYN-BL
13778,762UP35-SG,762UP35-SG
22905,836GIL26-N0,836GIL26-N0
20191,WABAG-BL,WABAG-BL
15655,ATALREAL-BL,ATALREAL-BL
756914,688PN45-SG,688PN45-SG
755953,8034ABCL34-NE,8034ABCL34-NE
16997,739TS51-SG,739TS51-SG
21339,STEELXIND-EQ,STEELXIND-EQ
24666,734PN32-SG,734PN32-SG
12374,FOSECOIND-BL,FOSECOIND-BL
12232,BAGFILMS-BL,BAGFILMS-BL
29735,GUJTHEM-BL,GUJTHEM-BL
12420,AMBUJACEM-BL,AMBUJACEM-BL
15090,SILVERBETA-BL,SILVERBETA-BL
17397,PREMEXPLN-EQ,PREMEXPLN-EQ
1733,662KA32A-SG,662KA32A-SG
21972,718MP30-SG,718MP30-SG
8334,712JK37-SG,712JK37-SG
6710,PAYTM-BL,PAYTM-BL
13548,HDFC1204RG-MF,HDFC1204RG-MF
30084,726HP35-SG,726HP35-SG
755955,812ABCL28-NG,812ABCL28-NG
11962,MEDANTA-BL,MEDANTA-BL
19621,766AP42-SG,766AP42-SG
15343,SADHNANIQ-EQ,SADHNANIQ-EQ
15071,RELIGARE-BL,RELIGARE-BL
756027,815ANN30-N0,815ANN30-N0
2539,702HR29-SG,702HR29-SG
17906,ABBOTINDIA-BL,ABBOTINDIA-BL
5737,686KL35-SG,686KL35-SG
11396,ZOTA-BL,ZOTA-BL
757051,RAJOOENG-BL,RAJOOENG-BL
703,DICIND-EQ,DICIND-EQ
17119,744TN33A-SG,744TN33A-SG
24476,862HHFL29-N0,862HHFL29-N0
14352,769MP43-SG,769MP43-SG
27152,715OR38-SG,715OR38-SG
28241,713MZ39-SG,713MZ39-SG
30022,73WB39-SG,73WB39-SG
21169,724GJ29-SG,724GJ29-SG
10241,CONFIPET-BL,CONFIPET-BL
241,AAKASH-BL,AAKASH-BL
13594,75HR29-SG,75HR29-SG
19386,OLIL-SM,OLIL-SM
759847,SHILCTECH-EQ,SHILCTECH-EQ
23793,QUESTLAB-SM,QUESTLAB-SM
8575,726HR32-SG,726HR32-SG
10247,782HP32-SG,782HP32-SG
19410,ROSSARI-EQ,ROSSARI-EQ
3701,696KL34-SG,696KL34-SG
30001,722AP34-SG,722AP34-SG
12512,VINNY-BL,VINNY-BL
759329,75AP45-SG,75AP45-SG
